/* OSCLASS MYSQL Autobackup (2020/05/11 12:17 AM) */
/* Table structure for table `oc_t_locale` */
CREATE TABLE IF NOT EXISTS `oc_t_locale` (
  `pk_c_code` char(5) NOT NULL,
  `s_name` varchar(100) NOT NULL,
  `s_short_name` varchar(40) NOT NULL,
  `s_description` varchar(100) NOT NULL,
  `s_version` varchar(20) NOT NULL,
  `s_author_name` varchar(100) NOT NULL,
  `s_author_url` varchar(100) NOT NULL,
  `s_currency_format` varchar(50) NOT NULL,
  `s_dec_point` varchar(2) DEFAULT '.',
  `s_thousands_sep` varchar(2) DEFAULT '',
  `i_num_dec` tinyint(4) DEFAULT '2',
  `s_date_format` varchar(20) NOT NULL,
  `s_stop_words` text,
  `b_enabled` tinyint(1) NOT NULL DEFAULT '1',
  `b_enabled_bo` tinyint(1) NOT NULL DEFAULT '1',
  PRIMARY KEY (`pk_c_code`),
  UNIQUE KEY `s_short_name` (`s_short_name`)
) ENGINE=InnoDB DEFAULT CHARSET=utf8;

/* dumping data for table `oc_t_locale` */
insert into `oc_t_locale` values
('en_US','English (US)','English','American english translation','2.3','Osclass','http://osclass.org/','{NUMBER} {CURRENCY}','.','',2,'m/d/Y','i,a,about,an,are,as,at,be,by,com,for,from,how,in,is,it,of,on,or,that,the,this,to,was,what,when,where,who,will,with,the',0,0),
('ja_JA','日本語','JPN','日本語訳','3.3.00','Osclass','http://osclass.org/','{NUMBER} {CURRENCY}','.',',',0,'Y/m/d','',1,1);

/* Table structure for table `oc_t_country` */
CREATE TABLE IF NOT EXISTS `oc_t_country` (
  `pk_c_code` char(2) NOT NULL,
  `s_name` varchar(80) NOT NULL,
  `s_slug` varchar(80) NOT NULL DEFAULT '',
  PRIMARY KEY (`pk_c_code`),
  KEY `idx_s_slug` (`s_slug`),
  KEY `idx_s_name` (`s_name`)
) ENGINE=InnoDB DEFAULT CHARSET=utf8;

/* dumping data for table `oc_t_country` */
insert into `oc_t_country` values
('JP','Japan','japan');

/* Table structure for table `oc_t_currency` */
CREATE TABLE IF NOT EXISTS `oc_t_currency` (
  `pk_c_code` char(3) NOT NULL,
  `s_name` varchar(40) NOT NULL,
  `s_description` varchar(80) DEFAULT NULL,
  `b_enabled` tinyint(1) NOT NULL DEFAULT '1',
  PRIMARY KEY (`pk_c_code`),
  UNIQUE KEY `s_name` (`s_name`)
) ENGINE=InnoDB DEFAULT CHARSET=utf8;

/* dumping data for table `oc_t_currency` */
insert into `oc_t_currency` values
('JPY','日本円','円',1);

/* Table structure for table `oc_t_region` */
CREATE TABLE IF NOT EXISTS `oc_t_region` (
  `pk_i_id` int(10) unsigned NOT NULL AUTO_INCREMENT,
  `fk_c_country_code` char(2) NOT NULL,
  `s_name` varchar(60) NOT NULL,
  `s_slug` varchar(60) NOT NULL DEFAULT '',
  `b_active` tinyint(1) NOT NULL DEFAULT '1',
  PRIMARY KEY (`pk_i_id`),
  KEY `fk_c_country_code` (`fk_c_country_code`),
  KEY `idx_s_name` (`s_name`),
  KEY `idx_s_slug` (`s_slug`),
  CONSTRAINT `oc_t_region_ibfk_1` FOREIGN KEY (`fk_c_country_code`) REFERENCES `oc_t_country` (`pk_c_code`)
) ENGINE=InnoDB AUTO_INCREMENT=782858 DEFAULT CHARSET=utf8;

/* dumping data for table `oc_t_region` */
insert into `oc_t_region` values
(782811,'jp','鳥取県','%e9%b3%a5%e5%8f%96%e7%9c%8c',1),
(782812,'jp','新潟県','%e6%96%b0%e6%bd%9f%e7%9c%8c',1),
(782813,'jp','滋賀県','%e6%bb%8b%e8%b3%80%e7%9c%8c',1),
(782814,'jp','秋田県','%e7%a7%8b%e7%94%b0%e7%9c%8c',1),
(782815,'jp','神奈川県','%e7%a5%9e%e5%a5%88%e5%b7%9d%e7%9c%8c',1),
(782816,'jp','長野県','%e9%95%b7%e9%87%8e%e7%9c%8c',1),
(782817,'jp','群馬県','%e7%be%a4%e9%a6%ac%e7%9c%8c',1),
(782818,'jp','徳島県','%e5%be%b3%e5%b3%b6%e7%9c%8c',1),
(782819,'jp','大分県','%e5%a4%a7%e5%88%86%e7%9c%8c',1),
(782820,'jp','宮崎県','%e5%ae%ae%e5%b4%8e%e7%9c%8c',1),
(782821,'jp','静岡県','%e9%9d%99%e5%b2%a1%e7%9c%8c',1),
(782822,'jp','奈良県','%e5%a5%88%e8%89%af%e7%9c%8c',1),
(782823,'jp','福岡県','%e7%a6%8f%e5%b2%a1%e7%9c%8c',1),
(782824,'jp','兵庫県','%e5%85%b5%e5%ba%ab%e7%9c%8c',1),
(782825,'jp','福井県','%e7%a6%8f%e4%ba%95%e7%9c%8c',1),
(782826,'jp','千葉県','%e5%8d%83%e8%91%89%e7%9c%8c',1),
(782827,'jp','埼玉県','%e5%9f%bc%e7%8e%89%e7%9c%8c',1),
(782828,'jp','鹿児島県','%e9%b9%bf%e5%85%90%e5%b3%b6%e7%9c%8c',1),
(782829,'jp','石川県','%e7%9f%b3%e5%b7%9d%e7%9c%8c',1),
(782830,'jp','沖縄県','%e6%b2%96%e7%b8%84%e7%9c%8c',1),
(782831,'jp','青森県','%e9%9d%92%e6%a3%ae%e7%9c%8c',1),
(782832,'jp','和歌山県','%e5%92%8c%e6%ad%8c%e5%b1%b1%e7%9c%8c',1),
(782833,'jp','茨城県','%e8%8c%a8%e5%9f%8e%e7%9c%8c',1),
(782834,'jp','宮城県','%e5%ae%ae%e5%9f%8e%e7%9c%8c',1),
(782835,'jp','岩手県','%e5%b2%a9%e6%89%8b%e7%9c%8c',1),
(782836,'jp','山口県','%e5%b1%b1%e5%8f%a3%e7%9c%8c',1),
(782837,'jp','島根県','%e5%b3%b6%e6%a0%b9%e7%9c%8c',1),
(782838,'jp','栃木県','%e6%a0%83%e6%9c%a8%e7%9c%8c',1),
(782839,'jp','福島県','%e7%a6%8f%e5%b3%b6%e7%9c%8c',1),
(782840,'jp','佐賀県','%e4%bd%90%e8%b3%80%e7%9c%8c',1),
(782841,'jp','東京都','%e6%9d%b1%e4%ba%ac%e9%83%bd',1),
(782842,'jp','香川県','%e9%a6%99%e5%b7%9d%e7%9c%8c',1),
(782843,'jp','三重県','%e4%b8%89%e9%87%8d%e7%9c%8c',1),
(782844,'jp','北海道','%e5%8c%97%e6%b5%b7%e9%81%93',1),
(782845,'jp','岡山県','%e5%b2%a1%e5%b1%b1%e7%9c%8c',1),
(782846,'jp','愛知県','%e6%84%9b%e7%9f%a5%e7%9c%8c',1),
(782847,'jp','熊本県','%e7%86%8a%e6%9c%ac%e7%9c%8c',1),
(782848,'jp','山形県','%e5%b1%b1%e5%bd%a2%e7%9c%8c',1),
(782849,'jp','長崎県','%e9%95%b7%e5%b4%8e%e7%9c%8c',1),
(782850,'jp','高知県','%e9%ab%98%e7%9f%a5%e7%9c%8c',1),
(782851,'jp','京都府','%e4%ba%ac%e9%83%bd%e5%ba%9c',1),
(782852,'jp','山梨県','%e5%b1%b1%e6%a2%a8%e7%9c%8c',1),
(782853,'jp','岐阜県','%e5%b2%90%e9%98%9c%e7%9c%8c',1),
(782854,'jp','富山県','%e5%af%8c%e5%b1%b1%e7%9c%8c',1),
(782855,'jp','広島県','%e5%ba%83%e5%b3%b6%e7%9c%8c',1),
(782856,'jp','大阪府','%e5%a4%a7%e9%98%aa%e5%ba%9c',1),
(782857,'jp','愛媛県','%e6%84%9b%e5%aa%9b%e7%9c%8c',1);

/* Table structure for table `oc_t_city` */
CREATE TABLE IF NOT EXISTS `oc_t_city` (
  `pk_i_id` int(10) unsigned NOT NULL AUTO_INCREMENT,
  `fk_i_region_id` int(10) unsigned NOT NULL,
  `s_name` varchar(60) NOT NULL,
  `s_slug` varchar(60) NOT NULL DEFAULT '',
  `fk_c_country_code` char(2) DEFAULT NULL,
  `b_active` tinyint(1) NOT NULL DEFAULT '1',
  PRIMARY KEY (`pk_i_id`),
  KEY `fk_i_region_id` (`fk_i_region_id`),
  KEY `idx_s_name` (`s_name`),
  KEY `idx_s_slug` (`s_slug`),
  KEY `fk_c_country_code` (`fk_c_country_code`),
  CONSTRAINT `oc_t_city_ibfk_1` FOREIGN KEY (`fk_i_region_id`) REFERENCES `oc_t_region` (`pk_i_id`),
  CONSTRAINT `oc_t_city_ibfk_2` FOREIGN KEY (`fk_c_country_code`) REFERENCES `oc_t_country` (`pk_c_code`)
) ENGINE=InnoDB AUTO_INCREMENT=514269 DEFAULT CHARSET=utf8;

/* dumping data for table `oc_t_city` */
insert into `oc_t_city` values
(512363,782811,'鳥取市','%e9%b3%a5%e5%8f%96%e5%b8%82','jp',1),
(512364,782811,'東伯郡北栄町','%e6%9d%b1%e4%bc%af%e9%83%a1%e5%8c%97%e6%a0%84%e7%94%ba','jp',1),
(512365,782811,'西伯郡南部町','%e8%a5%bf%e4%bc%af%e9%83%a1%e5%8d%97%e9%83%a8%e7%94%ba','jp',1),
(512366,782811,'倉吉市','%e5%80%89%e5%90%89%e5%b8%82','jp',1),
(512367,782811,'境港市','%e5%a2%83%e6%b8%af%e5%b8%82','jp',1),
(512368,782811,'八頭郡若桜町','%e5%85%ab%e9%a0%ad%e9%83%a1%e8%8b%a5%e6%a1%9c%e7%94%ba','jp',1),
(512369,782811,'東伯郡琴浦町','%e6%9d%b1%e4%bc%af%e9%83%a1%e7%90%b4%e6%b5%a6%e7%94%ba','jp',1),
(512370,782811,'八頭郡八頭町','%e5%85%ab%e9%a0%ad%e9%83%a1%e5%85%ab%e9%a0%ad%e7%94%ba','jp',1),
(512371,782811,'日野郡江府町','%e6%97%a5%e9%87%8e%e9%83%a1%e6%b1%9f%e5%ba%9c%e7%94%ba','jp',1),
(512372,782811,'八頭郡智頭町','%e5%85%ab%e9%a0%ad%e9%83%a1%e6%99%ba%e9%a0%ad%e7%94%ba','jp',1),
(512373,782811,'西伯郡大山町','%e8%a5%bf%e4%bc%af%e9%83%a1%e5%a4%a7%e5%b1%b1%e7%94%ba','jp',1),
(512374,782811,'東伯郡三朝町','%e6%9d%b1%e4%bc%af%e9%83%a1%e4%b8%89%e6%9c%9d%e7%94%ba','jp',1),
(512375,782811,'西伯郡日吉津村','%e8%a5%bf%e4%bc%af%e9%83%a1%e6%97%a5%e5%90%89%e6%b4%a5%e6%9d','jp',1),
(512376,782811,'日野郡日南町','%e6%97%a5%e9%87%8e%e9%83%a1%e6%97%a5%e5%8d%97%e7%94%ba','jp',1),
(512377,782811,'日野郡日野町','%e6%97%a5%e9%87%8e%e9%83%a1%e6%97%a5%e9%87%8e%e7%94%ba','jp',1),
(512378,782811,'西伯郡伯耆町','%e8%a5%bf%e4%bc%af%e9%83%a1%e4%bc%af%e8%80%86%e7%94%ba','jp',1),
(512379,782811,'米子市','%e7%b1%b3%e5%ad%90%e5%b8%82','jp',1),
(512380,782811,'東伯郡湯梨浜町','%e6%9d%b1%e4%bc%af%e9%83%a1%e6%b9%af%e6%a2%a8%e6%b5%9c%e7%94','jp',1),
(512381,782811,'岩美郡岩美町','%e5%b2%a9%e7%be%8e%e9%83%a1%e5%b2%a9%e7%be%8e%e7%94%ba','jp',1),
(512382,782812,'新潟市西区','%e6%96%b0%e6%bd%9f%e5%b8%82%e8%a5%bf%e5%8c%ba','jp',1),
(512383,782812,'新発田市','%e6%96%b0%e7%99%ba%e7%94%b0%e5%b8%82','jp',1),
(512384,782812,'小千谷市','%e5%b0%8f%e5%8d%83%e8%b0%b7%e5%b8%82','jp',1),
(512385,782812,'十日町市','%e5%8d%81%e6%97%a5%e7%94%ba%e5%b8%82','jp',1),
(512386,782812,'新潟市江南区','%e6%96%b0%e6%bd%9f%e5%b8%82%e6%b1%9f%e5%8d%97%e5%8c%ba','jp',1),
(512387,782812,'五泉市','%e4%ba%94%e6%b3%89%e5%b8%82','jp',1),
(512388,782812,'新潟市秋葉区','%e6%96%b0%e6%bd%9f%e5%b8%82%e7%a7%8b%e8%91%89%e5%8c%ba','jp',1),
(512389,782812,'糸魚川市','%e7%b3%b8%e9%ad%9a%e5%b7%9d%e5%b8%82','jp',1),
(512390,782812,'新潟市北区','%e6%96%b0%e6%bd%9f%e5%b8%82%e5%8c%97%e5%8c%ba','jp',1),
(512391,782812,'佐渡市','%e4%bd%90%e6%b8%a1%e5%b8%82','jp',1),
(512392,782812,'南蒲原郡田上町','%e5%8d%97%e8%92%b2%e5%8e%9f%e9%83%a1%e7%94%b0%e4%b8%8a%e7%94','jp',1),
(512393,782812,'北蒲原郡聖籠町','%e5%8c%97%e8%92%b2%e5%8e%9f%e9%83%a1%e8%81%96%e7%b1%a0%e7%94','jp',1),
(512394,782812,'妙高市','%e5%a6%99%e9%ab%98%e5%b8%82','jp',1),
(512395,782812,'阿賀野市','%e9%98%bf%e8%b3%80%e9%87%8e%e5%b8%82','jp',1),
(512396,782812,'村上市','%e6%9d%91%e4%b8%8a%e5%b8%82','jp',1),
(512397,782812,'岩船郡粟島浦村','%e5%b2%a9%e8%88%b9%e9%83%a1%e7%b2%9f%e5%b3%b6%e6%b5%a6%e6%9d','jp',1),
(512398,782812,'南魚沼市','%e5%8d%97%e9%ad%9a%e6%b2%bc%e5%b8%82','jp',1),
(512399,782812,'三島郡出雲崎町','%e4%b8%89%e5%b3%b6%e9%83%a1%e5%87%ba%e9%9b%b2%e5%b4%8e%e7%94','jp',1),
(512400,782812,'新潟市西蒲区','%e6%96%b0%e6%bd%9f%e5%b8%82%e8%a5%bf%e8%92%b2%e5%8c%ba','jp',1),
(512401,782812,'岩船郡関川村','%e5%b2%a9%e8%88%b9%e9%83%a1%e9%96%a2%e5%b7%9d%e6%9d%91','jp',1),
(512402,782812,'南魚沼郡湯沢町','%e5%8d%97%e9%ad%9a%e6%b2%bc%e9%83%a1%e6%b9%af%e6%b2%a2%e7%94','jp',1),
(512403,782812,'胎内市','%e8%83%8e%e5%86%85%e5%b8%82','jp',1),
(512404,782812,'中魚沼郡津南町','%e4%b8%ad%e9%ad%9a%e6%b2%bc%e9%83%a1%e6%b4%a5%e5%8d%97%e7%94','jp',1),
(512405,782812,'長岡市','%e9%95%b7%e5%b2%a1%e5%b8%82','jp',1),
(512406,782812,'西蒲原郡弥彦村','%e8%a5%bf%e8%92%b2%e5%8e%9f%e9%83%a1%e5%bc%a5%e5%bd%a6%e6%9d','jp',1),
(512407,782812,'見附市','%e8%a6%8b%e9%99%84%e5%b8%82','jp',1),
(512408,782812,'東蒲原郡阿賀町','%e6%9d%b1%e8%92%b2%e5%8e%9f%e9%83%a1%e9%98%bf%e8%b3%80%e7%94','jp',1),
(512409,782812,'加茂市','%e5%8a%a0%e8%8c%82%e5%b8%82','jp',1),
(512410,782812,'魚沼市','%e9%ad%9a%e6%b2%bc%e5%b8%82','jp',1),
(512411,782812,'燕市','%e7%87%95%e5%b8%82','jp',1),
(512412,782812,'上越市','%e4%b8%8a%e8%b6%8a%e5%b8%82','jp',1),
(512413,782812,'柏崎市','%e6%9f%8f%e5%b4%8e%e5%b8%82','jp',1),
(512414,782812,'新潟市南区','%e6%96%b0%e6%bd%9f%e5%b8%82%e5%8d%97%e5%8c%ba','jp',1),
(512415,782812,'新潟市東区','%e6%96%b0%e6%bd%9f%e5%b8%82%e6%9d%b1%e5%8c%ba','jp',1),
(512416,782812,'刈羽郡刈羽村','%e5%88%88%e7%be%bd%e9%83%a1%e5%88%88%e7%be%bd%e6%9d%91','jp',1),
(512417,782812,'新潟市中央区','%e6%96%b0%e6%bd%9f%e5%b8%82%e4%b8%ad%e5%a4%ae%e5%8c%ba','jp',1),
(512418,782812,'三条市','%e4%b8%89%e6%9d%a1%e5%b8%82','jp',1),
(512419,782813,'高島市','%e9%ab%98%e5%b3%b6%e5%b8%82','jp',1),
(512420,782813,'大津市','%e5%a4%a7%e6%b4%a5%e5%b8%82','jp',1),
(512421,782813,'愛知郡愛荘町','%e6%84%9b%e7%9f%a5%e9%83%a1%e6%84%9b%e8%8d%98%e7%94%ba','jp',1),
(512422,782813,'犬上郡甲良町','%e7%8a%ac%e4%b8%8a%e9%83%a1%e7%94%b2%e8%89%af%e7%94%ba','jp',1),
(512423,782813,'米原市','%e7%b1%b3%e5%8e%9f%e5%b8%82','jp',1),
(512424,782813,'甲賀市','%e7%94%b2%e8%b3%80%e5%b8%82','jp',1),
(512425,782813,'野洲市','%e9%87%8e%e6%b4%b2%e5%b8%82','jp',1),
(512426,782813,'近江八幡市','%e8%bf%91%e6%b1%9f%e5%85%ab%e5%b9%a1%e5%b8%82','jp',1),
(512427,782813,'草津市','%e8%8d%89%e6%b4%a5%e5%b8%82','jp',1),
(512428,782813,'栗東市','%e6%a0%97%e6%9d%b1%e5%b8%82','jp',1),
(512429,782813,'長浜市','%e9%95%b7%e6%b5%9c%e5%b8%82','jp',1),
(512430,782813,'犬上郡豊郷町','%e7%8a%ac%e4%b8%8a%e9%83%a1%e8%b1%8a%e9%83%b7%e7%94%ba','jp',1),
(512431,782813,'蒲生郡竜王町','%e8%92%b2%e7%94%9f%e9%83%a1%e7%ab%9c%e7%8e%8b%e7%94%ba','jp',1),
(512432,782813,'蒲生郡日野町','%e8%92%b2%e7%94%9f%e9%83%a1%e6%97%a5%e9%87%8e%e7%94%ba','jp',1),
(512433,782813,'東近江市','%e6%9d%b1%e8%bf%91%e6%b1%9f%e5%b8%82','jp',1),
(512434,782813,'彦根市','%e5%bd%a6%e6%a0%b9%e5%b8%82','jp',1),
(512435,782813,'守山市','%e5%ae%88%e5%b1%b1%e5%b8%82','jp',1),
(512436,782813,'犬上郡多賀町','%e7%8a%ac%e4%b8%8a%e9%83%a1%e5%a4%9a%e8%b3%80%e7%94%ba','jp',1),
(512437,782813,'湖南市','%e6%b9%96%e5%8d%97%e5%b8%82','jp',1),
(512438,782814,'山本郡八峰町','%e5%b1%b1%e6%9c%ac%e9%83%a1%e5%85%ab%e5%b3%b0%e7%94%ba','jp',1),
(512439,782814,'大館市','%e5%a4%a7%e9%a4%a8%e5%b8%82','jp',1),
(512440,782814,'仙北郡美郷町','%e4%bb%99%e5%8c%97%e9%83%a1%e7%be%8e%e9%83%b7%e7%94%ba','jp',1),
(512441,782814,'大仙市','%e5%a4%a7%e4%bb%99%e5%b8%82','jp',1),
(512442,782814,'秋田市','%e7%a7%8b%e7%94%b0%e5%b8%82','jp',1),
(512443,782814,'南秋田郡大潟村','%e5%8d%97%e7%a7%8b%e7%94%b0%e9%83%a1%e5%a4%a7%e6%bd%9f%e6%9d','jp',1),
(512444,782814,'雄勝郡東成瀬村','%e9%9b%84%e5%8b%9d%e9%83%a1%e6%9d%b1%e6%88%90%e7%80%ac%e6%9d','jp',1),
(512445,782814,'北秋田市','%e5%8c%97%e7%a7%8b%e7%94%b0%e5%b8%82','jp',1),
(512446,782814,'北秋田郡上小阿仁村','%e5%8c%97%e7%a7%8b%e7%94%b0%e9%83%a1%e4%b8%8a%e5%b0%8f%e9%98','jp',1),
(512447,782814,'南秋田郡八郎潟町','%e5%8d%97%e7%a7%8b%e7%94%b0%e9%83%a1%e5%85%ab%e9%83%8e%e6%bd','jp',1),
(512448,782814,'山本郡三種町','%e5%b1%b1%e6%9c%ac%e9%83%a1%e4%b8%89%e7%a8%ae%e7%94%ba','jp',1),
(512449,782814,'雄勝郡羽後町','%e9%9b%84%e5%8b%9d%e9%83%a1%e7%be%bd%e5%be%8c%e7%94%ba','jp',1),
(512450,782814,'鹿角郡小坂町','%e9%b9%bf%e8%a7%92%e9%83%a1%e5%b0%8f%e5%9d%82%e7%94%ba','jp',1),
(512451,782814,'能代市','%e8%83%bd%e4%bb%a3%e5%b8%82','jp',1),
(512452,782814,'横手市','%e6%a8%aa%e6%89%8b%e5%b8%82','jp',1),
(512453,782814,'鹿角市','%e9%b9%bf%e8%a7%92%e5%b8%82','jp',1),
(512454,782814,'南秋田郡五城目町','%e5%8d%97%e7%a7%8b%e7%94%b0%e9%83%a1%e4%ba%94%e5%9f%8e%e7%9b','jp',1),
(512455,782814,'山本郡藤里町','%e5%b1%b1%e6%9c%ac%e9%83%a1%e8%97%a4%e9%87%8c%e7%94%ba','jp',1),
(512456,782814,'潟上市','%e6%bd%9f%e4%b8%8a%e5%b8%82','jp',1),
(512457,782814,'男鹿市','%e7%94%b7%e9%b9%bf%e5%b8%82','jp',1),
(512458,782814,'にかほ市','%e3%81%ab%e3%81%8b%e3%81%bb%e5%b8%82','jp',1),
(512459,782814,'由利本荘市','%e7%94%b1%e5%88%a9%e6%9c%ac%e8%8d%98%e5%b8%82','jp',1),
(512460,782814,'仙北市','%e4%bb%99%e5%8c%97%e5%b8%82','jp',1),
(512461,782814,'南秋田郡井川町','%e5%8d%97%e7%a7%8b%e7%94%b0%e9%83%a1%e4%ba%95%e5%b7%9d%e7%94','jp',1),
(512462,782814,'湯沢市','%e6%b9%af%e6%b2%a2%e5%b8%82','jp',1),
(512463,782815,'横浜市栄区','%e6%a8%aa%e6%b5%9c%e5%b8%82%e6%a0%84%e5%8c%ba','jp',1),
(512464,782815,'愛甲郡愛川町','%e6%84%9b%e7%94%b2%e9%83%a1%e6%84%9b%e5%b7%9d%e7%94%ba','jp',1),
(512465,782815,'逗子市','%e9%80%97%e5%ad%90%e5%b8%82','jp',1),
(512466,782815,'横浜市南区','%e6%a8%aa%e6%b5%9c%e5%b8%82%e5%8d%97%e5%8c%ba','jp',1),
(512467,782815,'川崎市宮前区','%e5%b7%9d%e5%b4%8e%e5%b8%82%e5%ae%ae%e5%89%8d%e5%8c%ba','jp',1),
(512468,782815,'鎌倉市','%e9%8e%8c%e5%80%89%e5%b8%82','jp',1),
(512469,782815,'足柄上郡松田町','%e8%b6%b3%e6%9f%84%e4%b8%8a%e9%83%a1%e6%9d%be%e7%94%b0%e7%94','jp',1),
(512470,782815,'横須賀市','%e6%a8%aa%e9%a0%88%e8%b3%80%e5%b8%82','jp',1),
(512471,782815,'足柄上郡大井町','%e8%b6%b3%e6%9f%84%e4%b8%8a%e9%83%a1%e5%a4%a7%e4%ba%95%e7%94','jp',1),
(512472,782815,'平塚市','%e5%b9%b3%e5%a1%9a%e5%b8%82','jp',1),
(512473,782815,'横浜市神奈川区','%e6%a8%aa%e6%b5%9c%e5%b8%82%e7%a5%9e%e5%a5%88%e5%b7%9d%e5%8c','jp',1),
(512474,782815,'南足柄市','%e5%8d%97%e8%b6%b3%e6%9f%84%e5%b8%82','jp',1),
(512475,782815,'横浜市中区','%e6%a8%aa%e6%b5%9c%e5%b8%82%e4%b8%ad%e5%8c%ba','jp',1),
(512476,782815,'愛甲郡清川村','%e6%84%9b%e7%94%b2%e9%83%a1%e6%b8%85%e5%b7%9d%e6%9d%91','jp',1),
(512477,782815,'茅ヶ崎市','%e8%8c%85%e3%83%b6%e5%b4%8e%e5%b8%82','jp',1),
(512478,782815,'横浜市鶴見区','%e6%a8%aa%e6%b5%9c%e5%b8%82%e9%b6%b4%e8%a6%8b%e5%8c%ba','jp',1),
(512479,782815,'三浦郡葉山町','%e4%b8%89%e6%b5%a6%e9%83%a1%e8%91%89%e5%b1%b1%e7%94%ba','jp',1),
(512480,782815,'川崎市中原区','%e5%b7%9d%e5%b4%8e%e5%b8%82%e4%b8%ad%e5%8e%9f%e5%8c%ba','jp',1),
(512481,782815,'横浜市泉区','%e6%a8%aa%e6%b5%9c%e5%b8%82%e6%b3%89%e5%8c%ba','jp',1),
(512482,782815,'川崎市多摩区','%e5%b7%9d%e5%b4%8e%e5%b8%82%e5%a4%9a%e6%91%a9%e5%8c%ba','jp',1),
(512483,782815,'大和市','%e5%a4%a7%e5%92%8c%e5%b8%82','jp',1),
(512484,782815,'横浜市港北区','%e6%a8%aa%e6%b5%9c%e5%b8%82%e6%b8%af%e5%8c%97%e5%8c%ba','jp',1),
(512485,782815,'横浜市青葉区','%e6%a8%aa%e6%b5%9c%e5%b8%82%e9%9d%92%e8%91%89%e5%8c%ba','jp',1),
(512486,782815,'秦野市','%e7%a7%a6%e9%87%8e%e5%b8%82','jp',1),
(512487,782815,'藤沢市','%e8%97%a4%e6%b2%a2%e5%b8%82','jp',1),
(512488,782815,'中郡大磯町','%e4%b8%ad%e9%83%a1%e5%a4%a7%e7%a3%af%e7%94%ba','jp',1),
(512489,782815,'足柄下郡箱根町','%e8%b6%b3%e6%9f%84%e4%b8%8b%e9%83%a1%e7%ae%b1%e6%a0%b9%e7%94','jp',1),
(512490,782815,'横浜市磯子区','%e6%a8%aa%e6%b5%9c%e5%b8%82%e7%a3%af%e5%ad%90%e5%8c%ba','jp',1),
(512491,782815,'横浜市戸塚区','%e6%a8%aa%e6%b5%9c%e5%b8%82%e6%88%b8%e5%a1%9a%e5%8c%ba','jp',1),
(512492,782815,'川崎市麻生区','%e5%b7%9d%e5%b4%8e%e5%b8%82%e9%ba%bb%e7%94%9f%e5%8c%ba','jp',1),
(512493,782815,'足柄上郡中井町','%e8%b6%b3%e6%9f%84%e4%b8%8a%e9%83%a1%e4%b8%ad%e4%ba%95%e7%94','jp',1),
(512494,782815,'横浜市金沢区','%e6%a8%aa%e6%b5%9c%e5%b8%82%e9%87%91%e6%b2%a2%e5%8c%ba','jp',1),
(512495,782815,'横浜市都筑区','%e6%a8%aa%e6%b5%9c%e5%b8%82%e9%83%bd%e7%ad%91%e5%8c%ba','jp',1),
(512496,782815,'相模原市南区','%e7%9b%b8%e6%a8%a1%e5%8e%9f%e5%b8%82%e5%8d%97%e5%8c%ba','jp',1),
(512497,782815,'横浜市緑区','%e6%a8%aa%e6%b5%9c%e5%b8%82%e7%b7%91%e5%8c%ba','jp',1),
(512498,782815,'足柄上郡開成町','%e8%b6%b3%e6%9f%84%e4%b8%8a%e9%83%a1%e9%96%8b%e6%88%90%e7%94','jp',1),
(512499,782815,'川崎市幸区','%e5%b7%9d%e5%b4%8e%e5%b8%82%e5%b9%b8%e5%8c%ba','jp',1),
(512500,782815,'中郡二宮町','%e4%b8%ad%e9%83%a1%e4%ba%8c%e5%ae%ae%e7%94%ba','jp',1),
(512501,782815,'足柄下郡真鶴町','%e8%b6%b3%e6%9f%84%e4%b8%8b%e9%83%a1%e7%9c%9f%e9%b6%b4%e7%94','jp',1),
(512502,782815,'相模原市緑区','%e7%9b%b8%e6%a8%a1%e5%8e%9f%e5%b8%82%e7%b7%91%e5%8c%ba','jp',1),
(512503,782815,'横浜市保土ケ谷区','%e6%a8%aa%e6%b5%9c%e5%b8%82%e4%bf%9d%e5%9c%9f%e3%82%b1%e8%b0','jp',1),
(512504,782815,'座間市','%e5%ba%a7%e9%96%93%e5%b8%82','jp',1),
(512505,782815,'足柄下郡湯河原町','%e8%b6%b3%e6%9f%84%e4%b8%8b%e9%83%a1%e6%b9%af%e6%b2%b3%e5%8e','jp',1),
(512506,782815,'横浜市旭区','%e6%a8%aa%e6%b5%9c%e5%b8%82%e6%97%ad%e5%8c%ba','jp',1),
(512507,782815,'伊勢原市','%e4%bc%8a%e5%8b%a2%e5%8e%9f%e5%b8%82','jp',1),
(512508,782815,'綾瀬市','%e7%b6%be%e7%80%ac%e5%b8%82','jp',1),
(512509,782815,'厚木市','%e5%8e%9a%e6%9c%a8%e5%b8%82','jp',1),
(512510,782815,'横浜市西区','%e6%a8%aa%e6%b5%9c%e5%b8%82%e8%a5%bf%e5%8c%ba','jp',1),
(512511,782815,'三浦市','%e4%b8%89%e6%b5%a6%e5%b8%82','jp',1),
(512512,782815,'小田原市','%e5%b0%8f%e7%94%b0%e5%8e%9f%e5%b8%82','jp',1),
(512513,782815,'高座郡寒川町','%e9%ab%98%e5%ba%a7%e9%83%a1%e5%af%92%e5%b7%9d%e7%94%ba','jp',1),
(512514,782815,'相模原市中央区','%e7%9b%b8%e6%a8%a1%e5%8e%9f%e5%b8%82%e4%b8%ad%e5%a4%ae%e5%8c','jp',1),
(512515,782815,'横浜市瀬谷区','%e6%a8%aa%e6%b5%9c%e5%b8%82%e7%80%ac%e8%b0%b7%e5%8c%ba','jp',1),
(512516,782815,'海老名市','%e6%b5%b7%e8%80%81%e5%90%8d%e5%b8%82','jp',1),
(512517,782815,'横浜市港南区','%e6%a8%aa%e6%b5%9c%e5%b8%82%e6%b8%af%e5%8d%97%e5%8c%ba','jp',1),
(512518,782815,'足柄上郡山北町','%e8%b6%b3%e6%9f%84%e4%b8%8a%e9%83%a1%e5%b1%b1%e5%8c%97%e7%94','jp',1),
(512519,782815,'川崎市高津区','%e5%b7%9d%e5%b4%8e%e5%b8%82%e9%ab%98%e6%b4%a5%e5%8c%ba','jp',1),
(512520,782815,'川崎市川崎区','%e5%b7%9d%e5%b4%8e%e5%b8%82%e5%b7%9d%e5%b4%8e%e5%8c%ba','jp',1),
(512521,782816,'東筑摩郡筑北村','%e6%9d%b1%e7%ad%91%e6%91%a9%e9%83%a1%e7%ad%91%e5%8c%97%e6%9d','jp',1),
(512522,782816,'下伊那郡泰阜村','%e4%b8%8b%e4%bc%8a%e9%82%a3%e9%83%a1%e6%b3%b0%e9%98%9c%e6%9d','jp',1),
(512523,782816,'諏訪郡原村','%e8%ab%8f%e8%a8%aa%e9%83%a1%e5%8e%9f%e6%9d%91','jp',1),
(512524,782816,'南佐久郡南相木村','%e5%8d%97%e4%bd%90%e4%b9%85%e9%83%a1%e5%8d%97%e7%9b%b8%e6%9c','jp',1),
(512525,782816,'北安曇郡松川村','%e5%8c%97%e5%ae%89%e6%9b%87%e9%83%a1%e6%9d%be%e5%b7%9d%e6%9d','jp',1),
(512526,782816,'下伊那郡下條村','%e4%b8%8b%e4%bc%8a%e9%82%a3%e9%83%a1%e4%b8%8b%e6%a2%9d%e6%9d','jp',1),
(512527,782816,'木曽郡南木曽町','%e6%9c%a8%e6%9b%bd%e9%83%a1%e5%8d%97%e6%9c%a8%e6%9b%bd%e7%94','jp',1),
(512528,782816,'南佐久郡佐久穂町','%e5%8d%97%e4%bd%90%e4%b9%85%e9%83%a1%e4%bd%90%e4%b9%85%e7%a9','jp',1),
(512529,782816,'茅野市','%e8%8c%85%e9%87%8e%e5%b8%82','jp',1),
(512530,782816,'上水内郡信濃町','%e4%b8%8a%e6%b0%b4%e5%86%85%e9%83%a1%e4%bf%a1%e6%bf%83%e7%94','jp',1),
(512531,782816,'塩尻市','%e5%a1%a9%e5%b0%bb%e5%b8%82','jp',1),
(512532,782816,'北安曇郡池田町','%e5%8c%97%e5%ae%89%e6%9b%87%e9%83%a1%e6%b1%a0%e7%94%b0%e7%94','jp',1),
(512533,782816,'東筑摩郡麻績村','%e6%9d%b1%e7%ad%91%e6%91%a9%e9%83%a1%e9%ba%bb%e7%b8%be%e6%9d','jp',1),
(512534,782816,'北佐久郡御代田町','%e5%8c%97%e4%bd%90%e4%b9%85%e9%83%a1%e5%be%a1%e4%bb%a3%e7%94','jp',1),
(512535,782816,'安曇野市','%e5%ae%89%e6%9b%87%e9%87%8e%e5%b8%82','jp',1),
(512536,782816,'東筑摩郡朝日村','%e6%9d%b1%e7%ad%91%e6%91%a9%e9%83%a1%e6%9c%9d%e6%97%a5%e6%9d','jp',1),
(512537,782816,'下伊那郡阿南町','%e4%b8%8b%e4%bc%8a%e9%82%a3%e9%83%a1%e9%98%bf%e5%8d%97%e7%94','jp',1),
(512538,782816,'東御市','%e6%9d%b1%e5%be%a1%e5%b8%82','jp',1),
(512539,782816,'下伊那郡喬木村','%e4%b8%8b%e4%bc%8a%e9%82%a3%e9%83%a1%e5%96%ac%e6%9c%a8%e6%9d','jp',1),
(512540,782816,'上伊那郡辰野町','%e4%b8%8a%e4%bc%8a%e9%82%a3%e9%83%a1%e8%be%b0%e9%87%8e%e7%94','jp',1),
(512541,782816,'岡谷市','%e5%b2%a1%e8%b0%b7%e5%b8%82','jp',1),
(512542,782816,'南佐久郡川上村','%e5%8d%97%e4%bd%90%e4%b9%85%e9%83%a1%e5%b7%9d%e4%b8%8a%e6%9d','jp',1),
(512543,782816,'下高井郡木島平村','%e4%b8%8b%e9%ab%98%e4%ba%95%e9%83%a1%e6%9c%a8%e5%b3%b6%e5%b9','jp',1),
(512544,782816,'千曲市','%e5%8d%83%e6%9b%b2%e5%b8%82','jp',1),
(512545,782816,'北安曇郡白馬村','%e5%8c%97%e5%ae%89%e6%9b%87%e9%83%a1%e7%99%bd%e9%a6%ac%e6%9d','jp',1),
(512546,782816,'上高井郡高山村','%e4%b8%8a%e9%ab%98%e4%ba%95%e9%83%a1%e9%ab%98%e5%b1%b1%e6%9d','jp',1),
(512547,782816,'下伊那郡阿智村','%e4%b8%8b%e4%bc%8a%e9%82%a3%e9%83%a1%e9%98%bf%e6%99%ba%e6%9d','jp',1),
(512548,782816,'下伊那郡根羽村','%e4%b8%8b%e4%bc%8a%e9%82%a3%e9%83%a1%e6%a0%b9%e7%be%bd%e6%9d','jp',1),
(512549,782816,'上水内郡飯綱町','%e4%b8%8a%e6%b0%b4%e5%86%85%e9%83%a1%e9%a3%af%e7%b6%b1%e7%94','jp',1),
(512550,782816,'下伊那郡平谷村','%e4%b8%8b%e4%bc%8a%e9%82%a3%e9%83%a1%e5%b9%b3%e8%b0%b7%e6%9d','jp',1),
(512551,782816,'上伊那郡南箕輪村','%e4%b8%8a%e4%bc%8a%e9%82%a3%e9%83%a1%e5%8d%97%e7%ae%95%e8%bc','jp',1),
(512552,782816,'上田市','%e4%b8%8a%e7%94%b0%e5%b8%82','jp',1),
(512553,782816,'木曽郡上松町','%e6%9c%a8%e6%9b%bd%e9%83%a1%e4%b8%8a%e6%9d%be%e7%94%ba','jp',1),
(512554,782816,'東筑摩郡生坂村','%e6%9d%b1%e7%ad%91%e6%91%a9%e9%83%a1%e7%94%9f%e5%9d%82%e6%9d','jp',1),
(512555,782816,'下高井郡山ノ内町','%e4%b8%8b%e9%ab%98%e4%ba%95%e9%83%a1%e5%b1%b1%e3%83%8e%e5%86','jp',1),
(512556,782816,'南佐久郡小海町','%e5%8d%97%e4%bd%90%e4%b9%85%e9%83%a1%e5%b0%8f%e6%b5%b7%e7%94','jp',1),
(512557,782816,'南佐久郡北相木村','%e5%8d%97%e4%bd%90%e4%b9%85%e9%83%a1%e5%8c%97%e7%9b%b8%e6%9c','jp',1),
(512558,782816,'上伊那郡宮田村','%e4%b8%8a%e4%bc%8a%e9%82%a3%e9%83%a1%e5%ae%ae%e7%94%b0%e6%9d','jp',1),
(512559,782816,'木曽郡王滝村','%e6%9c%a8%e6%9b%bd%e9%83%a1%e7%8e%8b%e6%bb%9d%e6%9d%91','jp',1),
(512560,782816,'南佐久郡南牧村','%e5%8d%97%e4%bd%90%e4%b9%85%e9%83%a1%e5%8d%97%e7%89%a7%e6%9d','jp',1),
(512561,782816,'東筑摩郡山形村','%e6%9d%b1%e7%ad%91%e6%91%a9%e9%83%a1%e5%b1%b1%e5%bd%a2%e6%9d','jp',1),
(512562,782816,'下伊那郡天龍村','%e4%b8%8b%e4%bc%8a%e9%82%a3%e9%83%a1%e5%a4%a9%e9%be%8d%e6%9d','jp',1),
(512563,782816,'下伊那郡松川町','%e4%b8%8b%e4%bc%8a%e9%82%a3%e9%83%a1%e6%9d%be%e5%b7%9d%e7%94','jp',1),
(512564,782816,'上水内郡小川村','%e4%b8%8a%e6%b0%b4%e5%86%85%e9%83%a1%e5%b0%8f%e5%b7%9d%e6%9d','jp',1),
(512565,782816,'諏訪郡下諏訪町','%e8%ab%8f%e8%a8%aa%e9%83%a1%e4%b8%8b%e8%ab%8f%e8%a8%aa%e7%94','jp',1),
(512566,782816,'北安曇郡小谷村','%e5%8c%97%e5%ae%89%e6%9b%87%e9%83%a1%e5%b0%8f%e8%b0%b7%e6%9d','jp',1),
(512567,782816,'木曽郡大桑村','%e6%9c%a8%e6%9b%bd%e9%83%a1%e5%a4%a7%e6%a1%91%e6%9d%91','jp',1),
(512568,782816,'下高井郡野沢温泉村','%e4%b8%8b%e9%ab%98%e4%ba%95%e9%83%a1%e9%87%8e%e6%b2%a2%e6%b8','jp',1),
(512569,782816,'下伊那郡売木村','%e4%b8%8b%e4%bc%8a%e9%82%a3%e9%83%a1%e5%a3%b2%e6%9c%a8%e6%9d','jp',1),
(512570,782816,'木曽郡木曽町','%e6%9c%a8%e6%9b%bd%e9%83%a1%e6%9c%a8%e6%9b%bd%e7%94%ba','jp',1),
(512571,782816,'埴科郡坂城町','%e5%9f%b4%e7%a7%91%e9%83%a1%e5%9d%82%e5%9f%8e%e7%94%ba','jp',1),
(512572,782816,'小県郡青木村','%e5%b0%8f%e7%9c%8c%e9%83%a1%e9%9d%92%e6%9c%a8%e6%9d%91','jp',1),
(512573,782816,'上伊那郡箕輪町','%e4%b8%8a%e4%bc%8a%e9%82%a3%e9%83%a1%e7%ae%95%e8%bc%aa%e7%94','jp',1),
(512574,782816,'小県郡長和町','%e5%b0%8f%e7%9c%8c%e9%83%a1%e9%95%b7%e5%92%8c%e7%94%ba','jp',1),
(512575,782816,'上高井郡小布施町','%e4%b8%8a%e9%ab%98%e4%ba%95%e9%83%a1%e5%b0%8f%e5%b8%83%e6%96','jp',1),
(512576,782816,'長野市','%e9%95%b7%e9%87%8e%e5%b8%82','jp',1),
(512577,782816,'諏訪郡富士見町','%e8%ab%8f%e8%a8%aa%e9%83%a1%e5%af%8c%e5%a3%ab%e8%a6%8b%e7%94','jp',1),
(512578,782816,'上伊那郡中川村','%e4%b8%8a%e4%bc%8a%e9%82%a3%e9%83%a1%e4%b8%ad%e5%b7%9d%e6%9d','jp',1),
(512579,782816,'上伊那郡飯島町','%e4%b8%8a%e4%bc%8a%e9%82%a3%e9%83%a1%e9%a3%af%e5%b3%b6%e7%94','jp',1),
(512580,782816,'木曽郡木祖村','%e6%9c%a8%e6%9b%bd%e9%83%a1%e6%9c%a8%e7%a5%96%e6%9d%91','jp',1),
(512581,782816,'北佐久郡立科町','%e5%8c%97%e4%bd%90%e4%b9%85%e9%83%a1%e7%ab%8b%e7%a7%91%e7%94','jp',1),
(512582,782816,'諏訪市','%e8%ab%8f%e8%a8%aa%e5%b8%82','jp',1),
(512583,782816,'大町市','%e5%a4%a7%e7%94%ba%e5%b8%82','jp',1),
(512584,782816,'中野市','%e4%b8%ad%e9%87%8e%e5%b8%82','jp',1),
(512585,782816,'北佐久郡軽井沢町','%e5%8c%97%e4%bd%90%e4%b9%85%e9%83%a1%e8%bb%bd%e4%ba%95%e6%b2','jp',1),
(512586,782816,'松本市','%e6%9d%be%e6%9c%ac%e5%b8%82','jp',1),
(512587,782816,'飯田市','%e9%a3%af%e7%94%b0%e5%b8%82','jp',1),
(512588,782816,'下伊那郡大鹿村','%e4%b8%8b%e4%bc%8a%e9%82%a3%e9%83%a1%e5%a4%a7%e9%b9%bf%e6%9d','jp',1),
(512589,782816,'下水内郡栄村','%e4%b8%8b%e6%b0%b4%e5%86%85%e9%83%a1%e6%a0%84%e6%9d%91','jp',1),
(512590,782816,'飯山市','%e9%a3%af%e5%b1%b1%e5%b8%82','jp',1),
(512591,782816,'須坂市','%e9%a0%88%e5%9d%82%e5%b8%82','jp',1),
(512592,782816,'駒ヶ根市','%e9%a7%92%e3%83%b6%e6%a0%b9%e5%b8%82','jp',1),
(512593,782816,'下伊那郡高森町','%e4%b8%8b%e4%bc%8a%e9%82%a3%e9%83%a1%e9%ab%98%e6%a3%ae%e7%94','jp',1),
(512594,782816,'小諸市','%e5%b0%8f%e8%ab%b8%e5%b8%82','jp',1),
(512595,782816,'下伊那郡豊丘村','%e4%b8%8b%e4%bc%8a%e9%82%a3%e9%83%a1%e8%b1%8a%e4%b8%98%e6%9d','jp',1),
(512596,782816,'佐久市','%e4%bd%90%e4%b9%85%e5%b8%82','jp',1),
(512597,782816,'伊那市','%e4%bc%8a%e9%82%a3%e5%b8%82','jp',1),
(512598,782817,'伊勢崎市','%e4%bc%8a%e5%8b%a2%e5%b4%8e%e5%b8%82','jp',1),
(512599,782817,'北群馬郡榛東村','%e5%8c%97%e7%be%a4%e9%a6%ac%e9%83%a1%e6%a6%9b%e6%9d%b1%e6%9d','jp',1),
(512600,782817,'邑楽郡明和町','%e9%82%91%e6%a5%bd%e9%83%a1%e6%98%8e%e5%92%8c%e7%94%ba','jp',1),
(512601,782817,'多野郡上野村','%e5%a4%9a%e9%87%8e%e9%83%a1%e4%b8%8a%e9%87%8e%e6%9d%91','jp',1),
(512602,782817,'吾妻郡嬬恋村','%e5%90%be%e5%a6%bb%e9%83%a1%e5%ac%ac%e6%81%8b%e6%9d%91','jp',1),
(512603,782817,'みどり市','%e3%81%bf%e3%81%a9%e3%82%8a%e5%b8%82','jp',1),
(512604,782817,'高崎市','%e9%ab%98%e5%b4%8e%e5%b8%82','jp',1),
(512605,782817,'太田市','%e5%a4%aa%e7%94%b0%e5%b8%82','jp',1),
(512606,782817,'吾妻郡長野原町','%e5%90%be%e5%a6%bb%e9%83%a1%e9%95%b7%e9%87%8e%e5%8e%9f%e7%94','jp',1),
(512607,782817,'前橋市','%e5%89%8d%e6%a9%8b%e5%b8%82','jp',1),
(512608,782817,'館林市','%e9%a4%a8%e6%9e%97%e5%b8%82','jp',1),
(512609,782817,'富岡市','%e5%af%8c%e5%b2%a1%e5%b8%82','jp',1),
(512610,782817,'多野郡神流町','%e5%a4%9a%e9%87%8e%e9%83%a1%e7%a5%9e%e6%b5%81%e7%94%ba','jp',1),
(512611,782817,'利根郡川場村','%e5%88%a9%e6%a0%b9%e9%83%a1%e5%b7%9d%e5%a0%b4%e6%9d%91','jp',1),
(512612,782817,'利根郡片品村','%e5%88%a9%e6%a0%b9%e9%83%a1%e7%89%87%e5%93%81%e6%9d%91','jp',1),
(512613,782817,'桐生市','%e6%a1%90%e7%94%9f%e5%b8%82','jp',1),
(512614,782817,'吾妻郡高山村','%e5%90%be%e5%a6%bb%e9%83%a1%e9%ab%98%e5%b1%b1%e6%9d%91','jp',1),
(512615,782817,'邑楽郡邑楽町','%e9%82%91%e6%a5%bd%e9%83%a1%e9%82%91%e6%a5%bd%e7%94%ba','jp',1),
(512616,782817,'佐波郡玉村町','%e4%bd%90%e6%b3%a2%e9%83%a1%e7%8e%89%e6%9d%91%e7%94%ba','jp',1),
(512617,782817,'安中市','%e5%ae%89%e4%b8%ad%e5%b8%82','jp',1),
(512618,782817,'渋川市','%e6%b8%8b%e5%b7%9d%e5%b8%82','jp',1),
(512619,782817,'邑楽郡大泉町','%e9%82%91%e6%a5%bd%e9%83%a1%e5%a4%a7%e6%b3%89%e7%94%ba','jp',1),
(512620,782817,'邑楽郡板倉町','%e9%82%91%e6%a5%bd%e9%83%a1%e6%9d%bf%e5%80%89%e7%94%ba','jp',1),
(512621,782817,'利根郡昭和村','%e5%88%a9%e6%a0%b9%e9%83%a1%e6%98%ad%e5%92%8c%e6%9d%91','jp',1),
(512622,782817,'藤岡市','%e8%97%a4%e5%b2%a1%e5%b8%82','jp',1),
(512623,782817,'甘楽郡下仁田町','%e7%94%98%e6%a5%bd%e9%83%a1%e4%b8%8b%e4%bb%81%e7%94%b0%e7%94','jp',1),
(512624,782817,'沼田市','%e6%b2%bc%e7%94%b0%e5%b8%82','jp',1),
(512625,782817,'甘楽郡南牧村','%e7%94%98%e6%a5%bd%e9%83%a1%e5%8d%97%e7%89%a7%e6%9d%91','jp',1),
(512626,782817,'吾妻郡草津町','%e5%90%be%e5%a6%bb%e9%83%a1%e8%8d%89%e6%b4%a5%e7%94%ba','jp',1),
(512627,782817,'吾妻郡中之条町','%e5%90%be%e5%a6%bb%e9%83%a1%e4%b8%ad%e4%b9%8b%e6%9d%a1%e7%94','jp',1),
(512628,782817,'甘楽郡甘楽町','%e7%94%98%e6%a5%bd%e9%83%a1%e7%94%98%e6%a5%bd%e7%94%ba','jp',1),
(512629,782817,'邑楽郡千代田町','%e9%82%91%e6%a5%bd%e9%83%a1%e5%8d%83%e4%bb%a3%e7%94%b0%e7%94','jp',1),
(512630,782817,'吾妻郡東吾妻町','%e5%90%be%e5%a6%bb%e9%83%a1%e6%9d%b1%e5%90%be%e5%a6%bb%e7%94','jp',1),
(512631,782817,'北群馬郡吉岡町','%e5%8c%97%e7%be%a4%e9%a6%ac%e9%83%a1%e5%90%89%e5%b2%a1%e7%94','jp',1),
(512632,782817,'利根郡みなかみ町','%e5%88%a9%e6%a0%b9%e9%83%a1%e3%81%bf%e3%81%aa%e3%81%8b%e3%81','jp',1),
(512633,782818,'徳島市','%e5%be%b3%e5%b3%b6%e5%b8%82','jp',1),
(512634,782818,'阿南市','%e9%98%bf%e5%8d%97%e5%b8%82','jp',1),
(512635,782818,'板野郡松茂町','%e6%9d%bf%e9%87%8e%e9%83%a1%e6%9d%be%e8%8c%82%e7%94%ba','jp',1),
(512636,782818,'美馬郡つるぎ町','%e7%be%8e%e9%a6%ac%e9%83%a1%e3%81%a4%e3%82%8b%e3%81%8e%e7%94','jp',1),
(512637,782818,'那賀郡那賀町','%e9%82%a3%e8%b3%80%e9%83%a1%e9%82%a3%e8%b3%80%e7%94%ba','jp',1),
(512638,782818,'三好郡東みよし町','%e4%b8%89%e5%a5%bd%e9%83%a1%e6%9d%b1%e3%81%bf%e3%82%88%e3%81','jp',1),
(512639,782818,'板野郡板野町','%e6%9d%bf%e9%87%8e%e9%83%a1%e6%9d%bf%e9%87%8e%e7%94%ba','jp',1),
(512640,782818,'名東郡佐那河内村','%e5%90%8d%e6%9d%b1%e9%83%a1%e4%bd%90%e9%82%a3%e6%b2%b3%e5%86','jp',1),
(512641,782818,'鳴門市','%e9%b3%b4%e9%96%80%e5%b8%82','jp',1),
(512642,782818,'吉野川市','%e5%90%89%e9%87%8e%e5%b7%9d%e5%b8%82','jp',1),
(512643,782818,'海部郡牟岐町','%e6%b5%b7%e9%83%a8%e9%83%a1%e7%89%9f%e5%b2%90%e7%94%ba','jp',1),
(512644,782818,'板野郡北島町','%e6%9d%bf%e9%87%8e%e9%83%a1%e5%8c%97%e5%b3%b6%e7%94%ba','jp',1),
(512645,782818,'海部郡美波町','%e6%b5%b7%e9%83%a8%e9%83%a1%e7%be%8e%e6%b3%a2%e7%94%ba','jp',1),
(512646,782818,'名西郡石井町','%e5%90%8d%e8%a5%bf%e9%83%a1%e7%9f%b3%e4%ba%95%e7%94%ba','jp',1),
(512647,782818,'三好市','%e4%b8%89%e5%a5%bd%e5%b8%82','jp',1),
(512648,782818,'名西郡神山町','%e5%90%8d%e8%a5%bf%e9%83%a1%e7%a5%9e%e5%b1%b1%e7%94%ba','jp',1),
(512649,782818,'勝浦郡勝浦町','%e5%8b%9d%e6%b5%a6%e9%83%a1%e5%8b%9d%e6%b5%a6%e7%94%ba','jp',1),
(512650,782818,'海部郡海陽町','%e6%b5%b7%e9%83%a8%e9%83%a1%e6%b5%b7%e9%99%bd%e7%94%ba','jp',1),
(512651,782818,'阿波市','%e9%98%bf%e6%b3%a2%e5%b8%82','jp',1),
(512652,782818,'小松島市','%e5%b0%8f%e6%9d%be%e5%b3%b6%e5%b8%82','jp',1),
(512653,782818,'勝浦郡上勝町','%e5%8b%9d%e6%b5%a6%e9%83%a1%e4%b8%8a%e5%8b%9d%e7%94%ba','jp',1),
(512654,782818,'美馬市','%e7%be%8e%e9%a6%ac%e5%b8%82','jp',1),
(512655,782818,'板野郡藍住町','%e6%9d%bf%e9%87%8e%e9%83%a1%e8%97%8d%e4%bd%8f%e7%94%ba','jp',1),
(512656,782818,'板野郡上板町','%e6%9d%bf%e9%87%8e%e9%83%a1%e4%b8%8a%e6%9d%bf%e7%94%ba','jp',1),
(512657,782819,'中津市','%e4%b8%ad%e6%b4%a5%e5%b8%82','jp',1),
(512658,782819,'宇佐市','%e5%ae%87%e4%bd%90%e5%b8%82','jp',1),
(512659,782819,'佐伯市','%e4%bd%90%e4%bc%af%e5%b8%82','jp',1),
(512660,782819,'速見郡日出町','%e9%80%9f%e8%a6%8b%e9%83%a1%e6%97%a5%e5%87%ba%e7%94%ba','jp',1),
(512661,782819,'豊後高田市','%e8%b1%8a%e5%be%8c%e9%ab%98%e7%94%b0%e5%b8%82','jp',1),
(512662,782819,'玖珠郡玖珠町','%e7%8e%96%e7%8f%a0%e9%83%a1%e7%8e%96%e7%8f%a0%e7%94%ba','jp',1),
(512663,782819,'杵築市','%e6%9d%b5%e7%af%89%e5%b8%82','jp',1),
(512664,782819,'東国東郡姫島村','%e6%9d%b1%e5%9b%bd%e6%9d%b1%e9%83%a1%e5%a7%ab%e5%b3%b6%e6%9d','jp',1),
(512665,782819,'由布市','%e7%94%b1%e5%b8%83%e5%b8%82','jp',1),
(512666,782819,'別府市','%e5%88%a5%e5%ba%9c%e5%b8%82','jp',1),
(512667,782819,'竹田市','%e7%ab%b9%e7%94%b0%e5%b8%82','jp',1),
(512668,782819,'日田市','%e6%97%a5%e7%94%b0%e5%b8%82','jp',1),
(512669,782819,'玖珠郡九重町','%e7%8e%96%e7%8f%a0%e9%83%a1%e4%b9%9d%e9%87%8d%e7%94%ba','jp',1),
(512670,782819,'国東市','%e5%9b%bd%e6%9d%b1%e5%b8%82','jp',1),
(512671,782819,'大分市','%e5%a4%a7%e5%88%86%e5%b8%82','jp',1),
(512672,782819,'豊後大野市','%e8%b1%8a%e5%be%8c%e5%a4%a7%e9%87%8e%e5%b8%82','jp',1),
(512673,782819,'津久見市','%e6%b4%a5%e4%b9%85%e8%a6%8b%e5%b8%82','jp',1),
(512674,782819,'臼杵市','%e8%87%bc%e6%9d%b5%e5%b8%82','jp',1),
(512675,782820,'西臼杵郡日之影町','%e8%a5%bf%e8%87%bc%e6%9d%b5%e9%83%a1%e6%97%a5%e4%b9%8b%e5%bd','jp',1),
(512676,782820,'児湯郡高鍋町','%e5%85%90%e6%b9%af%e9%83%a1%e9%ab%98%e9%8d%8b%e7%94%ba','jp',1),
(512677,782820,'えびの市','%e3%81%88%e3%81%b3%e3%81%ae%e5%b8%82','jp',1),
(512678,782820,'日南市','%e6%97%a5%e5%8d%97%e5%b8%82','jp',1),
(512679,782820,'東諸県郡綾町','%e6%9d%b1%e8%ab%b8%e7%9c%8c%e9%83%a1%e7%b6%be%e7%94%ba','jp',1),
(512680,782820,'日向市','%e6%97%a5%e5%90%91%e5%b8%82','jp',1),
(512681,782820,'東臼杵郡諸塚村','%e6%9d%b1%e8%87%bc%e6%9d%b5%e9%83%a1%e8%ab%b8%e5%a1%9a%e6%9d','jp',1),
(512682,782820,'西臼杵郡高千穂町','%e8%a5%bf%e8%87%bc%e6%9d%b5%e9%83%a1%e9%ab%98%e5%8d%83%e7%a9','jp',1),
(512683,782820,'東臼杵郡門川町','%e6%9d%b1%e8%87%bc%e6%9d%b5%e9%83%a1%e9%96%80%e5%b7%9d%e7%94','jp',1),
(512684,782820,'児湯郡新富町','%e5%85%90%e6%b9%af%e9%83%a1%e6%96%b0%e5%af%8c%e7%94%ba','jp',1),
(512685,782820,'北諸県郡三股町','%e5%8c%97%e8%ab%b8%e7%9c%8c%e9%83%a1%e4%b8%89%e8%82%a1%e7%94','jp',1),
(512686,782820,'小林市','%e5%b0%8f%e6%9e%97%e5%b8%82','jp',1),
(512687,782820,'延岡市','%e5%bb%b6%e5%b2%a1%e5%b8%82','jp',1),
(512688,782820,'西都市','%e8%a5%bf%e9%83%bd%e5%b8%82','jp',1),
(512689,782820,'宮崎市','%e5%ae%ae%e5%b4%8e%e5%b8%82','jp',1),
(512690,782820,'都城市','%e9%83%bd%e5%9f%8e%e5%b8%82','jp',1),
(512691,782820,'東諸県郡国富町','%e6%9d%b1%e8%ab%b8%e7%9c%8c%e9%83%a1%e5%9b%bd%e5%af%8c%e7%94','jp',1),
(512692,782820,'東臼杵郡椎葉村','%e6%9d%b1%e8%87%bc%e6%9d%b5%e9%83%a1%e6%a4%8e%e8%91%89%e6%9d','jp',1),
(512693,782820,'西諸県郡高原町','%e8%a5%bf%e8%ab%b8%e7%9c%8c%e9%83%a1%e9%ab%98%e5%8e%9f%e7%94','jp',1),
(512694,782820,'児湯郡都農町','%e5%85%90%e6%b9%af%e9%83%a1%e9%83%bd%e8%be%b2%e7%94%ba','jp',1),
(512695,782820,'西臼杵郡五ヶ瀬町','%e8%a5%bf%e8%87%bc%e6%9d%b5%e9%83%a1%e4%ba%94%e3%83%b6%e7%80','jp',1),
(512696,782820,'串間市','%e4%b8%b2%e9%96%93%e5%b8%82','jp',1),
(512697,782820,'東臼杵郡美郷町','%e6%9d%b1%e8%87%bc%e6%9d%b5%e9%83%a1%e7%be%8e%e9%83%b7%e7%94','jp',1),
(512698,782820,'児湯郡西米良村','%e5%85%90%e6%b9%af%e9%83%a1%e8%a5%bf%e7%b1%b3%e8%89%af%e6%9d','jp',1),
(512699,782820,'児湯郡木城町','%e5%85%90%e6%b9%af%e9%83%a1%e6%9c%a8%e5%9f%8e%e7%94%ba','jp',1),
(512700,782820,'児湯郡川南町','%e5%85%90%e6%b9%af%e9%83%a1%e5%b7%9d%e5%8d%97%e7%94%ba','jp',1),
(512701,782821,'熱海市','%e7%86%b1%e6%b5%b7%e5%b8%82','jp',1),
(512702,782821,'焼津市','%e7%84%bc%e6%b4%a5%e5%b8%82','jp',1),
(512703,782821,'賀茂郡東伊豆町','%e8%b3%80%e8%8c%82%e9%83%a1%e6%9d%b1%e4%bc%8a%e8%b1%86%e7%94','jp',1),
(512704,782821,'駿東郡清水町','%e9%a7%bf%e6%9d%b1%e9%83%a1%e6%b8%85%e6%b0%b4%e7%94%ba','jp',1),
(512705,782821,'島田市','%e5%b3%b6%e7%94%b0%e5%b8%82','jp',1),
(512706,782821,'伊豆市','%e4%bc%8a%e8%b1%86%e5%b8%82','jp',1),
(512707,782821,'静岡市葵区','%e9%9d%99%e5%b2%a1%e5%b8%82%e8%91%b5%e5%8c%ba','jp',1),
(512708,782821,'富士市','%e5%af%8c%e5%a3%ab%e5%b8%82','jp',1),
(512709,782821,'下田市','%e4%b8%8b%e7%94%b0%e5%b8%82','jp',1),
(512710,782821,'袋井市','%e8%a2%8b%e4%ba%95%e5%b8%82','jp',1),
(512711,782821,'富士宮市','%e5%af%8c%e5%a3%ab%e5%ae%ae%e5%b8%82','jp',1),
(512712,782821,'静岡市駿河区','%e9%9d%99%e5%b2%a1%e5%b8%82%e9%a7%bf%e6%b2%b3%e5%8c%ba','jp',1),
(512713,782821,'駿東郡小山町','%e9%a7%bf%e6%9d%b1%e9%83%a1%e5%b0%8f%e5%b1%b1%e7%94%ba','jp',1),
(512714,782821,'浜松市天竜区','%e6%b5%9c%e6%9d%be%e5%b8%82%e5%a4%a9%e7%ab%9c%e5%8c%ba','jp',1),
(512715,782821,'御殿場市','%e5%be%a1%e6%ae%bf%e5%a0%b4%e5%b8%82','jp',1),
(512716,782821,'駿東郡長泉町','%e9%a7%bf%e6%9d%b1%e9%83%a1%e9%95%b7%e6%b3%89%e7%94%ba','jp',1),
(512717,782821,'伊豆の国市','%e4%bc%8a%e8%b1%86%e3%81%ae%e5%9b%bd%e5%b8%82','jp',1),
(512718,782821,'三島市','%e4%b8%89%e5%b3%b6%e5%b8%82','jp',1),
(512719,782821,'賀茂郡西伊豆町','%e8%b3%80%e8%8c%82%e9%83%a1%e8%a5%bf%e4%bc%8a%e8%b1%86%e7%94','jp',1),
(512720,782821,'浜松市中区','%e6%b5%9c%e6%9d%be%e5%b8%82%e4%b8%ad%e5%8c%ba','jp',1),
(512721,782821,'榛原郡川根本町','%e6%a6%9b%e5%8e%9f%e9%83%a1%e5%b7%9d%e6%a0%b9%e6%9c%ac%e7%94','jp',1),
(512722,782821,'浜松市南区','%e6%b5%9c%e6%9d%be%e5%b8%82%e5%8d%97%e5%8c%ba','jp',1),
(512723,782821,'湖西市','%e6%b9%96%e8%a5%bf%e5%b8%82','jp',1),
(512724,782821,'掛川市','%e6%8e%9b%e5%b7%9d%e5%b8%82','jp',1),
(512725,782821,'御前崎市','%e5%be%a1%e5%89%8d%e5%b4%8e%e5%b8%82','jp',1),
(512726,782821,'賀茂郡松崎町','%e8%b3%80%e8%8c%82%e9%83%a1%e6%9d%be%e5%b4%8e%e7%94%ba','jp',1),
(512727,782821,'田方郡函南町','%e7%94%b0%e6%96%b9%e9%83%a1%e5%87%bd%e5%8d%97%e7%94%ba','jp',1),
(512728,782821,'榛原郡吉田町','%e6%a6%9b%e5%8e%9f%e9%83%a1%e5%90%89%e7%94%b0%e7%94%ba','jp',1),
(512729,782821,'賀茂郡河津町','%e8%b3%80%e8%8c%82%e9%83%a1%e6%b2%b3%e6%b4%a5%e7%94%ba','jp',1),
(512730,782821,'浜松市西区','%e6%b5%9c%e6%9d%be%e5%b8%82%e8%a5%bf%e5%8c%ba','jp',1),
(512731,782821,'磐田市','%e7%a3%90%e7%94%b0%e5%b8%82','jp',1),
(512732,782821,'浜松市東区','%e6%b5%9c%e6%9d%be%e5%b8%82%e6%9d%b1%e5%8c%ba','jp',1),
(512733,782821,'藤枝市','%e8%97%a4%e6%9e%9d%e5%b8%82','jp',1),
(512734,782821,'沼津市','%e6%b2%bc%e6%b4%a5%e5%b8%82','jp',1),
(512735,782821,'浜松市浜北区','%e6%b5%9c%e6%9d%be%e5%b8%82%e6%b5%9c%e5%8c%97%e5%8c%ba','jp',1),
(512736,782821,'伊東市','%e4%bc%8a%e6%9d%b1%e5%b8%82','jp',1),
(512737,782821,'裾野市','%e8%a3%be%e9%87%8e%e5%b8%82','jp',1),
(512738,782821,'賀茂郡南伊豆町','%e8%b3%80%e8%8c%82%e9%83%a1%e5%8d%97%e4%bc%8a%e8%b1%86%e7%94','jp',1),
(512739,782821,'浜松市北区','%e6%b5%9c%e6%9d%be%e5%b8%82%e5%8c%97%e5%8c%ba','jp',1),
(512740,782821,'周智郡森町','%e5%91%a8%e6%99%ba%e9%83%a1%e6%a3%ae%e7%94%ba','jp',1),
(512741,782821,'牧之原市','%e7%89%a7%e4%b9%8b%e5%8e%9f%e5%b8%82','jp',1),
(512742,782821,'静岡市清水区','%e9%9d%99%e5%b2%a1%e5%b8%82%e6%b8%85%e6%b0%b4%e5%8c%ba','jp',1),
(512743,782821,'菊川市','%e8%8f%8a%e5%b7%9d%e5%b8%82','jp',1),
(512744,782822,'吉野郡天川村','%e5%90%89%e9%87%8e%e9%83%a1%e5%a4%a9%e5%b7%9d%e6%9d%91','jp',1),
(512745,782822,'生駒郡安堵町','%e7%94%9f%e9%a7%92%e9%83%a1%e5%ae%89%e5%a0%b5%e7%94%ba','jp',1),
(512746,782822,'北葛城郡王寺町','%e5%8c%97%e8%91%9b%e5%9f%8e%e9%83%a1%e7%8e%8b%e5%af%ba%e7%94','jp',1),
(512747,782822,'吉野郡下市町','%e5%90%89%e9%87%8e%e9%83%a1%e4%b8%8b%e5%b8%82%e7%94%ba','jp',1),
(512748,782822,'吉野郡下北山村','%e5%90%89%e9%87%8e%e9%83%a1%e4%b8%8b%e5%8c%97%e5%b1%b1%e6%9d','jp',1),
(512749,782822,'磯城郡田原本町','%e7%a3%af%e5%9f%8e%e9%83%a1%e7%94%b0%e5%8e%9f%e6%9c%ac%e7%94','jp',1),
(512750,782822,'北葛城郡河合町','%e5%8c%97%e8%91%9b%e5%9f%8e%e9%83%a1%e6%b2%b3%e5%90%88%e7%94','jp',1),
(512751,782822,'奈良市','%e5%a5%88%e8%89%af%e5%b8%82','jp',1),
(512752,782822,'生駒郡斑鳩町','%e7%94%9f%e9%a7%92%e9%83%a1%e6%96%91%e9%b3%a9%e7%94%ba','jp',1),
(512753,782822,'吉野郡上北山村','%e5%90%89%e9%87%8e%e9%83%a1%e4%b8%8a%e5%8c%97%e5%b1%b1%e6%9d','jp',1),
(512754,782822,'吉野郡吉野町','%e5%90%89%e9%87%8e%e9%83%a1%e5%90%89%e9%87%8e%e7%94%ba','jp',1),
(512755,782822,'天理市','%e5%a4%a9%e7%90%86%e5%b8%82','jp',1),
(512756,782822,'宇陀郡御杖村','%e5%ae%87%e9%99%80%e9%83%a1%e5%be%a1%e6%9d%96%e6%9d%91','jp',1),
(512757,782822,'吉野郡野迫川村','%e5%90%89%e9%87%8e%e9%83%a1%e9%87%8e%e8%bf%ab%e5%b7%9d%e6%9d','jp',1),
(512758,782822,'生駒郡平群町','%e7%94%9f%e9%a7%92%e9%83%a1%e5%b9%b3%e7%be%a4%e7%94%ba','jp',1),
(512759,782822,'五條市','%e4%ba%94%e6%a2%9d%e5%b8%82','jp',1),
(512760,782822,'葛城市','%e8%91%9b%e5%9f%8e%e5%b8%82','jp',1),
(512761,782822,'吉野郡大淀町','%e5%90%89%e9%87%8e%e9%83%a1%e5%a4%a7%e6%b7%80%e7%94%ba','jp',1),
(512762,782822,'生駒郡三郷町','%e7%94%9f%e9%a7%92%e9%83%a1%e4%b8%89%e9%83%b7%e7%94%ba','jp',1),
(512763,782822,'橿原市','%e6%a9%bf%e5%8e%9f%e5%b8%82','jp',1),
(512764,782822,'高市郡高取町','%e9%ab%98%e5%b8%82%e9%83%a1%e9%ab%98%e5%8f%96%e7%94%ba','jp',1),
(512765,782822,'生駒市','%e7%94%9f%e9%a7%92%e5%b8%82','jp',1),
(512766,782822,'香芝市','%e9%a6%99%e8%8a%9d%e5%b8%82','jp',1),
(512767,782822,'桜井市','%e6%a1%9c%e4%ba%95%e5%b8%82','jp',1),
(512768,782822,'吉野郡黒滝村','%e5%90%89%e9%87%8e%e9%83%a1%e9%bb%92%e6%bb%9d%e6%9d%91','jp',1),
(512769,782822,'吉野郡東吉野村','%e5%90%89%e9%87%8e%e9%83%a1%e6%9d%b1%e5%90%89%e9%87%8e%e6%9d','jp',1),
(512770,782822,'磯城郡三宅町','%e7%a3%af%e5%9f%8e%e9%83%a1%e4%b8%89%e5%ae%85%e7%94%ba','jp',1),
(512771,782822,'北葛城郡広陵町','%e5%8c%97%e8%91%9b%e5%9f%8e%e9%83%a1%e5%ba%83%e9%99%b5%e7%94','jp',1),
(512772,782822,'大和郡山市','%e5%a4%a7%e5%92%8c%e9%83%a1%e5%b1%b1%e5%b8%82','jp',1),
(512773,782822,'吉野郡川上村','%e5%90%89%e9%87%8e%e9%83%a1%e5%b7%9d%e4%b8%8a%e6%9d%91','jp',1),
(512774,782822,'大和高田市','%e5%a4%a7%e5%92%8c%e9%ab%98%e7%94%b0%e5%b8%82','jp',1),
(512775,782822,'宇陀市','%e5%ae%87%e9%99%80%e5%b8%82','jp',1),
(512776,782822,'山辺郡山添村','%e5%b1%b1%e8%be%ba%e9%83%a1%e5%b1%b1%e6%b7%bb%e6%9d%91','jp',1),
(512777,782822,'高市郡明日香村','%e9%ab%98%e5%b8%82%e9%83%a1%e6%98%8e%e6%97%a5%e9%a6%99%e6%9d','jp',1),
(512778,782822,'北葛城郡上牧町','%e5%8c%97%e8%91%9b%e5%9f%8e%e9%83%a1%e4%b8%8a%e7%89%a7%e7%94','jp',1),
(512779,782822,'御所市','%e5%be%a1%e6%89%80%e5%b8%82','jp',1),
(512780,782822,'磯城郡川西町','%e7%a3%af%e5%9f%8e%e9%83%a1%e5%b7%9d%e8%a5%bf%e7%94%ba','jp',1),
(512781,782822,'宇陀郡曽爾村','%e5%ae%87%e9%99%80%e9%83%a1%e6%9b%bd%e7%88%be%e6%9d%91','jp',1),
(512782,782822,'吉野郡十津川村','%e5%90%89%e9%87%8e%e9%83%a1%e5%8d%81%e6%b4%a5%e5%b7%9d%e6%9d','jp',1),
(512783,782823,'糟屋郡新宮町','%e7%b3%9f%e5%b1%8b%e9%83%a1%e6%96%b0%e5%ae%ae%e7%94%ba','jp',1),
(512784,782823,'宗像市','%e5%ae%97%e5%83%8f%e5%b8%82','jp',1),
(512785,782823,'築上郡上毛町','%e7%af%89%e4%b8%8a%e9%83%a1%e4%b8%8a%e6%af%9b%e7%94%ba','jp',1),
(512786,782823,'みやま市','%e3%81%bf%e3%82%84%e3%81%be%e5%b8%82','jp',1),
(512787,782823,'古賀市','%e5%8f%a4%e8%b3%80%e5%b8%82','jp',1),
(512788,782823,'田川郡福智町','%e7%94%b0%e5%b7%9d%e9%83%a1%e7%a6%8f%e6%99%ba%e7%94%ba','jp',1),
(512789,782823,'築上郡築上町','%e7%af%89%e4%b8%8a%e9%83%a1%e7%af%89%e4%b8%8a%e7%94%ba','jp',1),
(512790,782823,'春日市','%e6%98%a5%e6%97%a5%e5%b8%82','jp',1),
(512791,782823,'北九州市若松区','%e5%8c%97%e4%b9%9d%e5%b7%9e%e5%b8%82%e8%8b%a5%e6%9d%be%e5%8c','jp',1),
(512792,782823,'柳川市','%e6%9f%b3%e5%b7%9d%e5%b8%82','jp',1),
(512793,782823,'八女郡広川町','%e5%85%ab%e5%a5%b3%e9%83%a1%e5%ba%83%e5%b7%9d%e7%94%ba','jp',1),
(512794,782823,'三潴郡大木町','%e4%b8%89%e6%bd%b4%e9%83%a1%e5%a4%a7%e6%9c%a8%e7%94%ba','jp',1),
(512795,782823,'田川郡川崎町','%e7%94%b0%e5%b7%9d%e9%83%a1%e5%b7%9d%e5%b4%8e%e7%94%ba','jp',1),
(512796,782823,'豊前市','%e8%b1%8a%e5%89%8d%e5%b8%82','jp',1),
(512797,782823,'直方市','%e7%9b%b4%e6%96%b9%e5%b8%82','jp',1),
(512798,782823,'筑後市','%e7%ad%91%e5%be%8c%e5%b8%82','jp',1),
(512799,782823,'糟屋郡宇美町','%e7%b3%9f%e5%b1%8b%e9%83%a1%e5%ae%87%e7%be%8e%e7%94%ba','jp',1),
(512800,782823,'福岡市博多区','%e7%a6%8f%e5%b2%a1%e5%b8%82%e5%8d%9a%e5%a4%9a%e5%8c%ba','jp',1),
(512801,782823,'築上郡吉富町','%e7%af%89%e4%b8%8a%e9%83%a1%e5%90%89%e5%af%8c%e7%94%ba','jp',1),
(512802,782823,'中間市','%e4%b8%ad%e9%96%93%e5%b8%82','jp',1),
(512803,782823,'八女市','%e5%85%ab%e5%a5%b3%e5%b8%82','jp',1),
(512804,782823,'遠賀郡岡垣町','%e9%81%a0%e8%b3%80%e9%83%a1%e5%b2%a1%e5%9e%a3%e7%94%ba','jp',1),
(512805,782823,'朝倉市','%e6%9c%9d%e5%80%89%e5%b8%82','jp',1),
(512806,782823,'北九州市八幡西区','%e5%8c%97%e4%b9%9d%e5%b7%9e%e5%b8%82%e5%85%ab%e5%b9%a1%e8%a5','jp',1),
(512807,782823,'筑紫郡那珂川町','%e7%ad%91%e7%b4%ab%e9%83%a1%e9%82%a3%e7%8f%82%e5%b7%9d%e7%94','jp',1),
(512808,782823,'三井郡大刀洗町','%e4%b8%89%e4%ba%95%e9%83%a1%e5%a4%a7%e5%88%80%e6%b4%97%e7%94','jp',1),
(512809,782823,'嘉穂郡桂川町','%e5%98%89%e7%a9%82%e9%83%a1%e6%a1%82%e5%b7%9d%e7%94%ba','jp',1),
(512810,782823,'遠賀郡水巻町','%e9%81%a0%e8%b3%80%e9%83%a1%e6%b0%b4%e5%b7%bb%e7%94%ba','jp',1),
(512811,782823,'嘉麻市','%e5%98%89%e9%ba%bb%e5%b8%82','jp',1),
(512812,782823,'糟屋郡篠栗町','%e7%b3%9f%e5%b1%8b%e9%83%a1%e7%af%a0%e6%a0%97%e7%94%ba','jp',1),
(512813,782823,'福岡市中央区','%e7%a6%8f%e5%b2%a1%e5%b8%82%e4%b8%ad%e5%a4%ae%e5%8c%ba','jp',1),
(512814,782823,'太宰府市','%e5%a4%aa%e5%ae%b0%e5%ba%9c%e5%b8%82','jp',1),
(512815,782823,'福岡市城南区','%e7%a6%8f%e5%b2%a1%e5%b8%82%e5%9f%8e%e5%8d%97%e5%8c%ba','jp',1),
(512816,782823,'北九州市小倉南区','%e5%8c%97%e4%b9%9d%e5%b7%9e%e5%b8%82%e5%b0%8f%e5%80%89%e5%8d','jp',1),
(512817,782823,'大野城市','%e5%a4%a7%e9%87%8e%e5%9f%8e%e5%b8%82','jp',1),
(512818,782823,'小郡市','%e5%b0%8f%e9%83%a1%e5%b8%82','jp',1),
(512819,782823,'鞍手郡小竹町','%e9%9e%8d%e6%89%8b%e9%83%a1%e5%b0%8f%e7%ab%b9%e7%94%ba','jp',1),
(512820,782823,'朝倉郡筑前町','%e6%9c%9d%e5%80%89%e9%83%a1%e7%ad%91%e5%89%8d%e7%94%ba','jp',1),
(512821,782823,'久留米市','%e4%b9%85%e7%95%99%e7%b1%b3%e5%b8%82','jp',1),
(512822,782823,'田川郡赤村','%e7%94%b0%e5%b7%9d%e9%83%a1%e8%b5%a4%e6%9d%91','jp',1),
(512823,782823,'糟屋郡粕屋町','%e7%b3%9f%e5%b1%8b%e9%83%a1%e7%b2%95%e5%b1%8b%e7%94%ba','jp',1),
(512824,782823,'朝倉郡東峰村','%e6%9c%9d%e5%80%89%e9%83%a1%e6%9d%b1%e5%b3%b0%e6%9d%91','jp',1),
(512825,782823,'田川郡大任町','%e7%94%b0%e5%b7%9d%e9%83%a1%e5%a4%a7%e4%bb%bb%e7%94%ba','jp',1),
(512826,782823,'北九州市小倉北区','%e5%8c%97%e4%b9%9d%e5%b7%9e%e5%b8%82%e5%b0%8f%e5%80%89%e5%8c','jp',1),
(512827,782823,'北九州市戸畑区','%e5%8c%97%e4%b9%9d%e5%b7%9e%e5%b8%82%e6%88%b8%e7%95%91%e5%8c','jp',1),
(512828,782823,'田川郡添田町','%e7%94%b0%e5%b7%9d%e9%83%a1%e6%b7%bb%e7%94%b0%e7%94%ba','jp',1),
(512829,782823,'筑紫野市','%e7%ad%91%e7%b4%ab%e9%87%8e%e5%b8%82','jp',1),
(512830,782823,'田川郡香春町','%e7%94%b0%e5%b7%9d%e9%83%a1%e9%a6%99%e6%98%a5%e7%94%ba','jp',1),
(512831,782823,'遠賀郡遠賀町','%e9%81%a0%e8%b3%80%e9%83%a1%e9%81%a0%e8%b3%80%e7%94%ba','jp',1),
(512832,782823,'糸島市','%e7%b3%b8%e5%b3%b6%e5%b8%82','jp',1),
(512833,782823,'京都郡みやこ町','%e4%ba%ac%e9%83%bd%e9%83%a1%e3%81%bf%e3%82%84%e3%81%93%e7%94','jp',1),
(512834,782823,'糟屋郡久山町','%e7%b3%9f%e5%b1%8b%e9%83%a1%e4%b9%85%e5%b1%b1%e7%94%ba','jp',1),
(512835,782823,'宮若市','%e5%ae%ae%e8%8b%a5%e5%b8%82','jp',1),
(512836,782823,'鞍手郡鞍手町','%e9%9e%8d%e6%89%8b%e9%83%a1%e9%9e%8d%e6%89%8b%e7%94%ba','jp',1),
(512837,782823,'京都郡苅田町','%e4%ba%ac%e9%83%bd%e9%83%a1%e8%8b%85%e7%94%b0%e7%94%ba','jp',1),
(512838,782823,'糟屋郡須惠町','%e7%b3%9f%e5%b1%8b%e9%83%a1%e9%a0%88%e6%83%a0%e7%94%ba','jp',1),
(512839,782823,'福岡市東区','%e7%a6%8f%e5%b2%a1%e5%b8%82%e6%9d%b1%e5%8c%ba','jp',1),
(512840,782823,'北九州市八幡東区','%e5%8c%97%e4%b9%9d%e5%b7%9e%e5%b8%82%e5%85%ab%e5%b9%a1%e6%9d','jp',1),
(512841,782823,'行橋市','%e8%a1%8c%e6%a9%8b%e5%b8%82','jp',1),
(512842,782823,'飯塚市','%e9%a3%af%e5%a1%9a%e5%b8%82','jp',1),
(512843,782823,'大牟田市','%e5%a4%a7%e7%89%9f%e7%94%b0%e5%b8%82','jp',1),
(512844,782823,'福岡市南区','%e7%a6%8f%e5%b2%a1%e5%b8%82%e5%8d%97%e5%8c%ba','jp',1),
(512845,782823,'福津市','%e7%a6%8f%e6%b4%a5%e5%b8%82','jp',1),
(512846,782823,'田川市','%e7%94%b0%e5%b7%9d%e5%b8%82','jp',1),
(512847,782823,'福岡市西区','%e7%a6%8f%e5%b2%a1%e5%b8%82%e8%a5%bf%e5%8c%ba','jp',1),
(512848,782823,'福岡市早良区','%e7%a6%8f%e5%b2%a1%e5%b8%82%e6%97%a9%e8%89%af%e5%8c%ba','jp',1),
(512849,782823,'大川市','%e5%a4%a7%e5%b7%9d%e5%b8%82','jp',1),
(512850,782823,'糟屋郡志免町','%e7%b3%9f%e5%b1%8b%e9%83%a1%e5%bf%97%e5%85%8d%e7%94%ba','jp',1),
(512851,782823,'遠賀郡芦屋町','%e9%81%a0%e8%b3%80%e9%83%a1%e8%8a%a6%e5%b1%8b%e7%94%ba','jp',1),
(512852,782823,'田川郡糸田町','%e7%94%b0%e5%b7%9d%e9%83%a1%e7%b3%b8%e7%94%b0%e7%94%ba','jp',1),
(512853,782823,'うきは市','%e3%81%86%e3%81%8d%e3%81%af%e5%b8%82','jp',1),
(512854,782823,'北九州市門司区','%e5%8c%97%e4%b9%9d%e5%b7%9e%e5%b8%82%e9%96%80%e5%8f%b8%e5%8c','jp',1),
(512855,782824,'丹波市','%e4%b8%b9%e6%b3%a2%e5%b8%82','jp',1),
(512856,782824,'明石市','%e6%98%8e%e7%9f%b3%e5%b8%82','jp',1),
(512857,782824,'三田市','%e4%b8%89%e7%94%b0%e5%b8%82','jp',1),
(512858,782824,'神戸市灘区','%e7%a5%9e%e6%88%b8%e5%b8%82%e7%81%98%e5%8c%ba','jp',1),
(512859,782824,'神戸市北区','%e7%a5%9e%e6%88%b8%e5%b8%82%e5%8c%97%e5%8c%ba','jp',1),
(512860,782824,'淡路市','%e6%b7%a1%e8%b7%af%e5%b8%82','jp',1),
(512861,782824,'神戸市西区','%e7%a5%9e%e6%88%b8%e5%b8%82%e8%a5%bf%e5%8c%ba','jp',1),
(512862,782824,'美方郡新温泉町','%e7%be%8e%e6%96%b9%e9%83%a1%e6%96%b0%e6%b8%a9%e6%b3%89%e7%94','jp',1),
(512863,782824,'小野市','%e5%b0%8f%e9%87%8e%e5%b8%82','jp',1),
(512864,782824,'多可郡多可町','%e5%a4%9a%e5%8f%af%e9%83%a1%e5%a4%9a%e5%8f%af%e7%94%ba','jp',1),
(512865,782824,'加西市','%e5%8a%a0%e8%a5%bf%e5%b8%82','jp',1),
(512866,782824,'伊丹市','%e4%bc%8a%e4%b8%b9%e5%b8%82','jp',1),
(512867,782824,'西宮市','%e8%a5%bf%e5%ae%ae%e5%b8%82','jp',1),
(512868,782824,'洲本市','%e6%b4%b2%e6%9c%ac%e5%b8%82','jp',1),
(512869,782824,'赤穂郡上郡町','%e8%b5%a4%e7%a9%82%e9%83%a1%e4%b8%8a%e9%83%a1%e7%94%ba','jp',1),
(512870,782824,'西脇市','%e8%a5%bf%e8%84%87%e5%b8%82','jp',1),
(512871,782824,'たつの市','%e3%81%9f%e3%81%a4%e3%81%ae%e5%b8%82','jp',1),
(512872,782824,'尼崎市','%e5%b0%bc%e5%b4%8e%e5%b8%82','jp',1),
(512873,782824,'美方郡香美町','%e7%be%8e%e6%96%b9%e9%83%a1%e9%a6%99%e7%be%8e%e7%94%ba','jp',1),
(512874,782824,'加古川市','%e5%8a%a0%e5%8f%a4%e5%b7%9d%e5%b8%82','jp',1),
(512875,782824,'加古郡播磨町','%e5%8a%a0%e5%8f%a4%e9%83%a1%e6%92%ad%e7%a3%a8%e7%94%ba','jp',1),
(512876,782824,'三木市','%e4%b8%89%e6%9c%a8%e5%b8%82','jp',1),
(512877,782824,'神崎郡福崎町','%e7%a5%9e%e5%b4%8e%e9%83%a1%e7%a6%8f%e5%b4%8e%e7%94%ba','jp',1),
(512878,782824,'赤穂市','%e8%b5%a4%e7%a9%82%e5%b8%82','jp',1),
(512879,782824,'川西市','%e5%b7%9d%e8%a5%bf%e5%b8%82','jp',1),
(512880,782824,'揖保郡太子町','%e6%8f%96%e4%bf%9d%e9%83%a1%e5%a4%aa%e5%ad%90%e7%94%ba','jp',1),
(512881,782824,'神戸市垂水区','%e7%a5%9e%e6%88%b8%e5%b8%82%e5%9e%82%e6%b0%b4%e5%8c%ba','jp',1),
(512882,782824,'神戸市東灘区','%e7%a5%9e%e6%88%b8%e5%b8%82%e6%9d%b1%e7%81%98%e5%8c%ba','jp',1),
(512883,782824,'豊岡市','%e8%b1%8a%e5%b2%a1%e5%b8%82','jp',1),
(512884,782824,'神崎郡神河町','%e7%a5%9e%e5%b4%8e%e9%83%a1%e7%a5%9e%e6%b2%b3%e7%94%ba','jp',1),
(512885,782824,'神戸市長田区','%e7%a5%9e%e6%88%b8%e5%b8%82%e9%95%b7%e7%94%b0%e5%8c%ba','jp',1),
(512886,782824,'高砂市','%e9%ab%98%e7%a0%82%e5%b8%82','jp',1),
(512887,782824,'相生市','%e7%9b%b8%e7%94%9f%e5%b8%82','jp',1),
(512888,782824,'南あわじ市','%e5%8d%97%e3%81%82%e3%82%8f%e3%81%98%e5%b8%82','jp',1),
(512889,782824,'芦屋市','%e8%8a%a6%e5%b1%8b%e5%b8%82','jp',1),
(512890,782824,'神戸市須磨区','%e7%a5%9e%e6%88%b8%e5%b8%82%e9%a0%88%e7%a3%a8%e5%8c%ba','jp',1),
(512891,782824,'佐用郡佐用町','%e4%bd%90%e7%94%a8%e9%83%a1%e4%bd%90%e7%94%a8%e7%94%ba','jp',1),
(512892,782824,'篠山市','%e7%af%a0%e5%b1%b1%e5%b8%82','jp',1),
(512893,782824,'神崎郡市川町','%e7%a5%9e%e5%b4%8e%e9%83%a1%e5%b8%82%e5%b7%9d%e7%94%ba','jp',1),
(512894,782824,'神戸市中央区','%e7%a5%9e%e6%88%b8%e5%b8%82%e4%b8%ad%e5%a4%ae%e5%8c%ba','jp',1),
(512895,782824,'加東市','%e5%8a%a0%e6%9d%b1%e5%b8%82','jp',1),
(512896,782824,'宍粟市','%e5%ae%8d%e7%b2%9f%e5%b8%82','jp',1),
(512897,782824,'朝来市','%e6%9c%9d%e6%9d%a5%e5%b8%82','jp',1),
(512898,782824,'川辺郡猪名川町','%e5%b7%9d%e8%be%ba%e9%83%a1%e7%8c%aa%e5%90%8d%e5%b7%9d%e7%94','jp',1),
(512899,782824,'神戸市兵庫区','%e7%a5%9e%e6%88%b8%e5%b8%82%e5%85%b5%e5%ba%ab%e5%8c%ba','jp',1),
(512900,782824,'宝塚市','%e5%ae%9d%e5%a1%9a%e5%b8%82','jp',1),
(512901,782824,'加古郡稲美町','%e5%8a%a0%e5%8f%a4%e9%83%a1%e7%a8%b2%e7%be%8e%e7%94%ba','jp',1),
(512902,782824,'養父市','%e9%a4%8a%e7%88%b6%e5%b8%82','jp',1),
(512903,782824,'姫路市','%e5%a7%ab%e8%b7%af%e5%b8%82','jp',1),
(512904,782825,'南条郡南越前町','%e5%8d%97%e6%9d%a1%e9%83%a1%e5%8d%97%e8%b6%8a%e5%89%8d%e7%94','jp',1),
(512905,782825,'あわら市','%e3%81%82%e3%82%8f%e3%82%89%e5%b8%82','jp',1),
(512906,782825,'吉田郡永平寺町','%e5%90%89%e7%94%b0%e9%83%a1%e6%b0%b8%e5%b9%b3%e5%af%ba%e7%94','jp',1),
(512907,782825,'勝山市','%e5%8b%9d%e5%b1%b1%e5%b8%82','jp',1),
(512908,782825,'今立郡池田町','%e4%bb%8a%e7%ab%8b%e9%83%a1%e6%b1%a0%e7%94%b0%e7%94%ba','jp',1),
(512909,782825,'大飯郡高浜町','%e5%a4%a7%e9%a3%af%e9%83%a1%e9%ab%98%e6%b5%9c%e7%94%ba','jp',1),
(512910,782825,'大飯郡おおい町','%e5%a4%a7%e9%a3%af%e9%83%a1%e3%81%8a%e3%81%8a%e3%81%84%e7%94','jp',1),
(512911,782825,'敦賀市','%e6%95%a6%e8%b3%80%e5%b8%82','jp',1),
(512912,782825,'小浜市','%e5%b0%8f%e6%b5%9c%e5%b8%82','jp',1),
(512913,782825,'福井市','%e7%a6%8f%e4%ba%95%e5%b8%82','jp',1),
(512914,782825,'鯖江市','%e9%af%96%e6%b1%9f%e5%b8%82','jp',1),
(512915,782825,'丹生郡越前町','%e4%b8%b9%e7%94%9f%e9%83%a1%e8%b6%8a%e5%89%8d%e7%94%ba','jp',1),
(512916,782825,'大野市','%e5%a4%a7%e9%87%8e%e5%b8%82','jp',1),
(512917,782825,'越前市','%e8%b6%8a%e5%89%8d%e5%b8%82','jp',1),
(512918,782825,'三方郡美浜町','%e4%b8%89%e6%96%b9%e9%83%a1%e7%be%8e%e6%b5%9c%e7%94%ba','jp',1),
(512919,782825,'三方上中郡若狭町','%e4%b8%89%e6%96%b9%e4%b8%8a%e4%b8%ad%e9%83%a1%e8%8b%a5%e7%8b','jp',1),
(512920,782825,'坂井市','%e5%9d%82%e4%ba%95%e5%b8%82','jp',1),
(512921,782826,'長生郡長南町','%e9%95%b7%e7%94%9f%e9%83%a1%e9%95%b7%e5%8d%97%e7%94%ba','jp',1),
(512922,782826,'袖ケ浦市','%e8%a2%96%e3%82%b1%e6%b5%a6%e5%b8%82','jp',1),
(512923,782826,'木更津市','%e6%9c%a8%e6%9b%b4%e6%b4%a5%e5%b8%82','jp',1),
(512924,782826,'印旛郡酒々井町','%e5%8d%b0%e6%97%9b%e9%83%a1%e9%85%92%e3%80%85%e4%ba%95%e7%94','jp',1),
(512925,782826,'千葉市中央区','%e5%8d%83%e8%91%89%e5%b8%82%e4%b8%ad%e5%a4%ae%e5%8c%ba','jp',1),
(512926,782826,'市川市','%e5%b8%82%e5%b7%9d%e5%b8%82','jp',1),
(512927,782826,'香取郡多古町','%e9%a6%99%e5%8f%96%e9%83%a1%e5%a4%9a%e5%8f%a4%e7%94%ba','jp',1),
(512928,782826,'夷隅郡大多喜町','%e5%a4%b7%e9%9a%85%e9%83%a1%e5%a4%a7%e5%a4%9a%e5%96%9c%e7%94','jp',1),
(512929,782826,'いすみ市','%e3%81%84%e3%81%99%e3%81%bf%e5%b8%82','jp',1),
(512930,782826,'我孫子市','%e6%88%91%e5%ad%ab%e5%ad%90%e5%b8%82','jp',1),
(512931,782826,'八千代市','%e5%85%ab%e5%8d%83%e4%bb%a3%e5%b8%82','jp',1),
(512932,782826,'松戸市','%e6%9d%be%e6%88%b8%e5%b8%82','jp',1),
(512933,782826,'印西市','%e5%8d%b0%e8%a5%bf%e5%b8%82','jp',1),
(512934,782826,'山武郡芝山町','%e5%b1%b1%e6%ad%a6%e9%83%a1%e8%8a%9d%e5%b1%b1%e7%94%ba','jp',1),
(512935,782826,'館山市','%e9%a4%a8%e5%b1%b1%e5%b8%82','jp',1),
(512936,782826,'長生郡長生村','%e9%95%b7%e7%94%9f%e9%83%a1%e9%95%b7%e7%94%9f%e6%9d%91','jp',1),
(512937,782826,'茂原市','%e8%8c%82%e5%8e%9f%e5%b8%82','jp',1),
(512938,782826,'長生郡睦沢町','%e9%95%b7%e7%94%9f%e9%83%a1%e7%9d%a6%e6%b2%a2%e7%94%ba','jp',1),
(512939,782826,'船橋市','%e8%88%b9%e6%a9%8b%e5%b8%82','jp',1),
(512940,782826,'長生郡一宮町','%e9%95%b7%e7%94%9f%e9%83%a1%e4%b8%80%e5%ae%ae%e7%94%ba','jp',1),
(512941,782826,'君津市','%e5%90%9b%e6%b4%a5%e5%b8%82','jp',1),
(512942,782826,'千葉市若葉区','%e5%8d%83%e8%91%89%e5%b8%82%e8%8b%a5%e8%91%89%e5%8c%ba','jp',1),
(512943,782826,'長生郡長柄町','%e9%95%b7%e7%94%9f%e9%83%a1%e9%95%b7%e6%9f%84%e7%94%ba','jp',1),
(512944,782826,'鴨川市','%e9%b4%a8%e5%b7%9d%e5%b8%82','jp',1),
(512945,782826,'柏市','%e6%9f%8f%e5%b8%82','jp',1),
(512946,782826,'八街市','%e5%85%ab%e8%a1%97%e5%b8%82','jp',1),
(512947,782826,'千葉市稲毛区','%e5%8d%83%e8%91%89%e5%b8%82%e7%a8%b2%e6%af%9b%e5%8c%ba','jp',1),
(512948,782826,'富津市','%e5%af%8c%e6%b4%a5%e5%b8%82','jp',1),
(512949,782826,'東金市','%e6%9d%b1%e9%87%91%e5%b8%82','jp',1),
(512950,782826,'勝浦市','%e5%8b%9d%e6%b5%a6%e5%b8%82','jp',1),
(512951,782826,'旭市','%e6%97%ad%e5%b8%82','jp',1),
(512952,782826,'山武市','%e5%b1%b1%e6%ad%a6%e5%b8%82','jp',1),
(512953,782826,'印旛郡栄町','%e5%8d%b0%e6%97%9b%e9%83%a1%e6%a0%84%e7%94%ba','jp',1),
(512954,782826,'成田市','%e6%88%90%e7%94%b0%e5%b8%82','jp',1),
(512955,782826,'香取市','%e9%a6%99%e5%8f%96%e5%b8%82','jp',1),
(512956,782826,'野田市','%e9%87%8e%e7%94%b0%e5%b8%82','jp',1),
(512957,782826,'鎌ケ谷市','%e9%8e%8c%e3%82%b1%e8%b0%b7%e5%b8%82','jp',1),
(512958,782826,'大網白里市','%e5%a4%a7%e7%b6%b2%e7%99%bd%e9%87%8c%e5%b8%82','jp',1),
(512959,782826,'千葉市緑区','%e5%8d%83%e8%91%89%e5%b8%82%e7%b7%91%e5%8c%ba','jp',1),
(512960,782826,'夷隅郡御宿町','%e5%a4%b7%e9%9a%85%e9%83%a1%e5%be%a1%e5%ae%bf%e7%94%ba','jp',1),
(512961,782826,'匝瑳市','%e5%8c%9d%e7%91%b3%e5%b8%82','jp',1),
(512962,782826,'長生郡白子町','%e9%95%b7%e7%94%9f%e9%83%a1%e7%99%bd%e5%ad%90%e7%94%ba','jp',1),
(512963,782826,'千葉市美浜区','%e5%8d%83%e8%91%89%e5%b8%82%e7%be%8e%e6%b5%9c%e5%8c%ba','jp',1),
(512964,782826,'南房総市','%e5%8d%97%e6%88%bf%e7%b7%8f%e5%b8%82','jp',1),
(512965,782826,'香取郡神崎町','%e9%a6%99%e5%8f%96%e9%83%a1%e7%a5%9e%e5%b4%8e%e7%94%ba','jp',1),
(512966,782826,'市原市','%e5%b8%82%e5%8e%9f%e5%b8%82','jp',1),
(512967,782826,'富里市','%e5%af%8c%e9%87%8c%e5%b8%82','jp',1),
(512968,782826,'香取郡東庄町','%e9%a6%99%e5%8f%96%e9%83%a1%e6%9d%b1%e5%ba%84%e7%94%ba','jp',1),
(512969,782826,'白井市','%e7%99%bd%e4%ba%95%e5%b8%82','jp',1),
(512970,782826,'千葉市花見川区','%e5%8d%83%e8%91%89%e5%b8%82%e8%8a%b1%e8%a6%8b%e5%b7%9d%e5%8c','jp',1),
(512971,782826,'習志野市','%e7%bf%92%e5%bf%97%e9%87%8e%e5%b8%82','jp',1),
(512972,782826,'安房郡鋸南町','%e5%ae%89%e6%88%bf%e9%83%a1%e9%8b%b8%e5%8d%97%e7%94%ba','jp',1),
(512973,782826,'四街道市','%e5%9b%9b%e8%a1%97%e9%81%93%e5%b8%82','jp',1),
(512974,782826,'銚子市','%e9%8a%9a%e5%ad%90%e5%b8%82','jp',1),
(512975,782826,'山武郡横芝光町','%e5%b1%b1%e6%ad%a6%e9%83%a1%e6%a8%aa%e8%8a%9d%e5%85%89%e7%94','jp',1),
(512976,782826,'浦安市','%e6%b5%a6%e5%ae%89%e5%b8%82','jp',1),
(512977,782826,'山武郡九十九里町','%e5%b1%b1%e6%ad%a6%e9%83%a1%e4%b9%9d%e5%8d%81%e4%b9%9d%e9%87','jp',1),
(512978,782826,'佐倉市','%e4%bd%90%e5%80%89%e5%b8%82','jp',1),
(512979,782826,'流山市','%e6%b5%81%e5%b1%b1%e5%b8%82','jp',1),
(512980,782827,'比企郡吉見町','%e6%af%94%e4%bc%81%e9%83%a1%e5%90%89%e8%a6%8b%e7%94%ba','jp',1),
(512981,782827,'蕨市','%e8%95%a8%e5%b8%82','jp',1),
(512982,782827,'幸手市','%e5%b9%b8%e6%89%8b%e5%b8%82','jp',1),
(512983,782827,'比企郡嵐山町','%e6%af%94%e4%bc%81%e9%83%a1%e5%b5%90%e5%b1%b1%e7%94%ba','jp',1),
(512984,782827,'入間郡三芳町','%e5%85%a5%e9%96%93%e9%83%a1%e4%b8%89%e8%8a%b3%e7%94%ba','jp',1),
(512985,782827,'新座市','%e6%96%b0%e5%ba%a7%e5%b8%82','jp',1),
(512986,782827,'秩父郡東秩父村','%e7%a7%a9%e7%88%b6%e9%83%a1%e6%9d%b1%e7%a7%a9%e7%88%b6%e6%9d','jp',1),
(512987,782827,'北葛飾郡杉戸町','%e5%8c%97%e8%91%9b%e9%a3%be%e9%83%a1%e6%9d%89%e6%88%b8%e7%94','jp',1),
(512988,782827,'川越市','%e5%b7%9d%e8%b6%8a%e5%b8%82','jp',1),
(512989,782827,'さいたま市浦和区','%e3%81%95%e3%81%84%e3%81%9f%e3%81%be%e5%b8%82%e6%b5%a6%e5%92','jp',1),
(512990,782827,'秩父郡小鹿野町','%e7%a7%a9%e7%88%b6%e9%83%a1%e5%b0%8f%e9%b9%bf%e9%87%8e%e7%94','jp',1),
(512991,782827,'三郷市','%e4%b8%89%e9%83%b7%e5%b8%82','jp',1),
(512992,782827,'飯能市','%e9%a3%af%e8%83%bd%e5%b8%82','jp',1),
(512993,782827,'羽生市','%e7%be%bd%e7%94%9f%e5%b8%82','jp',1),
(512994,782827,'比企郡小川町','%e6%af%94%e4%bc%81%e9%83%a1%e5%b0%8f%e5%b7%9d%e7%94%ba','jp',1),
(512995,782827,'比企郡鳩山町','%e6%af%94%e4%bc%81%e9%83%a1%e9%b3%a9%e5%b1%b1%e7%94%ba','jp',1),
(512996,782827,'比企郡川島町','%e6%af%94%e4%bc%81%e9%83%a1%e5%b7%9d%e5%b3%b6%e7%94%ba','jp',1),
(512997,782827,'児玉郡美里町','%e5%85%90%e7%8e%89%e9%83%a1%e7%be%8e%e9%87%8c%e7%94%ba','jp',1),
(512998,782827,'北葛飾郡松伏町','%e5%8c%97%e8%91%9b%e9%a3%be%e9%83%a1%e6%9d%be%e4%bc%8f%e7%94','jp',1),
(512999,782827,'入間郡越生町','%e5%85%a5%e9%96%93%e9%83%a1%e8%b6%8a%e7%94%9f%e7%94%ba','jp',1),
(513000,782827,'日高市','%e6%97%a5%e9%ab%98%e5%b8%82','jp',1),
(513001,782827,'さいたま市西区','%e3%81%95%e3%81%84%e3%81%9f%e3%81%be%e5%b8%82%e8%a5%bf%e5%8c','jp',1),
(513002,782827,'さいたま市南区','%e3%81%95%e3%81%84%e3%81%9f%e3%81%be%e5%b8%82%e5%8d%97%e5%8c','jp',1),
(513003,782827,'越谷市','%e8%b6%8a%e8%b0%b7%e5%b8%82','jp',1),
(513004,782827,'さいたま市緑区','%e3%81%95%e3%81%84%e3%81%9f%e3%81%be%e5%b8%82%e7%b7%91%e5%8c','jp',1),
(513005,782827,'入間市','%e5%85%a5%e9%96%93%e5%b8%82','jp',1),
(513006,782827,'川口市','%e5%b7%9d%e5%8f%a3%e5%b8%82','jp',1),
(513007,782827,'北本市','%e5%8c%97%e6%9c%ac%e5%b8%82','jp',1),
(513008,782827,'志木市','%e5%bf%97%e6%9c%a8%e5%b8%82','jp',1),
(513009,782827,'蓮田市','%e8%93%ae%e7%94%b0%e5%b8%82','jp',1),
(513010,782827,'さいたま市桜区','%e3%81%95%e3%81%84%e3%81%9f%e3%81%be%e5%b8%82%e6%a1%9c%e5%8c','jp',1),
(513011,782827,'狭山市','%e7%8b%ad%e5%b1%b1%e5%b8%82','jp',1),
(513012,782827,'鴻巣市','%e9%b4%bb%e5%b7%a3%e5%b8%82','jp',1),
(513013,782827,'加須市','%e5%8a%a0%e9%a0%88%e5%b8%82','jp',1),
(513014,782827,'鶴ヶ島市','%e9%b6%b4%e3%83%b6%e5%b3%b6%e5%b8%82','jp',1),
(513015,782827,'久喜市','%e4%b9%85%e5%96%9c%e5%b8%82','jp',1),
(513016,782827,'秩父郡長瀞町','%e7%a7%a9%e7%88%b6%e9%83%a1%e9%95%b7%e7%80%9e%e7%94%ba','jp',1),
(513017,782827,'入間郡毛呂山町','%e5%85%a5%e9%96%93%e9%83%a1%e6%af%9b%e5%91%82%e5%b1%b1%e7%94','jp',1),
(513018,782827,'草加市','%e8%8d%89%e5%8a%a0%e5%b8%82','jp',1),
(513019,782827,'秩父市','%e7%a7%a9%e7%88%b6%e5%b8%82','jp',1),
(513020,782827,'ふじみ野市','%e3%81%b5%e3%81%98%e3%81%bf%e9%87%8e%e5%b8%82','jp',1),
(513021,782827,'秩父郡皆野町','%e7%a7%a9%e7%88%b6%e9%83%a1%e7%9a%86%e9%87%8e%e7%94%ba','jp',1),
(513022,782827,'さいたま市見沼区','%e3%81%95%e3%81%84%e3%81%9f%e3%81%be%e5%b8%82%e8%a6%8b%e6%b2','jp',1),
(513023,782827,'行田市','%e8%a1%8c%e7%94%b0%e5%b8%82','jp',1),
(513024,782827,'吉川市','%e5%90%89%e5%b7%9d%e5%b8%82','jp',1),
(513025,782827,'さいたま市大宮区','%e3%81%95%e3%81%84%e3%81%9f%e3%81%be%e5%b8%82%e5%a4%a7%e5%ae','jp',1),
(513026,782827,'秩父郡横瀬町','%e7%a7%a9%e7%88%b6%e9%83%a1%e6%a8%aa%e7%80%ac%e7%94%ba','jp',1),
(513027,782827,'さいたま市岩槻区','%e3%81%95%e3%81%84%e3%81%9f%e3%81%be%e5%b8%82%e5%b2%a9%e6%a7','jp',1),
(513028,782827,'深谷市','%e6%b7%b1%e8%b0%b7%e5%b8%82','jp',1),
(513029,782827,'和光市','%e5%92%8c%e5%85%89%e5%b8%82','jp',1),
(513030,782827,'児玉郡上里町','%e5%85%90%e7%8e%89%e9%83%a1%e4%b8%8a%e9%87%8c%e7%94%ba','jp',1),
(513031,782827,'さいたま市北区','%e3%81%95%e3%81%84%e3%81%9f%e3%81%be%e5%b8%82%e5%8c%97%e5%8c','jp',1),
(513032,782827,'大里郡寄居町','%e5%a4%a7%e9%87%8c%e9%83%a1%e5%af%84%e5%b1%85%e7%94%ba','jp',1),
(513033,782827,'桶川市','%e6%a1%b6%e5%b7%9d%e5%b8%82','jp',1),
(513034,782827,'上尾市','%e4%b8%8a%e5%b0%be%e5%b8%82','jp',1),
(513035,782827,'春日部市','%e6%98%a5%e6%97%a5%e9%83%a8%e5%b8%82','jp',1),
(513036,782827,'北足立郡伊奈町','%e5%8c%97%e8%b6%b3%e7%ab%8b%e9%83%a1%e4%bc%8a%e5%a5%88%e7%94','jp',1),
(513037,782827,'熊谷市','%e7%86%8a%e8%b0%b7%e5%b8%82','jp',1),
(513038,782827,'東松山市','%e6%9d%b1%e6%9d%be%e5%b1%b1%e5%b8%82','jp',1),
(513039,782827,'比企郡ときがわ町','%e6%af%94%e4%bc%81%e9%83%a1%e3%81%a8%e3%81%8d%e3%81%8c%e3%82','jp',1),
(513040,782827,'南埼玉郡宮代町','%e5%8d%97%e5%9f%bc%e7%8e%89%e9%83%a1%e5%ae%ae%e4%bb%a3%e7%94','jp',1),
(513041,782827,'朝霞市','%e6%9c%9d%e9%9c%9e%e5%b8%82','jp',1),
(513042,782827,'白岡市','%e7%99%bd%e5%b2%a1%e5%b8%82','jp',1),
(513043,782827,'富士見市','%e5%af%8c%e5%a3%ab%e8%a6%8b%e5%b8%82','jp',1),
(513044,782827,'坂戸市','%e5%9d%82%e6%88%b8%e5%b8%82','jp',1),
(513045,782827,'さいたま市中央区','%e3%81%95%e3%81%84%e3%81%9f%e3%81%be%e5%b8%82%e4%b8%ad%e5%a4','jp',1),
(513046,782827,'比企郡滑川町','%e6%af%94%e4%bc%81%e9%83%a1%e6%bb%91%e5%b7%9d%e7%94%ba','jp',1),
(513047,782827,'所沢市','%e6%89%80%e6%b2%a2%e5%b8%82','jp',1),
(513048,782827,'八潮市','%e5%85%ab%e6%bd%ae%e5%b8%82','jp',1),
(513049,782827,'児玉郡神川町','%e5%85%90%e7%8e%89%e9%83%a1%e7%a5%9e%e5%b7%9d%e7%94%ba','jp',1),
(513050,782827,'本庄市','%e6%9c%ac%e5%ba%84%e5%b8%82','jp',1),
(513051,782827,'戸田市','%e6%88%b8%e7%94%b0%e5%b8%82','jp',1),
(513052,782828,'肝属郡東串良町','%e8%82%9d%e5%b1%9e%e9%83%a1%e6%9d%b1%e4%b8%b2%e8%89%af%e7%94','jp',1),
(513053,782828,'大島郡和泊町','%e5%a4%a7%e5%b3%b6%e9%83%a1%e5%92%8c%e6%b3%8a%e7%94%ba','jp',1),
(513054,782828,'出水市','%e5%87%ba%e6%b0%b4%e5%b8%82','jp',1),
(513055,782828,'大島郡徳之島町','%e5%a4%a7%e5%b3%b6%e9%83%a1%e5%be%b3%e4%b9%8b%e5%b3%b6%e7%94','jp',1),
(513056,782828,'大島郡伊仙町','%e5%a4%a7%e5%b3%b6%e9%83%a1%e4%bc%8a%e4%bb%99%e7%94%ba','jp',1),
(513057,782828,'霧島市','%e9%9c%a7%e5%b3%b6%e5%b8%82','jp',1),
(513058,782828,'大島郡瀬戸内町','%e5%a4%a7%e5%b3%b6%e9%83%a1%e7%80%ac%e6%88%b8%e5%86%85%e7%94','jp',1),
(513059,782828,'大島郡与論町','%e5%a4%a7%e5%b3%b6%e9%83%a1%e4%b8%8e%e8%ab%96%e7%94%ba','jp',1),
(513060,782828,'鹿児島市','%e9%b9%bf%e5%85%90%e5%b3%b6%e5%b8%82','jp',1),
(513061,782828,'薩摩川内市','%e8%96%a9%e6%91%a9%e5%b7%9d%e5%86%85%e5%b8%82','jp',1),
(513062,782828,'熊毛郡南種子町','%e7%86%8a%e6%af%9b%e9%83%a1%e5%8d%97%e7%a8%ae%e5%ad%90%e7%94','jp',1),
(513063,782828,'姶良市','%e5%a7%b6%e8%89%af%e5%b8%82','jp',1),
(513064,782828,'日置市','%e6%97%a5%e7%bd%ae%e5%b8%82','jp',1),
(513065,782828,'枕崎市','%e6%9e%95%e5%b4%8e%e5%b8%82','jp',1),
(513066,782828,'肝属郡肝付町','%e8%82%9d%e5%b1%9e%e9%83%a1%e8%82%9d%e4%bb%98%e7%94%ba','jp',1),
(513067,782828,'志布志市','%e5%bf%97%e5%b8%83%e5%bf%97%e5%b8%82','jp',1),
(513068,782828,'大島郡龍郷町','%e5%a4%a7%e5%b3%b6%e9%83%a1%e9%be%8d%e9%83%b7%e7%94%ba','jp',1),
(513069,782828,'南さつま市','%e5%8d%97%e3%81%95%e3%81%a4%e3%81%be%e5%b8%82','jp',1),
(513070,782828,'鹿児島郡十島村','%e9%b9%bf%e5%85%90%e5%b3%b6%e9%83%a1%e5%8d%81%e5%b3%b6%e6%9d','jp',1),
(513071,782828,'熊毛郡中種子町','%e7%86%8a%e6%af%9b%e9%83%a1%e4%b8%ad%e7%a8%ae%e5%ad%90%e7%94','jp',1),
(513072,782828,'薩摩郡さつま町','%e8%96%a9%e6%91%a9%e9%83%a1%e3%81%95%e3%81%a4%e3%81%be%e7%94','jp',1),
(513073,782828,'姶良郡湧水町','%e5%a7%b6%e8%89%af%e9%83%a1%e6%b9%a7%e6%b0%b4%e7%94%ba','jp',1),
(513074,782828,'大島郡知名町','%e5%a4%a7%e5%b3%b6%e9%83%a1%e7%9f%a5%e5%90%8d%e7%94%ba','jp',1),
(513075,782828,'大島郡天城町','%e5%a4%a7%e5%b3%b6%e9%83%a1%e5%a4%a9%e5%9f%8e%e7%94%ba','jp',1),
(513076,782828,'曽於郡大崎町','%e6%9b%bd%e6%96%bc%e9%83%a1%e5%a4%a7%e5%b4%8e%e7%94%ba','jp',1),
(513077,782828,'鹿児島郡三島村','%e9%b9%bf%e5%85%90%e5%b3%b6%e9%83%a1%e4%b8%89%e5%b3%b6%e6%9d','jp',1),
(513078,782828,'大島郡大和村','%e5%a4%a7%e5%b3%b6%e9%83%a1%e5%a4%a7%e5%92%8c%e6%9d%91','jp',1),
(513079,782828,'肝属郡南大隅町','%e8%82%9d%e5%b1%9e%e9%83%a1%e5%8d%97%e5%a4%a7%e9%9a%85%e7%94','jp',1),
(513080,782828,'熊毛郡屋久島町','%e7%86%8a%e6%af%9b%e9%83%a1%e5%b1%8b%e4%b9%85%e5%b3%b6%e7%94','jp',1),
(513081,782828,'いちき串木野市','%e3%81%84%e3%81%a1%e3%81%8d%e4%b8%b2%e6%9c%a8%e9%87%8e%e5%b8','jp',1),
(513082,782828,'出水郡長島町','%e5%87%ba%e6%b0%b4%e9%83%a1%e9%95%b7%e5%b3%b6%e7%94%ba','jp',1),
(513083,782828,'奄美市','%e5%a5%84%e7%be%8e%e5%b8%82','jp',1),
(513084,782828,'西之表市','%e8%a5%bf%e4%b9%8b%e8%a1%a8%e5%b8%82','jp',1),
(513085,782828,'曽於市','%e6%9b%bd%e6%96%bc%e5%b8%82','jp',1),
(513086,782828,'肝属郡錦江町','%e8%82%9d%e5%b1%9e%e9%83%a1%e9%8c%a6%e6%b1%9f%e7%94%ba','jp',1),
(513087,782828,'垂水市','%e5%9e%82%e6%b0%b4%e5%b8%82','jp',1),
(513088,782828,'鹿屋市','%e9%b9%bf%e5%b1%8b%e5%b8%82','jp',1),
(513089,782828,'指宿市','%e6%8c%87%e5%ae%bf%e5%b8%82','jp',1),
(513090,782828,'大島郡喜界町','%e5%a4%a7%e5%b3%b6%e9%83%a1%e5%96%9c%e7%95%8c%e7%94%ba','jp',1),
(513091,782828,'南九州市','%e5%8d%97%e4%b9%9d%e5%b7%9e%e5%b8%82','jp',1),
(513092,782828,'阿久根市','%e9%98%bf%e4%b9%85%e6%a0%b9%e5%b8%82','jp',1),
(513093,782828,'大島郡宇検村','%e5%a4%a7%e5%b3%b6%e9%83%a1%e5%ae%87%e6%a4%9c%e6%9d%91','jp',1),
(513094,782828,'伊佐市','%e4%bc%8a%e4%bd%90%e5%b8%82','jp',1),
(513095,782829,'能美郡川北町','%e8%83%bd%e7%be%8e%e9%83%a1%e5%b7%9d%e5%8c%97%e7%94%ba','jp',1),
(513096,782829,'羽咋郡志賀町','%e7%be%bd%e5%92%8b%e9%83%a1%e5%bf%97%e8%b3%80%e7%94%ba','jp',1),
(513097,782829,'野々市市','%e9%87%8e%e3%80%85%e5%b8%82%e5%b8%82','jp',1),
(513098,782829,'羽咋市','%e7%be%bd%e5%92%8b%e5%b8%82','jp',1),
(513099,782829,'羽咋郡宝達志水町','%e7%be%bd%e5%92%8b%e9%83%a1%e5%ae%9d%e9%81%94%e5%bf%97%e6%b0','jp',1),
(513100,782829,'かほく市','%e3%81%8b%e3%81%bb%e3%81%8f%e5%b8%82','jp',1),
(513101,782829,'鳳珠郡穴水町','%e9%b3%b3%e7%8f%a0%e9%83%a1%e7%a9%b4%e6%b0%b4%e7%94%ba','jp',1),
(513102,782829,'河北郡内灘町','%e6%b2%b3%e5%8c%97%e9%83%a1%e5%86%85%e7%81%98%e7%94%ba','jp',1),
(513103,782829,'七尾市','%e4%b8%83%e5%b0%be%e5%b8%82','jp',1),
(513104,782829,'輪島市','%e8%bc%aa%e5%b3%b6%e5%b8%82','jp',1),
(513105,782829,'白山市','%e7%99%bd%e5%b1%b1%e5%b8%82','jp',1),
(513106,782829,'小松市','%e5%b0%8f%e6%9d%be%e5%b8%82','jp',1),
(513107,782829,'鹿島郡中能登町','%e9%b9%bf%e5%b3%b6%e9%83%a1%e4%b8%ad%e8%83%bd%e7%99%bb%e7%94','jp',1),
(513108,782829,'加賀市','%e5%8a%a0%e8%b3%80%e5%b8%82','jp',1),
(513109,782829,'鳳珠郡能登町','%e9%b3%b3%e7%8f%a0%e9%83%a1%e8%83%bd%e7%99%bb%e7%94%ba','jp',1),
(513110,782829,'能美市','%e8%83%bd%e7%be%8e%e5%b8%82','jp',1),
(513111,782829,'珠洲市','%e7%8f%a0%e6%b4%b2%e5%b8%82','jp',1),
(513112,782829,'河北郡津幡町','%e6%b2%b3%e5%8c%97%e9%83%a1%e6%b4%a5%e5%b9%a1%e7%94%ba','jp',1),
(513113,782829,'金沢市','%e9%87%91%e6%b2%a2%e5%b8%82','jp',1),
(513114,782830,'名護市','%e5%90%8d%e8%ad%b7%e5%b8%82','jp',1),
(513115,782830,'中頭郡北谷町','%e4%b8%ad%e9%a0%ad%e9%83%a1%e5%8c%97%e8%b0%b7%e7%94%ba','jp',1),
(513116,782830,'島尻郡粟国村','%e5%b3%b6%e5%b0%bb%e9%83%a1%e7%b2%9f%e5%9b%bd%e6%9d%91','jp',1),
(513117,782830,'国頭郡東村','%e5%9b%bd%e9%a0%ad%e9%83%a1%e6%9d%b1%e6%9d%91','jp',1),
(513118,782830,'中頭郡嘉手納町','%e4%b8%ad%e9%a0%ad%e9%83%a1%e5%98%89%e6%89%8b%e7%b4%8d%e7%94','jp',1),
(513119,782830,'豊見城市','%e8%b1%8a%e8%a6%8b%e5%9f%8e%e5%b8%82','jp',1),
(513120,782830,'中頭郡北中城村','%e4%b8%ad%e9%a0%ad%e9%83%a1%e5%8c%97%e4%b8%ad%e5%9f%8e%e6%9d','jp',1),
(513121,782830,'国頭郡宜野座村','%e5%9b%bd%e9%a0%ad%e9%83%a1%e5%ae%9c%e9%87%8e%e5%ba%a7%e6%9d','jp',1),
(513122,782830,'国頭郡伊江村','%e5%9b%bd%e9%a0%ad%e9%83%a1%e4%bc%8a%e6%b1%9f%e6%9d%91','jp',1),
(513123,782830,'八重山郡竹富町','%e5%85%ab%e9%87%8d%e5%b1%b1%e9%83%a1%e7%ab%b9%e5%af%8c%e7%94','jp',1),
(513124,782830,'国頭郡恩納村','%e5%9b%bd%e9%a0%ad%e9%83%a1%e6%81%a9%e7%b4%8d%e6%9d%91','jp',1),
(513125,782830,'島尻郡北大東村','%e5%b3%b6%e5%b0%bb%e9%83%a1%e5%8c%97%e5%a4%a7%e6%9d%b1%e6%9d','jp',1),
(513126,782830,'島尻郡南風原町','%e5%b3%b6%e5%b0%bb%e9%83%a1%e5%8d%97%e9%a2%a8%e5%8e%9f%e7%94','jp',1),
(513127,782830,'国頭郡本部町','%e5%9b%bd%e9%a0%ad%e9%83%a1%e6%9c%ac%e9%83%a8%e7%94%ba','jp',1),
(513128,782830,'石垣市','%e7%9f%b3%e5%9e%a3%e5%b8%82','jp',1),
(513129,782830,'宜野湾市','%e5%ae%9c%e9%87%8e%e6%b9%be%e5%b8%82','jp',1),
(513130,782830,'島尻郡八重瀬町','%e5%b3%b6%e5%b0%bb%e9%83%a1%e5%85%ab%e9%87%8d%e7%80%ac%e7%94','jp',1),
(513131,782830,'島尻郡座間味村','%e5%b3%b6%e5%b0%bb%e9%83%a1%e5%ba%a7%e9%96%93%e5%91%b3%e6%9d','jp',1),
(513132,782830,'中頭郡西原町','%e4%b8%ad%e9%a0%ad%e9%83%a1%e8%a5%bf%e5%8e%9f%e7%94%ba','jp',1),
(513133,782830,'国頭郡今帰仁村','%e5%9b%bd%e9%a0%ad%e9%83%a1%e4%bb%8a%e5%b8%b0%e4%bb%81%e6%9d','jp',1),
(513134,782830,'国頭郡国頭村','%e5%9b%bd%e9%a0%ad%e9%83%a1%e5%9b%bd%e9%a0%ad%e6%9d%91','jp',1),
(513135,782830,'宮古郡多良間村','%e5%ae%ae%e5%8f%a4%e9%83%a1%e5%a4%9a%e8%89%af%e9%96%93%e6%9d','jp',1),
(513136,782830,'島尻郡渡名喜村','%e5%b3%b6%e5%b0%bb%e9%83%a1%e6%b8%a1%e5%90%8d%e5%96%9c%e6%9d','jp',1),
(513137,782830,'島尻郡与那原町','%e5%b3%b6%e5%b0%bb%e9%83%a1%e4%b8%8e%e9%82%a3%e5%8e%9f%e7%94','jp',1),
(513138,782830,'中頭郡読谷村','%e4%b8%ad%e9%a0%ad%e9%83%a1%e8%aa%ad%e8%b0%b7%e6%9d%91','jp',1),
(513139,782830,'沖縄市','%e6%b2%96%e7%b8%84%e5%b8%82','jp',1),
(513140,782830,'宮古島市','%e5%ae%ae%e5%8f%a4%e5%b3%b6%e5%b8%82','jp',1),
(513141,782830,'浦添市','%e6%b5%a6%e6%b7%bb%e5%b8%82','jp',1),
(513142,782830,'島尻郡渡嘉敷村','%e5%b3%b6%e5%b0%bb%e9%83%a1%e6%b8%a1%e5%98%89%e6%95%b7%e6%9d','jp',1),
(513143,782830,'島尻郡伊平屋村','%e5%b3%b6%e5%b0%bb%e9%83%a1%e4%bc%8a%e5%b9%b3%e5%b1%8b%e6%9d','jp',1),
(513144,782830,'国頭郡金武町','%e5%9b%bd%e9%a0%ad%e9%83%a1%e9%87%91%e6%ad%a6%e7%94%ba','jp',1),
(513145,782830,'島尻郡南大東村','%e5%b3%b6%e5%b0%bb%e9%83%a1%e5%8d%97%e5%a4%a7%e6%9d%b1%e6%9d','jp',1),
(513146,782830,'うるま市','%e3%81%86%e3%82%8b%e3%81%be%e5%b8%82','jp',1),
(513147,782830,'八重山郡与那国町','%e5%85%ab%e9%87%8d%e5%b1%b1%e9%83%a1%e4%b8%8e%e9%82%a3%e5%9b','jp',1),
(513148,782830,'国頭郡大宜味村','%e5%9b%bd%e9%a0%ad%e9%83%a1%e5%a4%a7%e5%ae%9c%e5%91%b3%e6%9d','jp',1),
(513149,782830,'糸満市','%e7%b3%b8%e6%ba%80%e5%b8%82','jp',1),
(513150,782830,'島尻郡久米島町','%e5%b3%b6%e5%b0%bb%e9%83%a1%e4%b9%85%e7%b1%b3%e5%b3%b6%e7%94','jp',1),
(513151,782830,'中頭郡中城村','%e4%b8%ad%e9%a0%ad%e9%83%a1%e4%b8%ad%e5%9f%8e%e6%9d%91','jp',1),
(513152,782830,'島尻郡伊是名村','%e5%b3%b6%e5%b0%bb%e9%83%a1%e4%bc%8a%e6%98%af%e5%90%8d%e6%9d','jp',1),
(513153,782830,'那覇市','%e9%82%a3%e8%a6%87%e5%b8%82','jp',1),
(513154,782830,'南城市','%e5%8d%97%e5%9f%8e%e5%b8%82','jp',1),
(513155,782831,'東津軽郡今別町','%e6%9d%b1%e6%b4%a5%e8%bb%bd%e9%83%a1%e4%bb%8a%e5%88%a5%e7%94','jp',1),
(513156,782831,'中津軽郡西目屋村','%e4%b8%ad%e6%b4%a5%e8%bb%bd%e9%83%a1%e8%a5%bf%e7%9b%ae%e5%b1','jp',1),
(513157,782831,'八戸市','%e5%85%ab%e6%88%b8%e5%b8%82','jp',1),
(513158,782831,'下北郡東通村','%e4%b8%8b%e5%8c%97%e9%83%a1%e6%9d%b1%e9%80%9a%e6%9d%91','jp',1),
(513159,782831,'三戸郡階上町','%e4%b8%89%e6%88%b8%e9%83%a1%e9%9a%8e%e4%b8%8a%e7%94%ba','jp',1),
(513160,782831,'十和田市','%e5%8d%81%e5%92%8c%e7%94%b0%e5%b8%82','jp',1),
(513161,782831,'東津軽郡平内町','%e6%9d%b1%e6%b4%a5%e8%bb%bd%e9%83%a1%e5%b9%b3%e5%86%85%e7%94','jp',1),
(513162,782831,'上北郡七戸町','%e4%b8%8a%e5%8c%97%e9%83%a1%e4%b8%83%e6%88%b8%e7%94%ba','jp',1),
(513163,782831,'五所川原市','%e4%ba%94%e6%89%80%e5%b7%9d%e5%8e%9f%e5%b8%82','jp',1),
(513164,782831,'南津軽郡藤崎町','%e5%8d%97%e6%b4%a5%e8%bb%bd%e9%83%a1%e8%97%a4%e5%b4%8e%e7%94','jp',1),
(513165,782831,'三沢市','%e4%b8%89%e6%b2%a2%e5%b8%82','jp',1),
(513166,782831,'上北郡東北町','%e4%b8%8a%e5%8c%97%e9%83%a1%e6%9d%b1%e5%8c%97%e7%94%ba','jp',1),
(513167,782831,'北津軽郡中泊町','%e5%8c%97%e6%b4%a5%e8%bb%bd%e9%83%a1%e4%b8%ad%e6%b3%8a%e7%94','jp',1),
(513168,782831,'むつ市','%e3%82%80%e3%81%a4%e5%b8%82','jp',1),
(513169,782831,'つがる市','%e3%81%a4%e3%81%8c%e3%82%8b%e5%b8%82','jp',1),
(513170,782831,'上北郡野辺地町','%e4%b8%8a%e5%8c%97%e9%83%a1%e9%87%8e%e8%be%ba%e5%9c%b0%e7%94','jp',1),
(513171,782831,'三戸郡新郷村','%e4%b8%89%e6%88%b8%e9%83%a1%e6%96%b0%e9%83%b7%e6%9d%91','jp',1),
(513172,782831,'南津軽郡大鰐町','%e5%8d%97%e6%b4%a5%e8%bb%bd%e9%83%a1%e5%a4%a7%e9%b0%90%e7%94','jp',1),
(513173,782831,'上北郡横浜町','%e4%b8%8a%e5%8c%97%e9%83%a1%e6%a8%aa%e6%b5%9c%e7%94%ba','jp',1),
(513174,782831,'東津軽郡外ヶ浜町','%e6%9d%b1%e6%b4%a5%e8%bb%bd%e9%83%a1%e5%a4%96%e3%83%b6%e6%b5','jp',1),
(513175,782831,'西津軽郡深浦町','%e8%a5%bf%e6%b4%a5%e8%bb%bd%e9%83%a1%e6%b7%b1%e6%b5%a6%e7%94','jp',1),
(513176,782831,'弘前市','%e5%bc%98%e5%89%8d%e5%b8%82','jp',1),
(513177,782831,'三戸郡南部町','%e4%b8%89%e6%88%b8%e9%83%a1%e5%8d%97%e9%83%a8%e7%94%ba','jp',1),
(513178,782831,'上北郡六戸町','%e4%b8%8a%e5%8c%97%e9%83%a1%e5%85%ad%e6%88%b8%e7%94%ba','jp',1),
(513179,782831,'北津軽郡鶴田町','%e5%8c%97%e6%b4%a5%e8%bb%bd%e9%83%a1%e9%b6%b4%e7%94%b0%e7%94','jp',1),
(513180,782831,'平川市','%e5%b9%b3%e5%b7%9d%e5%b8%82','jp',1),
(513181,782831,'上北郡おいらせ町','%e4%b8%8a%e5%8c%97%e9%83%a1%e3%81%8a%e3%81%84%e3%82%89%e3%81','jp',1),
(513182,782831,'青森市','%e9%9d%92%e6%a3%ae%e5%b8%82','jp',1),
(513183,782831,'北津軽郡板柳町','%e5%8c%97%e6%b4%a5%e8%bb%bd%e9%83%a1%e6%9d%bf%e6%9f%b3%e7%94','jp',1),
(513184,782831,'黒石市','%e9%bb%92%e7%9f%b3%e5%b8%82','jp',1),
(513185,782831,'三戸郡田子町','%e4%b8%89%e6%88%b8%e9%83%a1%e7%94%b0%e5%ad%90%e7%94%ba','jp',1),
(513186,782831,'南津軽郡田舎館村','%e5%8d%97%e6%b4%a5%e8%bb%bd%e9%83%a1%e7%94%b0%e8%88%8e%e9%a4','jp',1),
(513187,782831,'西津軽郡鰺ヶ沢町','%e8%a5%bf%e6%b4%a5%e8%bb%bd%e9%83%a1%e9%b0%ba%e3%83%b6%e6%b2','jp',1),
(513188,782831,'下北郡佐井村','%e4%b8%8b%e5%8c%97%e9%83%a1%e4%bd%90%e4%ba%95%e6%9d%91','jp',1),
(513189,782831,'三戸郡五戸町','%e4%b8%89%e6%88%b8%e9%83%a1%e4%ba%94%e6%88%b8%e7%94%ba','jp',1),
(513190,782831,'下北郡大間町','%e4%b8%8b%e5%8c%97%e9%83%a1%e5%a4%a7%e9%96%93%e7%94%ba','jp',1),
(513191,782831,'上北郡六ヶ所村','%e4%b8%8a%e5%8c%97%e9%83%a1%e5%85%ad%e3%83%b6%e6%89%80%e6%9d','jp',1),
(513192,782831,'東津軽郡蓬田村','%e6%9d%b1%e6%b4%a5%e8%bb%bd%e9%83%a1%e8%93%ac%e7%94%b0%e6%9d','jp',1),
(513193,782831,'下北郡風間浦村','%e4%b8%8b%e5%8c%97%e9%83%a1%e9%a2%a8%e9%96%93%e6%b5%a6%e6%9d','jp',1),
(513194,782831,'三戸郡三戸町','%e4%b8%89%e6%88%b8%e9%83%a1%e4%b8%89%e6%88%b8%e7%94%ba','jp',1),
(513195,782832,'田辺市','%e7%94%b0%e8%be%ba%e5%b8%82','jp',1),
(513196,782832,'東牟婁郡北山村','%e6%9d%b1%e7%89%9f%e5%a9%81%e9%83%a1%e5%8c%97%e5%b1%b1%e6%9d','jp',1),
(513197,782832,'海草郡紀美野町','%e6%b5%b7%e8%8d%89%e9%83%a1%e7%b4%80%e7%be%8e%e9%87%8e%e7%94','jp',1),
(513198,782832,'西牟婁郡すさみ町','%e8%a5%bf%e7%89%9f%e5%a9%81%e9%83%a1%e3%81%99%e3%81%95%e3%81','jp',1),
(513199,782832,'伊都郡高野町','%e4%bc%8a%e9%83%bd%e9%83%a1%e9%ab%98%e9%87%8e%e7%94%ba','jp',1),
(513200,782832,'新宮市','%e6%96%b0%e5%ae%ae%e5%b8%82','jp',1),
(513201,782832,'東牟婁郡那智勝浦町','%e6%9d%b1%e7%89%9f%e5%a9%81%e9%83%a1%e9%82%a3%e6%99%ba%e5%8b','jp',1),
(513202,782832,'海南市','%e6%b5%b7%e5%8d%97%e5%b8%82','jp',1),
(513203,782832,'伊都郡かつらぎ町','%e4%bc%8a%e9%83%bd%e9%83%a1%e3%81%8b%e3%81%a4%e3%82%89%e3%81','jp',1),
(513204,782832,'日高郡美浜町','%e6%97%a5%e9%ab%98%e9%83%a1%e7%be%8e%e6%b5%9c%e7%94%ba','jp',1),
(513205,782832,'岩出市','%e5%b2%a9%e5%87%ba%e5%b8%82','jp',1),
(513206,782832,'紀の川市','%e7%b4%80%e3%81%ae%e5%b7%9d%e5%b8%82','jp',1),
(513207,782832,'御坊市','%e5%be%a1%e5%9d%8a%e5%b8%82','jp',1),
(513208,782832,'日高郡由良町','%e6%97%a5%e9%ab%98%e9%83%a1%e7%94%b1%e8%89%af%e7%94%ba','jp',1),
(513209,782832,'橋本市','%e6%a9%8b%e6%9c%ac%e5%b8%82','jp',1),
(513210,782832,'西牟婁郡白浜町','%e8%a5%bf%e7%89%9f%e5%a9%81%e9%83%a1%e7%99%bd%e6%b5%9c%e7%94','jp',1),
(513211,782832,'有田郡湯浅町','%e6%9c%89%e7%94%b0%e9%83%a1%e6%b9%af%e6%b5%85%e7%94%ba','jp',1),
(513212,782832,'有田郡有田川町','%e6%9c%89%e7%94%b0%e9%83%a1%e6%9c%89%e7%94%b0%e5%b7%9d%e7%94','jp',1),
(513213,782832,'東牟婁郡古座川町','%e6%9d%b1%e7%89%9f%e5%a9%81%e9%83%a1%e5%8f%a4%e5%ba%a7%e5%b7','jp',1),
(513214,782832,'和歌山市','%e5%92%8c%e6%ad%8c%e5%b1%b1%e5%b8%82','jp',1),
(513215,782832,'日高郡日高川町','%e6%97%a5%e9%ab%98%e9%83%a1%e6%97%a5%e9%ab%98%e5%b7%9d%e7%94','jp',1),
(513216,782832,'有田郡広川町','%e6%9c%89%e7%94%b0%e9%83%a1%e5%ba%83%e5%b7%9d%e7%94%ba','jp',1),
(513217,782832,'日高郡日高町','%e6%97%a5%e9%ab%98%e9%83%a1%e6%97%a5%e9%ab%98%e7%94%ba','jp',1),
(513218,782832,'有田市','%e6%9c%89%e7%94%b0%e5%b8%82','jp',1),
(513219,782832,'東牟婁郡太地町','%e6%9d%b1%e7%89%9f%e5%a9%81%e9%83%a1%e5%a4%aa%e5%9c%b0%e7%94','jp',1),
(513220,782832,'東牟婁郡串本町','%e6%9d%b1%e7%89%9f%e5%a9%81%e9%83%a1%e4%b8%b2%e6%9c%ac%e7%94','jp',1),
(513221,782832,'日高郡みなべ町','%e6%97%a5%e9%ab%98%e9%83%a1%e3%81%bf%e3%81%aa%e3%81%b9%e7%94','jp',1),
(513222,782832,'西牟婁郡上富田町','%e8%a5%bf%e7%89%9f%e5%a9%81%e9%83%a1%e4%b8%8a%e5%af%8c%e7%94','jp',1),
(513223,782832,'伊都郡九度山町','%e4%bc%8a%e9%83%bd%e9%83%a1%e4%b9%9d%e5%ba%a6%e5%b1%b1%e7%94','jp',1),
(513224,782832,'日高郡印南町','%e6%97%a5%e9%ab%98%e9%83%a1%e5%8d%b0%e5%8d%97%e7%94%ba','jp',1),
(513225,782833,'土浦市','%e5%9c%9f%e6%b5%a6%e5%b8%82','jp',1),
(513226,782833,'取手市','%e5%8f%96%e6%89%8b%e5%b8%82','jp',1),
(513227,782833,'かすみがうら市','%e3%81%8b%e3%81%99%e3%81%bf%e3%81%8c%e3%81%86%e3%82%89%e5%b8','jp',1),
(513228,782833,'稲敷郡美浦村','%e7%a8%b2%e6%95%b7%e9%83%a1%e7%be%8e%e6%b5%a6%e6%9d%91','jp',1),
(513229,782833,'稲敷市','%e7%a8%b2%e6%95%b7%e5%b8%82','jp',1),
(513230,782833,'稲敷郡河内町','%e7%a8%b2%e6%95%b7%e9%83%a1%e6%b2%b3%e5%86%85%e7%94%ba','jp',1),
(513231,782833,'那珂郡東海村','%e9%82%a3%e7%8f%82%e9%83%a1%e6%9d%b1%e6%b5%b7%e6%9d%91','jp',1),
(513232,782833,'高萩市','%e9%ab%98%e8%90%a9%e5%b8%82','jp',1),
(513233,782833,'東茨城郡城里町','%e6%9d%b1%e8%8c%a8%e5%9f%8e%e9%83%a1%e5%9f%8e%e9%87%8c%e7%94','jp',1),
(513234,782833,'那珂市','%e9%82%a3%e7%8f%82%e5%b8%82','jp',1),
(513235,782833,'龍ケ崎市','%e9%be%8d%e3%82%b1%e5%b4%8e%e5%b8%82','jp',1),
(513236,782833,'つくばみらい市','%e3%81%a4%e3%81%8f%e3%81%b0%e3%81%bf%e3%82%89%e3%81%84%e5%b8','jp',1),
(513237,782833,'日立市','%e6%97%a5%e7%ab%8b%e5%b8%82','jp',1),
(513238,782833,'北相馬郡利根町','%e5%8c%97%e7%9b%b8%e9%a6%ac%e9%83%a1%e5%88%a9%e6%a0%b9%e7%94','jp',1),
(513239,782833,'常総市','%e5%b8%b8%e7%b7%8f%e5%b8%82','jp',1),
(513240,782833,'石岡市','%e7%9f%b3%e5%b2%a1%e5%b8%82','jp',1),
(513241,782833,'北茨城市','%e5%8c%97%e8%8c%a8%e5%9f%8e%e5%b8%82','jp',1),
(513242,782833,'久慈郡大子町','%e4%b9%85%e6%85%88%e9%83%a1%e5%a4%a7%e5%ad%90%e7%94%ba','jp',1),
(513243,782833,'行方市','%e8%a1%8c%e6%96%b9%e5%b8%82','jp',1),
(513244,782833,'小美玉市','%e5%b0%8f%e7%be%8e%e7%8e%89%e5%b8%82','jp',1),
(513245,782833,'結城郡八千代町','%e7%b5%90%e5%9f%8e%e9%83%a1%e5%85%ab%e5%8d%83%e4%bb%a3%e7%94','jp',1),
(513246,782833,'ひたちなか市','%e3%81%b2%e3%81%9f%e3%81%a1%e3%81%aa%e3%81%8b%e5%b8%82','jp',1),
(513247,782833,'水戸市','%e6%b0%b4%e6%88%b8%e5%b8%82','jp',1),
(513248,782833,'神栖市','%e7%a5%9e%e6%a0%96%e5%b8%82','jp',1),
(513249,782833,'古河市','%e5%8f%a4%e6%b2%b3%e5%b8%82','jp',1),
(513250,782833,'常陸太田市','%e5%b8%b8%e9%99%b8%e5%a4%aa%e7%94%b0%e5%b8%82','jp',1),
(513251,782833,'猿島郡境町','%e7%8c%bf%e5%b3%b6%e9%83%a1%e5%a2%83%e7%94%ba','jp',1),
(513252,782833,'守谷市','%e5%ae%88%e8%b0%b7%e5%b8%82','jp',1),
(513253,782833,'下妻市','%e4%b8%8b%e5%a6%bb%e5%b8%82','jp',1),
(513254,782833,'つくば市','%e3%81%a4%e3%81%8f%e3%81%b0%e5%b8%82','jp',1),
(513255,782833,'東茨城郡大洗町','%e6%9d%b1%e8%8c%a8%e5%9f%8e%e9%83%a1%e5%a4%a7%e6%b4%97%e7%94','jp',1),
(513256,782833,'猿島郡五霞町','%e7%8c%bf%e5%b3%b6%e9%83%a1%e4%ba%94%e9%9c%9e%e7%94%ba','jp',1),
(513257,782833,'笠間市','%e7%ac%a0%e9%96%93%e5%b8%82','jp',1),
(513258,782833,'坂東市','%e5%9d%82%e6%9d%b1%e5%b8%82','jp',1),
(513259,782833,'筑西市','%e7%ad%91%e8%a5%bf%e5%b8%82','jp',1),
(513260,782833,'稲敷郡阿見町','%e7%a8%b2%e6%95%b7%e9%83%a1%e9%98%bf%e8%a6%8b%e7%94%ba','jp',1),
(513261,782833,'潮来市','%e6%bd%ae%e6%9d%a5%e5%b8%82','jp',1),
(513262,782833,'常陸大宮市','%e5%b8%b8%e9%99%b8%e5%a4%a7%e5%ae%ae%e5%b8%82','jp',1),
(513263,782833,'東茨城郡茨城町','%e6%9d%b1%e8%8c%a8%e5%9f%8e%e9%83%a1%e8%8c%a8%e5%9f%8e%e7%94','jp',1),
(513264,782833,'鉾田市','%e9%89%be%e7%94%b0%e5%b8%82','jp',1),
(513265,782833,'結城市','%e7%b5%90%e5%9f%8e%e5%b8%82','jp',1),
(513266,782833,'鹿嶋市','%e9%b9%bf%e5%b6%8b%e5%b8%82','jp',1),
(513267,782833,'桜川市','%e6%a1%9c%e5%b7%9d%e5%b8%82','jp',1),
(513268,782833,'牛久市','%e7%89%9b%e4%b9%85%e5%b8%82','jp',1),
(513269,782834,'柴田郡大河原町','%e6%9f%b4%e7%94%b0%e9%83%a1%e5%a4%a7%e6%b2%b3%e5%8e%9f%e7%94','jp',1),
(513270,782834,'仙台市泉区','%e4%bb%99%e5%8f%b0%e5%b8%82%e6%b3%89%e5%8c%ba','jp',1),
(513271,782834,'石巻市','%e7%9f%b3%e5%b7%bb%e5%b8%82','jp',1),
(513272,782834,'亘理郡山元町','%e4%ba%98%e7%90%86%e9%83%a1%e5%b1%b1%e5%85%83%e7%94%ba','jp',1),
(513273,782834,'黒川郡大郷町','%e9%bb%92%e5%b7%9d%e9%83%a1%e5%a4%a7%e9%83%b7%e7%94%ba','jp',1),
(513274,782834,'本吉郡南三陸町','%e6%9c%ac%e5%90%89%e9%83%a1%e5%8d%97%e4%b8%89%e9%99%b8%e7%94','jp',1),
(513275,782834,'仙台市太白区','%e4%bb%99%e5%8f%b0%e5%b8%82%e5%a4%aa%e7%99%bd%e5%8c%ba','jp',1),
(513276,782834,'遠田郡美里町','%e9%81%a0%e7%94%b0%e9%83%a1%e7%be%8e%e9%87%8c%e7%94%ba','jp',1),
(513277,782834,'加美郡色麻町','%e5%8a%a0%e7%be%8e%e9%83%a1%e8%89%b2%e9%ba%bb%e7%94%ba','jp',1),
(513278,782834,'宮城郡七ヶ浜町','%e5%ae%ae%e5%9f%8e%e9%83%a1%e4%b8%83%e3%83%b6%e6%b5%9c%e7%94','jp',1),
(513279,782834,'仙台市青葉区','%e4%bb%99%e5%8f%b0%e5%b8%82%e9%9d%92%e8%91%89%e5%8c%ba','jp',1),
(513280,782834,'栗原市','%e6%a0%97%e5%8e%9f%e5%b8%82','jp',1),
(513281,782834,'仙台市若林区','%e4%bb%99%e5%8f%b0%e5%b8%82%e8%8b%a5%e6%9e%97%e5%8c%ba','jp',1),
(513282,782834,'遠田郡涌谷町','%e9%81%a0%e7%94%b0%e9%83%a1%e6%b6%8c%e8%b0%b7%e7%94%ba','jp',1),
(513283,782834,'亘理郡亘理町','%e4%ba%98%e7%90%86%e9%83%a1%e4%ba%98%e7%90%86%e7%94%ba','jp',1),
(513284,782834,'柴田郡村田町','%e6%9f%b4%e7%94%b0%e9%83%a1%e6%9d%91%e7%94%b0%e7%94%ba','jp',1),
(513285,782834,'気仙沼市','%e6%b0%97%e4%bb%99%e6%b2%bc%e5%b8%82','jp',1),
(513286,782834,'仙台市宮城野区','%e4%bb%99%e5%8f%b0%e5%b8%82%e5%ae%ae%e5%9f%8e%e9%87%8e%e5%8c','jp',1),
(513287,782834,'登米市','%e7%99%bb%e7%b1%b3%e5%b8%82','jp',1),
(513288,782834,'東松島市','%e6%9d%b1%e6%9d%be%e5%b3%b6%e5%b8%82','jp',1),
(513289,782834,'塩竈市','%e5%a1%a9%e7%ab%88%e5%b8%82','jp',1),
(513290,782834,'白石市','%e7%99%bd%e7%9f%b3%e5%b8%82','jp',1),
(513291,782834,'加美郡加美町','%e5%8a%a0%e7%be%8e%e9%83%a1%e5%8a%a0%e7%be%8e%e7%94%ba','jp',1),
(513292,782834,'刈田郡七ヶ宿町','%e5%88%88%e7%94%b0%e9%83%a1%e4%b8%83%e3%83%b6%e5%ae%bf%e7%94','jp',1),
(513293,782834,'宮城郡松島町','%e5%ae%ae%e5%9f%8e%e9%83%a1%e6%9d%be%e5%b3%b6%e7%94%ba','jp',1),
(513294,782834,'黒川郡富谷町','%e9%bb%92%e5%b7%9d%e9%83%a1%e5%af%8c%e8%b0%b7%e7%94%ba','jp',1),
(513295,782834,'牡鹿郡女川町','%e7%89%a1%e9%b9%bf%e9%83%a1%e5%a5%b3%e5%b7%9d%e7%94%ba','jp',1),
(513296,782834,'角田市','%e8%a7%92%e7%94%b0%e5%b8%82','jp',1),
(513297,782834,'伊具郡丸森町','%e4%bc%8a%e5%85%b7%e9%83%a1%e4%b8%b8%e6%a3%ae%e7%94%ba','jp',1),
(513298,782834,'刈田郡蔵王町','%e5%88%88%e7%94%b0%e9%83%a1%e8%94%b5%e7%8e%8b%e7%94%ba','jp',1),
(513299,782834,'柴田郡柴田町','%e6%9f%b4%e7%94%b0%e9%83%a1%e6%9f%b4%e7%94%b0%e7%94%ba','jp',1),
(513300,782834,'大崎市','%e5%a4%a7%e5%b4%8e%e5%b8%82','jp',1),
(513301,782834,'多賀城市','%e5%a4%9a%e8%b3%80%e5%9f%8e%e5%b8%82','jp',1),
(513302,782834,'黒川郡大和町','%e9%bb%92%e5%b7%9d%e9%83%a1%e5%a4%a7%e5%92%8c%e7%94%ba','jp',1),
(513303,782834,'柴田郡川崎町','%e6%9f%b4%e7%94%b0%e9%83%a1%e5%b7%9d%e5%b4%8e%e7%94%ba','jp',1),
(513304,782834,'岩沼市','%e5%b2%a9%e6%b2%bc%e5%b8%82','jp',1),
(513305,782834,'黒川郡大衡村','%e9%bb%92%e5%b7%9d%e9%83%a1%e5%a4%a7%e8%a1%a1%e6%9d%91','jp',1),
(513306,782834,'宮城郡利府町','%e5%ae%ae%e5%9f%8e%e9%83%a1%e5%88%a9%e5%ba%9c%e7%94%ba','jp',1),
(513307,782834,'名取市','%e5%90%8d%e5%8f%96%e5%b8%82','jp',1),
(513308,782835,'和賀郡西和賀町','%e5%92%8c%e8%b3%80%e9%83%a1%e8%a5%bf%e5%92%8c%e8%b3%80%e7%94','jp',1),
(513309,782835,'九戸郡野田村','%e4%b9%9d%e6%88%b8%e9%83%a1%e9%87%8e%e7%94%b0%e6%9d%91','jp',1),
(513310,782835,'気仙郡住田町','%e6%b0%97%e4%bb%99%e9%83%a1%e4%bd%8f%e7%94%b0%e7%94%ba','jp',1),
(513311,782835,'下閉伊郡普代村','%e4%b8%8b%e9%96%89%e4%bc%8a%e9%83%a1%e6%99%ae%e4%bb%a3%e6%9d','jp',1),
(513312,782835,'釜石市','%e9%87%9c%e7%9f%b3%e5%b8%82','jp',1),
(513313,782835,'上閉伊郡大槌町','%e4%b8%8a%e9%96%89%e4%bc%8a%e9%83%a1%e5%a4%a7%e6%a7%8c%e7%94','jp',1),
(513314,782835,'八幡平市','%e5%85%ab%e5%b9%a1%e5%b9%b3%e5%b8%82','jp',1),
(513315,782835,'西磐井郡平泉町','%e8%a5%bf%e7%a3%90%e4%ba%95%e9%83%a1%e5%b9%b3%e6%b3%89%e7%94','jp',1),
(513316,782835,'下閉伊郡岩泉町','%e4%b8%8b%e9%96%89%e4%bc%8a%e9%83%a1%e5%b2%a9%e6%b3%89%e7%94','jp',1),
(513317,782835,'紫波郡紫波町','%e7%b4%ab%e6%b3%a2%e9%83%a1%e7%b4%ab%e6%b3%a2%e7%94%ba','jp',1),
(513318,782835,'岩手郡雫石町','%e5%b2%a9%e6%89%8b%e9%83%a1%e9%9b%ab%e7%9f%b3%e7%94%ba','jp',1),
(513319,782835,'陸前高田市','%e9%99%b8%e5%89%8d%e9%ab%98%e7%94%b0%e5%b8%82','jp',1),
(513320,782835,'下閉伊郡山田町','%e4%b8%8b%e9%96%89%e4%bc%8a%e9%83%a1%e5%b1%b1%e7%94%b0%e7%94','jp',1),
(513321,782835,'遠野市','%e9%81%a0%e9%87%8e%e5%b8%82','jp',1),
(513322,782835,'一関市','%e4%b8%80%e9%96%a2%e5%b8%82','jp',1),
(513323,782835,'九戸郡九戸村','%e4%b9%9d%e6%88%b8%e9%83%a1%e4%b9%9d%e6%88%b8%e6%9d%91','jp',1),
(513324,782835,'宮古市','%e5%ae%ae%e5%8f%a4%e5%b8%82','jp',1),
(513325,782835,'岩手郡岩手町','%e5%b2%a9%e6%89%8b%e9%83%a1%e5%b2%a9%e6%89%8b%e7%94%ba','jp',1),
(513326,782835,'盛岡市','%e7%9b%9b%e5%b2%a1%e5%b8%82','jp',1),
(513327,782835,'滝沢市','%e6%bb%9d%e6%b2%a2%e5%b8%82','jp',1),
(513328,782835,'岩手郡葛巻町','%e5%b2%a9%e6%89%8b%e9%83%a1%e8%91%9b%e5%b7%bb%e7%94%ba','jp',1),
(513329,782835,'胆沢郡金ケ崎町','%e8%83%86%e6%b2%a2%e9%83%a1%e9%87%91%e3%82%b1%e5%b4%8e%e7%94','jp',1),
(513330,782835,'花巻市','%e8%8a%b1%e5%b7%bb%e5%b8%82','jp',1),
(513331,782835,'北上市','%e5%8c%97%e4%b8%8a%e5%b8%82','jp',1),
(513332,782835,'奥州市','%e5%a5%a5%e5%b7%9e%e5%b8%82','jp',1),
(513333,782835,'下閉伊郡田野畑村','%e4%b8%8b%e9%96%89%e4%bc%8a%e9%83%a1%e7%94%b0%e9%87%8e%e7%95','jp',1),
(513334,782835,'紫波郡矢巾町','%e7%b4%ab%e6%b3%a2%e9%83%a1%e7%9f%a2%e5%b7%be%e7%94%ba','jp',1),
(513335,782835,'九戸郡洋野町','%e4%b9%9d%e6%88%b8%e9%83%a1%e6%b4%8b%e9%87%8e%e7%94%ba','jp',1),
(513336,782835,'二戸市','%e4%ba%8c%e6%88%b8%e5%b8%82','jp',1),
(513337,782835,'九戸郡軽米町','%e4%b9%9d%e6%88%b8%e9%83%a1%e8%bb%bd%e7%b1%b3%e7%94%ba','jp',1),
(513338,782835,'大船渡市','%e5%a4%a7%e8%88%b9%e6%b8%a1%e5%b8%82','jp',1),
(513339,782835,'久慈市','%e4%b9%85%e6%85%88%e5%b8%82','jp',1),
(513340,782835,'二戸郡一戸町','%e4%ba%8c%e6%88%b8%e9%83%a1%e4%b8%80%e6%88%b8%e7%94%ba','jp',1),
(513341,782836,'玖珂郡和木町','%e7%8e%96%e7%8f%82%e9%83%a1%e5%92%8c%e6%9c%a8%e7%94%ba','jp',1),
(513342,782836,'長門市','%e9%95%b7%e9%96%80%e5%b8%82','jp',1),
(513343,782836,'熊毛郡上関町','%e7%86%8a%e6%af%9b%e9%83%a1%e4%b8%8a%e9%96%a2%e7%94%ba','jp',1),
(513344,782836,'熊毛郡田布施町','%e7%86%8a%e6%af%9b%e9%83%a1%e7%94%b0%e5%b8%83%e6%96%bd%e7%94','jp',1),
(513345,782836,'大島郡周防大島町','%e5%a4%a7%e5%b3%b6%e9%83%a1%e5%91%a8%e9%98%b2%e5%a4%a7%e5%b3','jp',1),
(513346,782836,'萩市','%e8%90%a9%e5%b8%82','jp',1),
(513347,782836,'岩国市','%e5%b2%a9%e5%9b%bd%e5%b8%82','jp',1),
(513348,782836,'光市','%e5%85%89%e5%b8%82','jp',1),
(513349,782836,'山陽小野田市','%e5%b1%b1%e9%99%bd%e5%b0%8f%e9%87%8e%e7%94%b0%e5%b8%82','jp',1),
(513350,782836,'美祢市','%e7%be%8e%e7%a5%a2%e5%b8%82','jp',1),
(513351,782836,'山口市','%e5%b1%b1%e5%8f%a3%e5%b8%82','jp',1),
(513352,782836,'下関市','%e4%b8%8b%e9%96%a2%e5%b8%82','jp',1),
(513353,782836,'防府市','%e9%98%b2%e5%ba%9c%e5%b8%82','jp',1),
(513354,782836,'周南市','%e5%91%a8%e5%8d%97%e5%b8%82','jp',1),
(513355,782836,'下松市','%e4%b8%8b%e6%9d%be%e5%b8%82','jp',1),
(513356,782836,'熊毛郡平生町','%e7%86%8a%e6%af%9b%e9%83%a1%e5%b9%b3%e7%94%9f%e7%94%ba','jp',1),
(513357,782836,'宇部市','%e5%ae%87%e9%83%a8%e5%b8%82','jp',1),
(513358,782836,'阿武郡阿武町','%e9%98%bf%e6%ad%a6%e9%83%a1%e9%98%bf%e6%ad%a6%e7%94%ba','jp',1),
(513359,782836,'柳井市','%e6%9f%b3%e4%ba%95%e5%b8%82','jp',1),
(513360,782837,'安来市','%e5%ae%89%e6%9d%a5%e5%b8%82','jp',1),
(513361,782837,'邑智郡邑南町','%e9%82%91%e6%99%ba%e9%83%a1%e9%82%91%e5%8d%97%e7%94%ba','jp',1),
(513362,782837,'隠岐郡知夫村','%e9%9a%a0%e5%b2%90%e9%83%a1%e7%9f%a5%e5%a4%ab%e6%9d%91','jp',1),
(513363,782837,'隠岐郡隠岐の島町','%e9%9a%a0%e5%b2%90%e9%83%a1%e9%9a%a0%e5%b2%90%e3%81%ae%e5%b3','jp',1),
(513364,782837,'大田市','%e5%a4%a7%e7%94%b0%e5%b8%82','jp',1),
(513365,782837,'仁多郡奥出雲町','%e4%bb%81%e5%a4%9a%e9%83%a1%e5%a5%a5%e5%87%ba%e9%9b%b2%e7%94','jp',1),
(513366,782837,'松江市','%e6%9d%be%e6%b1%9f%e5%b8%82','jp',1),
(513367,782837,'邑智郡美郷町','%e9%82%91%e6%99%ba%e9%83%a1%e7%be%8e%e9%83%b7%e7%94%ba','jp',1),
(513368,782837,'益田市','%e7%9b%8a%e7%94%b0%e5%b8%82','jp',1),
(513369,782837,'江津市','%e6%b1%9f%e6%b4%a5%e5%b8%82','jp',1),
(513370,782837,'鹿足郡津和野町','%e9%b9%bf%e8%b6%b3%e9%83%a1%e6%b4%a5%e5%92%8c%e9%87%8e%e7%94','jp',1),
(513371,782837,'浜田市','%e6%b5%9c%e7%94%b0%e5%b8%82','jp',1),
(513372,782837,'邑智郡川本町','%e9%82%91%e6%99%ba%e9%83%a1%e5%b7%9d%e6%9c%ac%e7%94%ba','jp',1),
(513373,782837,'雲南市','%e9%9b%b2%e5%8d%97%e5%b8%82','jp',1),
(513374,782837,'飯石郡飯南町','%e9%a3%af%e7%9f%b3%e9%83%a1%e9%a3%af%e5%8d%97%e7%94%ba','jp',1),
(513375,782837,'鹿足郡吉賀町','%e9%b9%bf%e8%b6%b3%e9%83%a1%e5%90%89%e8%b3%80%e7%94%ba','jp',1),
(513376,782837,'隠岐郡海士町','%e9%9a%a0%e5%b2%90%e9%83%a1%e6%b5%b7%e5%a3%ab%e7%94%ba','jp',1),
(513377,782837,'出雲市','%e5%87%ba%e9%9b%b2%e5%b8%82','jp',1),
(513378,782837,'隠岐郡西ノ島町','%e9%9a%a0%e5%b2%90%e9%83%a1%e8%a5%bf%e3%83%8e%e5%b3%b6%e7%94','jp',1),
(513379,782838,'大田原市','%e5%a4%a7%e7%94%b0%e5%8e%9f%e5%b8%82','jp',1),
(513380,782838,'塩谷郡高根沢町','%e5%a1%a9%e8%b0%b7%e9%83%a1%e9%ab%98%e6%a0%b9%e6%b2%a2%e7%94','jp',1),
(513381,782838,'足利市','%e8%b6%b3%e5%88%a9%e5%b8%82','jp',1),
(513382,782838,'下都賀郡壬生町','%e4%b8%8b%e9%83%bd%e8%b3%80%e9%83%a1%e5%a3%ac%e7%94%9f%e7%94','jp',1),
(513383,782838,'さくら市','%e3%81%95%e3%81%8f%e3%82%89%e5%b8%82','jp',1),
(513384,782838,'河内郡上三川町','%e6%b2%b3%e5%86%85%e9%83%a1%e4%b8%8a%e4%b8%89%e5%b7%9d%e7%94','jp',1),
(513385,782838,'真岡市','%e7%9c%9f%e5%b2%a1%e5%b8%82','jp',1),
(513386,782838,'下都賀郡野木町','%e4%b8%8b%e9%83%bd%e8%b3%80%e9%83%a1%e9%87%8e%e6%9c%a8%e7%94','jp',1),
(513387,782838,'那須塩原市','%e9%82%a3%e9%a0%88%e5%a1%a9%e5%8e%9f%e5%b8%82','jp',1),
(513388,782838,'小山市','%e5%b0%8f%e5%b1%b1%e5%b8%82','jp',1),
(513389,782838,'芳賀郡芳賀町','%e8%8a%b3%e8%b3%80%e9%83%a1%e8%8a%b3%e8%b3%80%e7%94%ba','jp',1),
(513390,782838,'栃木市','%e6%a0%83%e6%9c%a8%e5%b8%82','jp',1),
(513391,782838,'芳賀郡益子町','%e8%8a%b3%e8%b3%80%e9%83%a1%e7%9b%8a%e5%ad%90%e7%94%ba','jp',1),
(513392,782838,'矢板市','%e7%9f%a2%e6%9d%bf%e5%b8%82','jp',1),
(513393,782838,'塩谷郡塩谷町','%e5%a1%a9%e8%b0%b7%e9%83%a1%e5%a1%a9%e8%b0%b7%e7%94%ba','jp',1),
(513394,782838,'那須烏山市','%e9%82%a3%e9%a0%88%e7%83%8f%e5%b1%b1%e5%b8%82','jp',1),
(513395,782838,'下野市','%e4%b8%8b%e9%87%8e%e5%b8%82','jp',1),
(513396,782838,'那須郡那珂川町','%e9%82%a3%e9%a0%88%e9%83%a1%e9%82%a3%e7%8f%82%e5%b7%9d%e7%94','jp',1),
(513397,782838,'宇都宮市','%e5%ae%87%e9%83%bd%e5%ae%ae%e5%b8%82','jp',1),
(513398,782838,'芳賀郡市貝町','%e8%8a%b3%e8%b3%80%e9%83%a1%e5%b8%82%e8%b2%9d%e7%94%ba','jp',1),
(513399,782838,'佐野市','%e4%bd%90%e9%87%8e%e5%b8%82','jp',1),
(513400,782838,'日光市','%e6%97%a5%e5%85%89%e5%b8%82','jp',1),
(513401,782838,'那須郡那須町','%e9%82%a3%e9%a0%88%e9%83%a1%e9%82%a3%e9%a0%88%e7%94%ba','jp',1),
(513402,782838,'芳賀郡茂木町','%e8%8a%b3%e8%b3%80%e9%83%a1%e8%8c%82%e6%9c%a8%e7%94%ba','jp',1),
(513403,782838,'鹿沼市','%e9%b9%bf%e6%b2%bc%e5%b8%82','jp',1),
(513404,782839,'南会津郡下郷町','%e5%8d%97%e4%bc%9a%e6%b4%a5%e9%83%a1%e4%b8%8b%e9%83%b7%e7%94','jp',1),
(513405,782839,'南相馬市','%e5%8d%97%e7%9b%b8%e9%a6%ac%e5%b8%82','jp',1),
(513406,782839,'河沼郡湯川村','%e6%b2%b3%e6%b2%bc%e9%83%a1%e6%b9%af%e5%b7%9d%e6%9d%91','jp',1),
(513407,782839,'双葉郡双葉町','%e5%8f%8c%e8%91%89%e9%83%a1%e5%8f%8c%e8%91%89%e7%94%ba','jp',1),
(513408,782839,'大沼郡会津美里町','%e5%a4%a7%e6%b2%bc%e9%83%a1%e4%bc%9a%e6%b4%a5%e7%be%8e%e9%87','jp',1),
(513409,782839,'本宮市','%e6%9c%ac%e5%ae%ae%e5%b8%82','jp',1),
(513410,782839,'伊達郡桑折町','%e4%bc%8a%e9%81%94%e9%83%a1%e6%a1%91%e6%8a%98%e7%94%ba','jp',1),
(513411,782839,'大沼郡金山町','%e5%a4%a7%e6%b2%bc%e9%83%a1%e9%87%91%e5%b1%b1%e7%94%ba','jp',1),
(513412,782839,'石川郡浅川町','%e7%9f%b3%e5%b7%9d%e9%83%a1%e6%b5%85%e5%b7%9d%e7%94%ba','jp',1),
(513413,782839,'双葉郡広野町','%e5%8f%8c%e8%91%89%e9%83%a1%e5%ba%83%e9%87%8e%e7%94%ba','jp',1),
(513414,782839,'双葉郡楢葉町','%e5%8f%8c%e8%91%89%e9%83%a1%e6%a5%a2%e8%91%89%e7%94%ba','jp',1),
(513415,782839,'東白川郡矢祭町','%e6%9d%b1%e7%99%bd%e5%b7%9d%e9%83%a1%e7%9f%a2%e7%a5%ad%e7%94','jp',1),
(513416,782839,'大沼郡昭和村','%e5%a4%a7%e6%b2%bc%e9%83%a1%e6%98%ad%e5%92%8c%e6%9d%91','jp',1),
(513417,782839,'伊達市','%e4%bc%8a%e9%81%94%e5%b8%82','jp',1),
(513418,782839,'岩瀬郡天栄村','%e5%b2%a9%e7%80%ac%e9%83%a1%e5%a4%a9%e6%a0%84%e6%9d%91','jp',1),
(513419,782839,'西白河郡中島村','%e8%a5%bf%e7%99%bd%e6%b2%b3%e9%83%a1%e4%b8%ad%e5%b3%b6%e6%9d','jp',1),
(513420,782839,'南会津郡只見町','%e5%8d%97%e4%bc%9a%e6%b4%a5%e9%83%a1%e5%8f%aa%e8%a6%8b%e7%94','jp',1),
(513421,782839,'双葉郡川内村','%e5%8f%8c%e8%91%89%e9%83%a1%e5%b7%9d%e5%86%85%e6%9d%91','jp',1),
(513422,782839,'田村市','%e7%94%b0%e6%9d%91%e5%b8%82','jp',1),
(513423,782839,'白河市','%e7%99%bd%e6%b2%b3%e5%b8%82','jp',1),
(513424,782839,'安達郡大玉村','%e5%ae%89%e9%81%94%e9%83%a1%e5%a4%a7%e7%8e%89%e6%9d%91','jp',1),
(513425,782839,'耶麻郡西会津町','%e8%80%b6%e9%ba%bb%e9%83%a1%e8%a5%bf%e4%bc%9a%e6%b4%a5%e7%94','jp',1),
(513426,782839,'耶麻郡磐梯町','%e8%80%b6%e9%ba%bb%e9%83%a1%e7%a3%90%e6%a2%af%e7%94%ba','jp',1),
(513427,782839,'いわき市','%e3%81%84%e3%82%8f%e3%81%8d%e5%b8%82','jp',1),
(513428,782839,'西白河郡矢吹町','%e8%a5%bf%e7%99%bd%e6%b2%b3%e9%83%a1%e7%9f%a2%e5%90%b9%e7%94','jp',1),
(513429,782839,'福島市','%e7%a6%8f%e5%b3%b6%e5%b8%82','jp',1),
(513430,782839,'耶麻郡北塩原村','%e8%80%b6%e9%ba%bb%e9%83%a1%e5%8c%97%e5%a1%a9%e5%8e%9f%e6%9d','jp',1),
(513431,782839,'大沼郡三島町','%e5%a4%a7%e6%b2%bc%e9%83%a1%e4%b8%89%e5%b3%b6%e7%94%ba','jp',1),
(513432,782839,'二本松市','%e4%ba%8c%e6%9c%ac%e6%9d%be%e5%b8%82','jp',1),
(513433,782839,'双葉郡大熊町','%e5%8f%8c%e8%91%89%e9%83%a1%e5%a4%a7%e7%86%8a%e7%94%ba','jp',1),
(513434,782839,'須賀川市','%e9%a0%88%e8%b3%80%e5%b7%9d%e5%b8%82','jp',1),
(513435,782839,'双葉郡浪江町','%e5%8f%8c%e8%91%89%e9%83%a1%e6%b5%aa%e6%b1%9f%e7%94%ba','jp',1),
(513436,782839,'石川郡玉川村','%e7%9f%b3%e5%b7%9d%e9%83%a1%e7%8e%89%e5%b7%9d%e6%9d%91','jp',1),
(513437,782839,'双葉郡葛尾村','%e5%8f%8c%e8%91%89%e9%83%a1%e8%91%9b%e5%b0%be%e6%9d%91','jp',1),
(513438,782839,'相馬郡飯舘村','%e7%9b%b8%e9%a6%ac%e9%83%a1%e9%a3%af%e8%88%98%e6%9d%91','jp',1),
(513439,782839,'双葉郡富岡町','%e5%8f%8c%e8%91%89%e9%83%a1%e5%af%8c%e5%b2%a1%e7%94%ba','jp',1),
(513440,782839,'伊達郡川俣町','%e4%bc%8a%e9%81%94%e9%83%a1%e5%b7%9d%e4%bf%a3%e7%94%ba','jp',1),
(513441,782839,'田村郡小野町','%e7%94%b0%e6%9d%91%e9%83%a1%e5%b0%8f%e9%87%8e%e7%94%ba','jp',1),
(513442,782839,'石川郡古殿町','%e7%9f%b3%e5%b7%9d%e9%83%a1%e5%8f%a4%e6%ae%bf%e7%94%ba','jp',1),
(513443,782839,'会津若松市','%e4%bc%9a%e6%b4%a5%e8%8b%a5%e6%9d%be%e5%b8%82','jp',1),
(513444,782839,'西白河郡西郷村','%e8%a5%bf%e7%99%bd%e6%b2%b3%e9%83%a1%e8%a5%bf%e9%83%b7%e6%9d','jp',1),
(513445,782839,'耶麻郡猪苗代町','%e8%80%b6%e9%ba%bb%e9%83%a1%e7%8c%aa%e8%8b%97%e4%bb%a3%e7%94','jp',1),
(513446,782839,'郡山市','%e9%83%a1%e5%b1%b1%e5%b8%82','jp',1),
(513447,782839,'南会津郡檜枝岐村','%e5%8d%97%e4%bc%9a%e6%b4%a5%e9%83%a1%e6%aa%9c%e6%9e%9d%e5%b2','jp',1),
(513448,782839,'河沼郡柳津町','%e6%b2%b3%e6%b2%bc%e9%83%a1%e6%9f%b3%e6%b4%a5%e7%94%ba','jp',1),
(513449,782839,'相馬市','%e7%9b%b8%e9%a6%ac%e5%b8%82','jp',1),
(513450,782839,'石川郡平田村','%e7%9f%b3%e5%b7%9d%e9%83%a1%e5%b9%b3%e7%94%b0%e6%9d%91','jp',1),
(513451,782839,'西白河郡泉崎村','%e8%a5%bf%e7%99%bd%e6%b2%b3%e9%83%a1%e6%b3%89%e5%b4%8e%e6%9d','jp',1),
(513452,782839,'喜多方市','%e5%96%9c%e5%a4%9a%e6%96%b9%e5%b8%82','jp',1),
(513453,782839,'石川郡石川町','%e7%9f%b3%e5%b7%9d%e9%83%a1%e7%9f%b3%e5%b7%9d%e7%94%ba','jp',1),
(513454,782839,'南会津郡南会津町','%e5%8d%97%e4%bc%9a%e6%b4%a5%e9%83%a1%e5%8d%97%e4%bc%9a%e6%b4','jp',1),
(513455,782839,'東白川郡鮫川村','%e6%9d%b1%e7%99%bd%e5%b7%9d%e9%83%a1%e9%ae%ab%e5%b7%9d%e6%9d','jp',1),
(513456,782839,'河沼郡会津坂下町','%e6%b2%b3%e6%b2%bc%e9%83%a1%e4%bc%9a%e6%b4%a5%e5%9d%82%e4%b8','jp',1),
(513457,782839,'伊達郡国見町','%e4%bc%8a%e9%81%94%e9%83%a1%e5%9b%bd%e8%a6%8b%e7%94%ba','jp',1),
(513458,782839,'田村郡三春町','%e7%94%b0%e6%9d%91%e9%83%a1%e4%b8%89%e6%98%a5%e7%94%ba','jp',1),
(513459,782839,'東白川郡棚倉町','%e6%9d%b1%e7%99%bd%e5%b7%9d%e9%83%a1%e6%a3%9a%e5%80%89%e7%94','jp',1),
(513460,782839,'東白川郡塙町','%e6%9d%b1%e7%99%bd%e5%b7%9d%e9%83%a1%e5%a1%99%e7%94%ba','jp',1),
(513461,782839,'相馬郡新地町','%e7%9b%b8%e9%a6%ac%e9%83%a1%e6%96%b0%e5%9c%b0%e7%94%ba','jp',1),
(513462,782839,'岩瀬郡鏡石町','%e5%b2%a9%e7%80%ac%e9%83%a1%e9%8f%a1%e7%9f%b3%e7%94%ba','jp',1),
(513463,782840,'嬉野市','%e5%ac%89%e9%87%8e%e5%b8%82','jp',1),
(513464,782840,'武雄市','%e6%ad%a6%e9%9b%84%e5%b8%82','jp',1),
(513465,782840,'多久市','%e5%a4%9a%e4%b9%85%e5%b8%82','jp',1),
(513466,782840,'三養基郡基山町','%e4%b8%89%e9%a4%8a%e5%9f%ba%e9%83%a1%e5%9f%ba%e5%b1%b1%e7%94','jp',1),
(513467,782840,'鹿島市','%e9%b9%bf%e5%b3%b6%e5%b8%82','jp',1),
(513468,782840,'三養基郡みやき町','%e4%b8%89%e9%a4%8a%e5%9f%ba%e9%83%a1%e3%81%bf%e3%82%84%e3%81','jp',1),
(513469,782840,'小城市','%e5%b0%8f%e5%9f%8e%e5%b8%82','jp',1),
(513470,782840,'鳥栖市','%e9%b3%a5%e6%a0%96%e5%b8%82','jp',1),
(513471,782840,'三養基郡上峰町','%e4%b8%89%e9%a4%8a%e5%9f%ba%e9%83%a1%e4%b8%8a%e5%b3%b0%e7%94','jp',1),
(513472,782840,'杵島郡江北町','%e6%9d%b5%e5%b3%b6%e9%83%a1%e6%b1%9f%e5%8c%97%e7%94%ba','jp',1),
(513473,782840,'神埼市','%e7%a5%9e%e5%9f%bc%e5%b8%82','jp',1),
(513474,782840,'唐津市','%e5%94%90%e6%b4%a5%e5%b8%82','jp',1),
(513475,782840,'藤津郡太良町','%e8%97%a4%e6%b4%a5%e9%83%a1%e5%a4%aa%e8%89%af%e7%94%ba','jp',1),
(513476,782840,'神埼郡吉野ヶ里町','%e7%a5%9e%e5%9f%bc%e9%83%a1%e5%90%89%e9%87%8e%e3%83%b6%e9%87','jp',1),
(513477,782840,'杵島郡白石町','%e6%9d%b5%e5%b3%b6%e9%83%a1%e7%99%bd%e7%9f%b3%e7%94%ba','jp',1),
(513478,782840,'伊万里市','%e4%bc%8a%e4%b8%87%e9%87%8c%e5%b8%82','jp',1),
(513479,782840,'西松浦郡有田町','%e8%a5%bf%e6%9d%be%e6%b5%a6%e9%83%a1%e6%9c%89%e7%94%b0%e7%94','jp',1),
(513480,782840,'東松浦郡玄海町','%e6%9d%b1%e6%9d%be%e6%b5%a6%e9%83%a1%e7%8e%84%e6%b5%b7%e7%94','jp',1),
(513481,782840,'佐賀市','%e4%bd%90%e8%b3%80%e5%b8%82','jp',1),
(513482,782840,'杵島郡大町町','%e6%9d%b5%e5%b3%b6%e9%83%a1%e5%a4%a7%e7%94%ba%e7%94%ba','jp',1),
(513483,782841,'あきる野市','%e3%81%82%e3%81%8d%e3%82%8b%e9%87%8e%e5%b8%82','jp',1),
(513484,782841,'新宿区','%e6%96%b0%e5%ae%bf%e5%8c%ba','jp',1),
(513485,782841,'豊島区','%e8%b1%8a%e5%b3%b6%e5%8c%ba','jp',1),
(513486,782841,'日野市','%e6%97%a5%e9%87%8e%e5%b8%82','jp',1),
(513487,782841,'足立区','%e8%b6%b3%e7%ab%8b%e5%8c%ba','jp',1),
(513488,782841,'武蔵野市','%e6%ad%a6%e8%94%b5%e9%87%8e%e5%b8%82','jp',1),
(513489,782841,'目黒区','%e7%9b%ae%e9%bb%92%e5%8c%ba','jp',1),
(513490,782841,'品川区','%e5%93%81%e5%b7%9d%e5%8c%ba','jp',1),
(513491,782841,'西多摩郡檜原村','%e8%a5%bf%e5%a4%9a%e6%91%a9%e9%83%a1%e6%aa%9c%e5%8e%9f%e6%9d','jp',1),
(513492,782841,'西東京市','%e8%a5%bf%e6%9d%b1%e4%ba%ac%e5%b8%82','jp',1),
(513493,782841,'小笠原支庁','%e5%b0%8f%e7%ac%a0%e5%8e%9f%e6%94%af%e5%ba%81','jp',1),
(513494,782841,'葛飾区','%e8%91%9b%e9%a3%be%e5%8c%ba','jp',1),
(513495,782841,'大田区','%e5%a4%a7%e7%94%b0%e5%8c%ba','jp',1),
(513496,782841,'西多摩郡日の出町','%e8%a5%bf%e5%a4%9a%e6%91%a9%e9%83%a1%e6%97%a5%e3%81%ae%e5%87','jp',1),
(513497,782841,'小笠原村','%e5%b0%8f%e7%ac%a0%e5%8e%9f%e6%9d%91','jp',1),
(513498,782841,'三宅島三宅村','%e4%b8%89%e5%ae%85%e5%b3%b6%e4%b8%89%e5%ae%85%e6%9d%91','jp',1),
(513499,782841,'西多摩郡奥多摩町','%e8%a5%bf%e5%a4%9a%e6%91%a9%e9%83%a1%e5%a5%a5%e5%a4%9a%e6%91','jp',1),
(513500,782841,'杉並区','%e6%9d%89%e4%b8%a6%e5%8c%ba','jp',1),
(513501,782841,'大島町','%e5%a4%a7%e5%b3%b6%e7%94%ba','jp',1),
(513502,782841,'神津島村','%e7%a5%9e%e6%b4%a5%e5%b3%b6%e6%9d%91','jp',1),
(513503,782841,'国分寺市','%e5%9b%bd%e5%88%86%e5%af%ba%e5%b8%82','jp',1),
(513504,782841,'御蔵島村','%e5%be%a1%e8%94%b5%e5%b3%b6%e6%9d%91','jp',1),
(513505,782841,'東久留米市','%e6%9d%b1%e4%b9%85%e7%95%99%e7%b1%b3%e5%b8%82','jp',1),
(513506,782841,'港区','%e6%b8%af%e5%8c%ba','jp',1),
(513507,782841,'立川市','%e7%ab%8b%e5%b7%9d%e5%b8%82','jp',1),
(513508,782841,'福生市','%e7%a6%8f%e7%94%9f%e5%b8%82','jp',1),
(513509,782841,'千代田区','%e5%8d%83%e4%bb%a3%e7%94%b0%e5%8c%ba','jp',1),
(513510,782841,'八王子市','%e5%85%ab%e7%8e%8b%e5%ad%90%e5%b8%82','jp',1),
(513511,782841,'武蔵村山市','%e6%ad%a6%e8%94%b5%e6%9d%91%e5%b1%b1%e5%b8%82','jp',1),
(513512,782841,'台東区','%e5%8f%b0%e6%9d%b1%e5%8c%ba','jp',1),
(513513,782841,'昭島市','%e6%98%ad%e5%b3%b6%e5%b8%82','jp',1),
(513514,782841,'新島村','%e6%96%b0%e5%b3%b6%e6%9d%91','jp',1),
(513515,782841,'府中市','%e5%ba%9c%e4%b8%ad%e5%b8%82','jp',1),
(513516,782841,'東大和市','%e6%9d%b1%e5%a4%a7%e5%92%8c%e5%b8%82','jp',1),
(513517,782841,'八丈島八丈町','%e5%85%ab%e4%b8%88%e5%b3%b6%e5%85%ab%e4%b8%88%e7%94%ba','jp',1),
(513518,782841,'利島村','%e5%88%a9%e5%b3%b6%e6%9d%91','jp',1),
(513519,782841,'東村山市','%e6%9d%b1%e6%9d%91%e5%b1%b1%e5%b8%82','jp',1),
(513520,782841,'町田市','%e7%94%ba%e7%94%b0%e5%b8%82','jp',1),
(513521,782841,'北区','%e5%8c%97%e5%8c%ba','jp',1),
(513522,782841,'清瀬市','%e6%b8%85%e7%80%ac%e5%b8%82','jp',1),
(513523,782841,'三宅支庁','%e4%b8%89%e5%ae%85%e6%94%af%e5%ba%81','jp',1),
(513524,782841,'西多摩郡瑞穂町','%e8%a5%bf%e5%a4%9a%e6%91%a9%e9%83%a1%e7%91%9e%e7%a9%82%e7%94','jp',1),
(513525,782841,'狛江市','%e7%8b%9b%e6%b1%9f%e5%b8%82','jp',1),
(513526,782841,'調布市','%e8%aa%bf%e5%b8%83%e5%b8%82','jp',1),
(513527,782841,'三鷹市','%e4%b8%89%e9%b7%b9%e5%b8%82','jp',1),
(513528,782841,'練馬区','%e7%b7%b4%e9%a6%ac%e5%8c%ba','jp',1),
(513529,782841,'八丈支庁','%e5%85%ab%e4%b8%88%e6%94%af%e5%ba%81','jp',1),
(513530,782841,'世田谷区','%e4%b8%96%e7%94%b0%e8%b0%b7%e5%8c%ba','jp',1),
(513531,782841,'荒川区','%e8%8d%92%e5%b7%9d%e5%8c%ba','jp',1),
(513532,782841,'渋谷区','%e6%b8%8b%e8%b0%b7%e5%8c%ba','jp',1),
(513533,782841,'文京区','%e6%96%87%e4%ba%ac%e5%8c%ba','jp',1),
(513534,782841,'国立市','%e5%9b%bd%e7%ab%8b%e5%b8%82','jp',1),
(513535,782841,'青梅市','%e9%9d%92%e6%a2%85%e5%b8%82','jp',1),
(513536,782841,'中央区','%e4%b8%ad%e5%a4%ae%e5%8c%ba','jp',1),
(513537,782841,'小平市','%e5%b0%8f%e5%b9%b3%e5%b8%82','jp',1),
(513538,782841,'墨田区','%e5%a2%a8%e7%94%b0%e5%8c%ba','jp',1),
(513539,782841,'稲城市','%e7%a8%b2%e5%9f%8e%e5%b8%82','jp',1),
(513540,782841,'青ヶ島村','%e9%9d%92%e3%83%b6%e5%b3%b6%e6%9d%91','jp',1),
(513541,782841,'江戸川区','%e6%b1%9f%e6%88%b8%e5%b7%9d%e5%8c%ba','jp',1),
(513542,782841,'中野区','%e4%b8%ad%e9%87%8e%e5%8c%ba','jp',1),
(513543,782841,'多摩市','%e5%a4%9a%e6%91%a9%e5%b8%82','jp',1),
(513544,782841,'小金井市','%e5%b0%8f%e9%87%91%e4%ba%95%e5%b8%82','jp',1),
(513545,782841,'板橋区','%e6%9d%bf%e6%a9%8b%e5%8c%ba','jp',1),
(513546,782841,'江東区','%e6%b1%9f%e6%9d%b1%e5%8c%ba','jp',1),
(513547,782841,'羽村市','%e7%be%bd%e6%9d%91%e5%b8%82','jp',1),
(513548,782841,'大島支庁','%e5%a4%a7%e5%b3%b6%e6%94%af%e5%ba%81','jp',1),
(513549,782842,'仲多度郡多度津町','%e4%bb%b2%e5%a4%9a%e5%ba%a6%e9%83%a1%e5%a4%9a%e5%ba%a6%e6%b4','jp',1),
(513550,782842,'坂出市','%e5%9d%82%e5%87%ba%e5%b8%82','jp',1),
(513551,782842,'小豆郡小豆島町','%e5%b0%8f%e8%b1%86%e9%83%a1%e5%b0%8f%e8%b1%86%e5%b3%b6%e7%94','jp',1),
(513552,782842,'東かがわ市','%e6%9d%b1%e3%81%8b%e3%81%8c%e3%82%8f%e5%b8%82','jp',1),
(513553,782842,'小豆郡土庄町','%e5%b0%8f%e8%b1%86%e9%83%a1%e5%9c%9f%e5%ba%84%e7%94%ba','jp',1),
(513554,782842,'香川郡直島町','%e9%a6%99%e5%b7%9d%e9%83%a1%e7%9b%b4%e5%b3%b6%e7%94%ba','jp',1),
(513555,782842,'三豊市','%e4%b8%89%e8%b1%8a%e5%b8%82','jp',1),
(513556,782842,'観音寺市','%e8%a6%b3%e9%9f%b3%e5%af%ba%e5%b8%82','jp',1),
(513557,782842,'綾歌郡宇多津町','%e7%b6%be%e6%ad%8c%e9%83%a1%e5%ae%87%e5%a4%9a%e6%b4%a5%e7%94','jp',1),
(513558,782842,'仲多度郡まんのう町','%e4%bb%b2%e5%a4%9a%e5%ba%a6%e9%83%a1%e3%81%be%e3%82%93%e3%81','jp',1),
(513559,782842,'さぬき市','%e3%81%95%e3%81%ac%e3%81%8d%e5%b8%82','jp',1),
(513560,782842,'綾歌郡綾川町','%e7%b6%be%e6%ad%8c%e9%83%a1%e7%b6%be%e5%b7%9d%e7%94%ba','jp',1),
(513561,782842,'高松市','%e9%ab%98%e6%9d%be%e5%b8%82','jp',1),
(513562,782842,'仲多度郡琴平町','%e4%bb%b2%e5%a4%9a%e5%ba%a6%e9%83%a1%e7%90%b4%e5%b9%b3%e7%94','jp',1),
(513563,782842,'木田郡三木町','%e6%9c%a8%e7%94%b0%e9%83%a1%e4%b8%89%e6%9c%a8%e7%94%ba','jp',1),
(513564,782842,'丸亀市','%e4%b8%b8%e4%ba%80%e5%b8%82','jp',1),
(513565,782842,'善通寺市','%e5%96%84%e9%80%9a%e5%af%ba%e5%b8%82','jp',1),
(513566,782843,'尾鷲市','%e5%b0%be%e9%b7%b2%e5%b8%82','jp',1),
(513567,782843,'名張市','%e5%90%8d%e5%bc%b5%e5%b8%82','jp',1),
(513568,782843,'南牟婁郡紀宝町','%e5%8d%97%e7%89%9f%e5%a9%81%e9%83%a1%e7%b4%80%e5%ae%9d%e7%94','jp',1),
(513569,782843,'鳥羽市','%e9%b3%a5%e7%be%bd%e5%b8%82','jp',1),
(513570,782843,'度会郡南伊勢町','%e5%ba%a6%e4%bc%9a%e9%83%a1%e5%8d%97%e4%bc%8a%e5%8b%a2%e7%94','jp',1),
(513571,782843,'度会郡度会町','%e5%ba%a6%e4%bc%9a%e9%83%a1%e5%ba%a6%e4%bc%9a%e7%94%ba','jp',1),
(513572,782843,'津市','%e6%b4%a5%e5%b8%82','jp',1),
(513573,782843,'三重郡川越町','%e4%b8%89%e9%87%8d%e9%83%a1%e5%b7%9d%e8%b6%8a%e7%94%ba','jp',1),
(513574,782843,'三重郡菰野町','%e4%b8%89%e9%87%8d%e9%83%a1%e8%8f%b0%e9%87%8e%e7%94%ba','jp',1),
(513575,782843,'桑名市','%e6%a1%91%e5%90%8d%e5%b8%82','jp',1),
(513576,782843,'三重郡朝日町','%e4%b8%89%e9%87%8d%e9%83%a1%e6%9c%9d%e6%97%a5%e7%94%ba','jp',1),
(513577,782843,'鈴鹿市','%e9%88%b4%e9%b9%bf%e5%b8%82','jp',1),
(513578,782843,'度会郡大紀町','%e5%ba%a6%e4%bc%9a%e9%83%a1%e5%a4%a7%e7%b4%80%e7%94%ba','jp',1),
(513579,782843,'度会郡玉城町','%e5%ba%a6%e4%bc%9a%e9%83%a1%e7%8e%89%e5%9f%8e%e7%94%ba','jp',1),
(513580,782843,'桑名郡木曽岬町','%e6%a1%91%e5%90%8d%e9%83%a1%e6%9c%a8%e6%9b%bd%e5%b2%ac%e7%94','jp',1),
(513581,782843,'多気郡明和町','%e5%a4%9a%e6%b0%97%e9%83%a1%e6%98%8e%e5%92%8c%e7%94%ba','jp',1),
(513582,782843,'伊勢市','%e4%bc%8a%e5%8b%a2%e5%b8%82','jp',1),
(513583,782843,'熊野市','%e7%86%8a%e9%87%8e%e5%b8%82','jp',1),
(513584,782843,'いなべ市','%e3%81%84%e3%81%aa%e3%81%b9%e5%b8%82','jp',1),
(513585,782843,'四日市市','%e5%9b%9b%e6%97%a5%e5%b8%82%e5%b8%82','jp',1),
(513586,782843,'伊賀市','%e4%bc%8a%e8%b3%80%e5%b8%82','jp',1),
(513587,782843,'多気郡大台町','%e5%a4%9a%e6%b0%97%e9%83%a1%e5%a4%a7%e5%8f%b0%e7%94%ba','jp',1),
(513588,782843,'志摩市','%e5%bf%97%e6%91%a9%e5%b8%82','jp',1),
(513589,782843,'松阪市','%e6%9d%be%e9%98%aa%e5%b8%82','jp',1),
(513590,782843,'南牟婁郡御浜町','%e5%8d%97%e7%89%9f%e5%a9%81%e9%83%a1%e5%be%a1%e6%b5%9c%e7%94','jp',1),
(513591,782843,'多気郡多気町','%e5%a4%9a%e6%b0%97%e9%83%a1%e5%a4%9a%e6%b0%97%e7%94%ba','jp',1),
(513592,782843,'員弁郡東員町','%e5%93%a1%e5%bc%81%e9%83%a1%e6%9d%b1%e5%93%a1%e7%94%ba','jp',1),
(513593,782843,'北牟婁郡紀北町','%e5%8c%97%e7%89%9f%e5%a9%81%e9%83%a1%e7%b4%80%e5%8c%97%e7%94','jp',1),
(513594,782843,'亀山市','%e4%ba%80%e5%b1%b1%e5%b8%82','jp',1),
(513595,782844,'苫前郡初山別村','%e8%8b%ab%e5%89%8d%e9%83%a1%e5%88%9d%e5%b1%b1%e5%88%a5%e6%9d','jp',1),
(513596,782844,'苫前郡苫前町','%e8%8b%ab%e5%89%8d%e9%83%a1%e8%8b%ab%e5%89%8d%e7%94%ba','jp',1),
(513597,782844,'瀬棚郡今金町','%e7%80%ac%e6%a3%9a%e9%83%a1%e4%bb%8a%e9%87%91%e7%94%ba','jp',1),
(513598,782844,'網走郡津別町','%e7%b6%b2%e8%b5%b0%e9%83%a1%e6%b4%a5%e5%88%a5%e7%94%ba','jp',1),
(513599,782844,'夕張郡長沼町','%e5%a4%95%e5%bc%b5%e9%83%a1%e9%95%b7%e6%b2%bc%e7%94%ba','jp',1),
(513600,782844,'国後郡留夜別村','%e5%9b%bd%e5%be%8c%e9%83%a1%e7%95%99%e5%a4%9c%e5%88%a5%e6%9d','jp',1),
(513601,782844,'雨竜郡妹背牛町','%e9%9b%a8%e7%ab%9c%e9%83%a1%e5%a6%b9%e8%83%8c%e7%89%9b%e7%94','jp',1),
(513602,782844,'美唄市','%e7%be%8e%e5%94%84%e5%b8%82','jp',1),
(513603,782844,'天塩郡豊富町','%e5%a4%a9%e5%a1%a9%e9%83%a1%e8%b1%8a%e5%af%8c%e7%94%ba','jp',1),
(513604,782844,'枝幸郡枝幸町','%e6%9e%9d%e5%b9%b8%e9%83%a1%e6%9e%9d%e5%b9%b8%e7%94%ba','jp',1),
(513605,782844,'紋別郡遠軽町','%e7%b4%8b%e5%88%a5%e9%83%a1%e9%81%a0%e8%bb%bd%e7%94%ba','jp',1),
(513606,782844,'河東郡士幌町','%e6%b2%b3%e6%9d%b1%e9%83%a1%e5%a3%ab%e5%b9%8c%e7%94%ba','jp',1),
(513607,782844,'川上郡標茶町','%e5%b7%9d%e4%b8%8a%e9%83%a1%e6%a8%99%e8%8c%b6%e7%94%ba','jp',1),
(513608,782844,'夕張郡由仁町','%e5%a4%95%e5%bc%b5%e9%83%a1%e7%94%b1%e4%bb%81%e7%94%ba','jp',1),
(513609,782844,'上川郡新得町','%e4%b8%8a%e5%b7%9d%e9%83%a1%e6%96%b0%e5%be%97%e7%94%ba','jp',1),
(513610,782844,'河東郡上士幌町','%e6%b2%b3%e6%9d%b1%e9%83%a1%e4%b8%8a%e5%a3%ab%e5%b9%8c%e7%94','jp',1),
(513611,782844,'釧路市','%e9%87%a7%e8%b7%af%e5%b8%82','jp',1),
(513612,782844,'上川郡東神楽町','%e4%b8%8a%e5%b7%9d%e9%83%a1%e6%9d%b1%e7%a5%9e%e6%a5%bd%e7%94','jp',1),
(513613,782844,'雨竜郡秩父別町','%e9%9b%a8%e7%ab%9c%e9%83%a1%e7%a7%a9%e7%88%b6%e5%88%a5%e7%94','jp',1),
(513614,782844,'目梨郡羅臼町','%e7%9b%ae%e6%a2%a8%e9%83%a1%e7%be%85%e8%87%bc%e7%94%ba','jp',1),
(513615,782844,'石狩市','%e7%9f%b3%e7%8b%a9%e5%b8%82','jp',1),
(513616,782844,'河西郡芽室町','%e6%b2%b3%e8%a5%bf%e9%83%a1%e8%8a%bd%e5%ae%a4%e7%94%ba','jp',1),
(513617,782844,'斜里郡斜里町','%e6%96%9c%e9%87%8c%e9%83%a1%e6%96%9c%e9%87%8c%e7%94%ba','jp',1),
(513618,782844,'奥尻郡奥尻町','%e5%a5%a5%e5%b0%bb%e9%83%a1%e5%a5%a5%e5%b0%bb%e7%94%ba','jp',1),
(513619,782844,'札幌市中央区','%e6%9c%ad%e5%b9%8c%e5%b8%82%e4%b8%ad%e5%a4%ae%e5%8c%ba','jp',1),
(513620,782844,'樺戸郡月形町','%e6%a8%ba%e6%88%b8%e9%83%a1%e6%9c%88%e5%bd%a2%e7%94%ba','jp',1),
(513621,782844,'野付郡別海町','%e9%87%8e%e4%bb%98%e9%83%a1%e5%88%a5%e6%b5%b7%e7%94%ba','jp',1),
(513622,782844,'留萌市','%e7%95%99%e8%90%8c%e5%b8%82','jp',1),
(513623,782844,'厚岸郡厚岸町','%e5%8e%9a%e5%b2%b8%e9%83%a1%e5%8e%9a%e5%b2%b8%e7%94%ba','jp',1),
(513624,782844,'上川郡比布町','%e4%b8%8a%e5%b7%9d%e9%83%a1%e6%af%94%e5%b8%83%e7%94%ba','jp',1),
(513625,782844,'岩見沢市','%e5%b2%a9%e8%a6%8b%e6%b2%a2%e5%b8%82','jp',1),
(513626,782844,'河西郡中札内村','%e6%b2%b3%e8%a5%bf%e9%83%a1%e4%b8%ad%e6%9c%ad%e5%86%85%e6%9d','jp',1),
(513627,782844,'空知郡南幌町','%e7%a9%ba%e7%9f%a5%e9%83%a1%e5%8d%97%e5%b9%8c%e7%94%ba','jp',1),
(513628,782844,'空知郡上富良野町','%e7%a9%ba%e7%9f%a5%e9%83%a1%e4%b8%8a%e5%af%8c%e8%89%af%e9%87','jp',1),
(513629,782844,'標津郡標津町','%e6%a8%99%e6%b4%a5%e9%83%a1%e6%a8%99%e6%b4%a5%e7%94%ba','jp',1),
(513630,782844,'中川郡美深町','%e4%b8%ad%e5%b7%9d%e9%83%a1%e7%be%8e%e6%b7%b1%e7%94%ba','jp',1),
(513631,782844,'河東郡音更町','%e6%b2%b3%e6%9d%b1%e9%83%a1%e9%9f%b3%e6%9b%b4%e7%94%ba','jp',1),
(513632,782844,'檜山郡上ノ国町','%e6%aa%9c%e5%b1%b1%e9%83%a1%e4%b8%8a%e3%83%8e%e5%9b%bd%e7%94','jp',1),
(513633,782844,'北広島市','%e5%8c%97%e5%ba%83%e5%b3%b6%e5%b8%82','jp',1),
(513634,782844,'樺戸郡新十津川町','%e6%a8%ba%e6%88%b8%e9%83%a1%e6%96%b0%e5%8d%81%e6%b4%a5%e5%b7','jp',1),
(513635,782844,'網走市','%e7%b6%b2%e8%b5%b0%e5%b8%82','jp',1),
(513636,782844,'空知郡南富良野町','%e7%a9%ba%e7%9f%a5%e9%83%a1%e5%8d%97%e5%af%8c%e8%89%af%e9%87','jp',1),
(513637,782844,'増毛郡増毛町','%e5%a2%97%e6%af%9b%e9%83%a1%e5%a2%97%e6%af%9b%e7%94%ba','jp',1),
(513638,782844,'札幌市西区','%e6%9c%ad%e5%b9%8c%e5%b8%82%e8%a5%bf%e5%8c%ba','jp',1),
(513639,782844,'中川郡中川町','%e4%b8%ad%e5%b7%9d%e9%83%a1%e4%b8%ad%e5%b7%9d%e7%94%ba','jp',1),
(513640,782844,'千歳市','%e5%8d%83%e6%ad%b3%e5%b8%82','jp',1),
(513641,782844,'択捉郡留別村','%e6%8a%9e%e6%8d%89%e9%83%a1%e7%95%99%e5%88%a5%e6%9d%91','jp',1),
(513642,782844,'紋別郡興部町','%e7%b4%8b%e5%88%a5%e9%83%a1%e8%88%88%e9%83%a8%e7%94%ba','jp',1),
(513643,782844,'中川郡幕別町','%e4%b8%ad%e5%b7%9d%e9%83%a1%e5%b9%95%e5%88%a5%e7%94%ba','jp',1),
(513644,782844,'上川郡愛別町','%e4%b8%8a%e5%b7%9d%e9%83%a1%e6%84%9b%e5%88%a5%e7%94%ba','jp',1),
(513645,782844,'宗谷郡猿払村','%e5%ae%97%e8%b0%b7%e9%83%a1%e7%8c%bf%e6%89%95%e6%9d%91','jp',1),
(513646,782844,'上磯郡木古内町','%e4%b8%8a%e7%a3%af%e9%83%a1%e6%9c%a8%e5%8f%a4%e5%86%85%e7%94','jp',1),
(513647,782844,'白糠郡白糠町','%e7%99%bd%e7%b3%a0%e9%83%a1%e7%99%bd%e7%b3%a0%e7%94%ba','jp',1),
(513648,782844,'古宇郡神恵内村','%e5%8f%a4%e5%ae%87%e9%83%a1%e7%a5%9e%e6%81%b5%e5%86%85%e6%9d','jp',1),
(513649,782844,'松前郡松前町','%e6%9d%be%e5%89%8d%e9%83%a1%e6%9d%be%e5%89%8d%e7%94%ba','jp',1),
(513650,782844,'斜里郡小清水町','%e6%96%9c%e9%87%8c%e9%83%a1%e5%b0%8f%e6%b8%85%e6%b0%b4%e7%94','jp',1),
(513651,782844,'雨竜郡幌加内町','%e9%9b%a8%e7%ab%9c%e9%83%a1%e5%b9%8c%e5%8a%a0%e5%86%85%e7%94','jp',1),
(513652,782844,'中川郡池田町','%e4%b8%ad%e5%b7%9d%e9%83%a1%e6%b1%a0%e7%94%b0%e7%94%ba','jp',1),
(513653,782844,'苫前郡羽幌町','%e8%8b%ab%e5%89%8d%e9%83%a1%e7%be%bd%e5%b9%8c%e7%94%ba','jp',1),
(513654,782844,'名寄市','%e5%90%8d%e5%af%84%e5%b8%82','jp',1),
(513655,782844,'上川郡下川町','%e4%b8%8a%e5%b7%9d%e9%83%a1%e4%b8%8b%e5%b7%9d%e7%94%ba','jp',1),
(513656,782844,'広尾郡大樹町','%e5%ba%83%e5%b0%be%e9%83%a1%e5%a4%a7%e6%a8%b9%e7%94%ba','jp',1),
(513657,782844,'上川郡和寒町','%e4%b8%8a%e5%b7%9d%e9%83%a1%e5%92%8c%e5%af%92%e7%94%ba','jp',1),
(513658,782844,'恵庭市','%e6%81%b5%e5%ba%ad%e5%b8%82','jp',1),
(513659,782844,'二海郡八雲町','%e4%ba%8c%e6%b5%b7%e9%83%a1%e5%85%ab%e9%9b%b2%e7%94%ba','jp',1),
(513660,782844,'北斗市','%e5%8c%97%e6%96%97%e5%b8%82','jp',1),
(513661,782844,'雨竜郡沼田町','%e9%9b%a8%e7%ab%9c%e9%83%a1%e6%b2%bc%e7%94%b0%e7%94%ba','jp',1),
(513662,782844,'紋別郡西興部村','%e7%b4%8b%e5%88%a5%e9%83%a1%e8%a5%bf%e8%88%88%e9%83%a8%e6%9d','jp',1),
(513663,782844,'士別市','%e5%a3%ab%e5%88%a5%e5%b8%82','jp',1),
(513664,782844,'苫小牧市','%e8%8b%ab%e5%b0%8f%e7%89%a7%e5%b8%82','jp',1),
(513665,782844,'斜里郡清里町','%e6%96%9c%e9%87%8c%e9%83%a1%e6%b8%85%e9%87%8c%e7%94%ba','jp',1),
(513666,782844,'石狩郡当別町','%e7%9f%b3%e7%8b%a9%e9%83%a1%e5%bd%93%e5%88%a5%e7%94%ba','jp',1),
(513667,782844,'帯広市','%e5%b8%af%e5%ba%83%e5%b8%82','jp',1),
(513668,782844,'登別市','%e7%99%bb%e5%88%a5%e5%b8%82','jp',1),
(513669,782844,'札幌市北区','%e6%9c%ad%e5%b9%8c%e5%b8%82%e5%8c%97%e5%8c%ba','jp',1),
(513670,782844,'勇払郡占冠村','%e5%8b%87%e6%89%95%e9%83%a1%e5%8d%a0%e5%86%a0%e6%9d%91','jp',1),
(513671,782844,'伊達市','%e4%bc%8a%e9%81%94%e5%b8%82','jp',1),
(513672,782844,'積丹郡積丹町','%e7%a9%8d%e4%b8%b9%e9%83%a1%e7%a9%8d%e4%b8%b9%e7%94%ba','jp',1),
(513673,782844,'富良野市','%e5%af%8c%e8%89%af%e9%87%8e%e5%b8%82','jp',1),
(513674,782844,'紋別郡雄武町','%e7%b4%8b%e5%88%a5%e9%83%a1%e9%9b%84%e6%ad%a6%e7%94%ba','jp',1),
(513675,782844,'茅部郡鹿部町','%e8%8c%85%e9%83%a8%e9%83%a1%e9%b9%bf%e9%83%a8%e7%94%ba','jp',1),
(513676,782844,'紋別郡滝上町','%e7%b4%8b%e5%88%a5%e9%83%a1%e6%bb%9d%e4%b8%8a%e7%94%ba','jp',1),
(513677,782844,'足寄郡陸別町','%e8%b6%b3%e5%af%84%e9%83%a1%e9%99%b8%e5%88%a5%e7%94%ba','jp',1),
(513678,782844,'標津郡中標津町','%e6%a8%99%e6%b4%a5%e9%83%a1%e4%b8%ad%e6%a8%99%e6%b4%a5%e7%94','jp',1),
(513679,782844,'樺戸郡浦臼町','%e6%a8%ba%e6%88%b8%e9%83%a1%e6%b5%a6%e8%87%bc%e7%94%ba','jp',1),
(513680,782844,'三笠市','%e4%b8%89%e7%ac%a0%e5%b8%82','jp',1),
(513681,782844,'日高郡新ひだか町','%e6%97%a5%e9%ab%98%e9%83%a1%e6%96%b0%e3%81%b2%e3%81%a0%e3%81','jp',1),
(513682,782844,'網走郡大空町','%e7%b6%b2%e8%b5%b0%e9%83%a1%e5%a4%a7%e7%a9%ba%e7%94%ba','jp',1),
(513683,782844,'沙流郡日高町','%e6%b2%99%e6%b5%81%e9%83%a1%e6%97%a5%e9%ab%98%e7%94%ba','jp',1),
(513684,782844,'余市郡赤井川村','%e4%bd%99%e5%b8%82%e9%83%a1%e8%b5%a4%e4%ba%95%e5%b7%9d%e6%9d','jp',1),
(513685,782844,'雨竜郡雨竜町','%e9%9b%a8%e7%ab%9c%e9%83%a1%e9%9b%a8%e7%ab%9c%e7%94%ba','jp',1),
(513686,782844,'茅部郡森町','%e8%8c%85%e9%83%a8%e9%83%a1%e6%a3%ae%e7%94%ba','jp',1),
(513687,782844,'有珠郡壮瞥町','%e6%9c%89%e7%8f%a0%e9%83%a1%e5%a3%ae%e7%9e%a5%e7%94%ba','jp',1),
(513688,782844,'寿都郡寿都町','%e5%af%bf%e9%83%bd%e9%83%a1%e5%af%bf%e9%83%bd%e7%94%ba','jp',1),
(513689,782844,'上川郡当麻町','%e4%b8%8a%e5%b7%9d%e9%83%a1%e5%bd%93%e9%ba%bb%e7%94%ba','jp',1),
(513690,782844,'十勝郡浦幌町','%e5%8d%81%e5%8b%9d%e9%83%a1%e6%b5%a6%e5%b9%8c%e7%94%ba','jp',1),
(513691,782844,'紋別市','%e7%b4%8b%e5%88%a5%e5%b8%82','jp',1),
(513692,782844,'阿寒郡鶴居村','%e9%98%bf%e5%af%92%e9%83%a1%e9%b6%b4%e5%b1%85%e6%9d%91','jp',1),
(513693,782844,'勇払郡むかわ町','%e5%8b%87%e6%89%95%e9%83%a1%e3%82%80%e3%81%8b%e3%82%8f%e7%94','jp',1),
(513694,782844,'新冠郡新冠町','%e6%96%b0%e5%86%a0%e9%83%a1%e6%96%b0%e5%86%a0%e7%94%ba','jp',1),
(513695,782844,'上川郡上川町','%e4%b8%8a%e5%b7%9d%e9%83%a1%e4%b8%8a%e5%b7%9d%e7%94%ba','jp',1),
(513696,782844,'歌志内市','%e6%ad%8c%e5%bf%97%e5%86%85%e5%b8%82','jp',1),
(513697,782844,'赤平市','%e8%b5%a4%e5%b9%b3%e5%b8%82','jp',1),
(513698,782844,'常呂郡置戸町','%e5%b8%b8%e5%91%82%e9%83%a1%e7%bd%ae%e6%88%b8%e7%94%ba','jp',1),
(513699,782844,'磯谷郡蘭越町','%e7%a3%af%e8%b0%b7%e9%83%a1%e8%98%ad%e8%b6%8a%e7%94%ba','jp',1),
(513700,782844,'様似郡様似町','%e6%a7%98%e4%bc%bc%e9%83%a1%e6%a7%98%e4%bc%bc%e7%94%ba','jp',1),
(513701,782844,'小樽市','%e5%b0%8f%e6%a8%bd%e5%b8%82','jp',1),
(513702,782844,'亀田郡七飯町','%e4%ba%80%e7%94%b0%e9%83%a1%e4%b8%83%e9%a3%af%e7%94%ba','jp',1),
(513703,782844,'中川郡音威子府村','%e4%b8%ad%e5%b7%9d%e9%83%a1%e9%9f%b3%e5%a8%81%e5%ad%90%e5%ba','jp',1),
(513704,782844,'札幌市清田区','%e6%9c%ad%e5%b9%8c%e5%b8%82%e6%b8%85%e7%94%b0%e5%8c%ba','jp',1),
(513705,782844,'余市郡余市町','%e4%bd%99%e5%b8%82%e9%83%a1%e4%bd%99%e5%b8%82%e7%94%ba','jp',1),
(513706,782844,'浦河郡浦河町','%e6%b5%a6%e6%b2%b3%e9%83%a1%e6%b5%a6%e6%b2%b3%e7%94%ba','jp',1),
(513707,782844,'稚内市','%e7%a8%9a%e5%86%85%e5%b8%82','jp',1),
(513708,782844,'根室市','%e6%a0%b9%e5%ae%a4%e5%b8%82','jp',1),
(513709,782844,'石狩郡新篠津村','%e7%9f%b3%e7%8b%a9%e9%83%a1%e6%96%b0%e7%af%a0%e6%b4%a5%e6%9d','jp',1),
(513710,782844,'枝幸郡中頓別町','%e6%9e%9d%e5%b9%b8%e9%83%a1%e4%b8%ad%e9%a0%93%e5%88%a5%e7%94','jp',1),
(513711,782844,'上磯郡知内町','%e4%b8%8a%e7%a3%af%e9%83%a1%e7%9f%a5%e5%86%85%e7%94%ba','jp',1),
(513712,782844,'虻田郡喜茂別町','%e8%99%bb%e7%94%b0%e9%83%a1%e5%96%9c%e8%8c%82%e5%88%a5%e7%94','jp',1),
(513713,782844,'空知郡上砂川町','%e7%a9%ba%e7%9f%a5%e9%83%a1%e4%b8%8a%e7%a0%82%e5%b7%9d%e7%94','jp',1),
(513714,782844,'檜山郡江差町','%e6%aa%9c%e5%b1%b1%e9%83%a1%e6%b1%9f%e5%b7%ae%e7%94%ba','jp',1),
(513715,782844,'函館市','%e5%87%bd%e9%a4%a8%e5%b8%82','jp',1),
(513716,782844,'常呂郡佐呂間町','%e5%b8%b8%e5%91%82%e9%83%a1%e4%bd%90%e5%91%82%e9%96%93%e7%94','jp',1),
(513717,782844,'虻田郡留寿都村','%e8%99%bb%e7%94%b0%e9%83%a1%e7%95%99%e5%af%bf%e9%83%bd%e6%9d','jp',1),
(513718,782844,'滝川市','%e6%bb%9d%e5%b7%9d%e5%b8%82','jp',1),
(513719,782844,'久遠郡せたな町','%e4%b9%85%e9%81%a0%e9%83%a1%e3%81%9b%e3%81%9f%e3%81%aa%e7%94','jp',1),
(513720,782844,'深川市','%e6%b7%b1%e5%b7%9d%e5%b8%82','jp',1),
(513721,782844,'札幌市豊平区','%e6%9c%ad%e5%b9%8c%e5%b8%82%e8%b1%8a%e5%b9%b3%e5%8c%ba','jp',1),
(513722,782844,'広尾郡広尾町','%e5%ba%83%e5%b0%be%e9%83%a1%e5%ba%83%e5%b0%be%e7%94%ba','jp',1),
(513723,782844,'砂川市','%e7%a0%82%e5%b7%9d%e5%b8%82','jp',1),
(513724,782844,'札幌市東区','%e6%9c%ad%e5%b9%8c%e5%b8%82%e6%9d%b1%e5%8c%ba','jp',1),
(513725,782844,'中川郡豊頃町','%e4%b8%ad%e5%b7%9d%e9%83%a1%e8%b1%8a%e9%a0%83%e7%94%ba','jp',1),
(513726,782844,'江別市','%e6%b1%9f%e5%88%a5%e5%b8%82','jp',1),
(513727,782844,'川上郡弟子屈町','%e5%b7%9d%e4%b8%8a%e9%83%a1%e5%bc%9f%e5%ad%90%e5%b1%88%e7%94','jp',1),
(513728,782844,'空知郡奈井江町','%e7%a9%ba%e7%9f%a5%e9%83%a1%e5%a5%88%e4%ba%95%e6%b1%9f%e7%94','jp',1),
(513729,782844,'室蘭市','%e5%ae%a4%e8%98%ad%e5%b8%82','jp',1),
(513730,782844,'色丹郡色丹村','%e8%89%b2%e4%b8%b9%e9%83%a1%e8%89%b2%e4%b8%b9%e6%9d%91','jp',1),
(513731,782844,'札幌市手稲区','%e6%9c%ad%e5%b9%8c%e5%b8%82%e6%89%8b%e7%a8%b2%e5%8c%ba','jp',1),
(513732,782844,'虻田郡倶知安町','%e8%99%bb%e7%94%b0%e9%83%a1%e5%80%b6%e7%9f%a5%e5%ae%89%e7%94','jp',1),
(513733,782844,'勇払郡厚真町','%e5%8b%87%e6%89%95%e9%83%a1%e5%8e%9a%e7%9c%9f%e7%94%ba','jp',1),
(513734,782844,'札幌市白石区','%e6%9c%ad%e5%b9%8c%e5%b8%82%e7%99%bd%e7%9f%b3%e5%8c%ba','jp',1),
(513735,782844,'雨竜郡北竜町','%e9%9b%a8%e7%ab%9c%e9%83%a1%e5%8c%97%e7%ab%9c%e7%94%ba','jp',1),
(513736,782844,'余市郡仁木町','%e4%bd%99%e5%b8%82%e9%83%a1%e4%bb%81%e6%9c%a8%e7%94%ba','jp',1),
(513737,782844,'天塩郡遠別町','%e5%a4%a9%e5%a1%a9%e9%83%a1%e9%81%a0%e5%88%a5%e7%94%ba','jp',1),
(513738,782844,'勇払郡安平町','%e5%8b%87%e6%89%95%e9%83%a1%e5%ae%89%e5%b9%b3%e7%94%ba','jp',1),
(513739,782844,'天塩郡天塩町','%e5%a4%a9%e5%a1%a9%e9%83%a1%e5%a4%a9%e5%a1%a9%e7%94%ba','jp',1),
(513740,782844,'河東郡鹿追町','%e6%b2%b3%e6%9d%b1%e9%83%a1%e9%b9%bf%e8%bf%bd%e7%94%ba','jp',1),
(513741,782844,'檜山郡厚沢部町','%e6%aa%9c%e5%b1%b1%e9%83%a1%e5%8e%9a%e6%b2%a2%e9%83%a8%e7%94','jp',1),
(513742,782844,'旭川市','%e6%97%ad%e5%b7%9d%e5%b8%82','jp',1),
(513743,782844,'上川郡鷹栖町','%e4%b8%8a%e5%b7%9d%e9%83%a1%e9%b7%b9%e6%a0%96%e7%94%ba','jp',1),
(513744,782844,'古平郡古平町','%e5%8f%a4%e5%b9%b3%e9%83%a1%e5%8f%a4%e5%b9%b3%e7%94%ba','jp',1),
(513745,782844,'礼文郡礼文町','%e7%a4%bc%e6%96%87%e9%83%a1%e7%a4%bc%e6%96%87%e7%94%ba','jp',1),
(513746,782844,'虻田郡豊浦町','%e8%99%bb%e7%94%b0%e9%83%a1%e8%b1%8a%e6%b5%a6%e7%94%ba','jp',1),
(513747,782844,'北見市','%e5%8c%97%e8%a6%8b%e5%b8%82','jp',1),
(513748,782844,'沙流郡平取町','%e6%b2%99%e6%b5%81%e9%83%a1%e5%b9%b3%e5%8f%96%e7%94%ba','jp',1),
(513749,782844,'釧路郡釧路町','%e9%87%a7%e8%b7%af%e9%83%a1%e9%87%a7%e8%b7%af%e7%94%ba','jp',1),
(513750,782844,'河西郡更別村','%e6%b2%b3%e8%a5%bf%e9%83%a1%e6%9b%b4%e5%88%a5%e6%9d%91','jp',1),
(513751,782844,'網走郡美幌町','%e7%b6%b2%e8%b5%b0%e9%83%a1%e7%be%8e%e5%b9%8c%e7%94%ba','jp',1),
(513752,782844,'蘂取郡蘂取村','%e8%98%82%e5%8f%96%e9%83%a1%e8%98%82%e5%8f%96%e6%9d%91','jp',1),
(513753,782844,'爾志郡乙部町','%e7%88%be%e5%bf%97%e9%83%a1%e4%b9%99%e9%83%a8%e7%94%ba','jp',1),
(513754,782844,'国後郡泊村','%e5%9b%bd%e5%be%8c%e9%83%a1%e6%b3%8a%e6%9d%91','jp',1),
(513755,782844,'留萌郡小平町','%e7%95%99%e8%90%8c%e9%83%a1%e5%b0%8f%e5%b9%b3%e7%94%ba','jp',1),
(513756,782844,'上川郡美瑛町','%e4%b8%8a%e5%b7%9d%e9%83%a1%e7%be%8e%e7%91%9b%e7%94%ba','jp',1),
(513757,782844,'虻田郡京極町','%e8%99%bb%e7%94%b0%e9%83%a1%e4%ba%ac%e6%a5%b5%e7%94%ba','jp',1),
(513758,782844,'札幌市厚別区','%e6%9c%ad%e5%b9%8c%e5%b8%82%e5%8e%9a%e5%88%a5%e5%8c%ba','jp',1),
(513759,782844,'幌泉郡えりも町','%e5%b9%8c%e6%b3%89%e9%83%a1%e3%81%88%e3%82%8a%e3%82%82%e7%94','jp',1),
(513760,782844,'岩内郡岩内町','%e5%b2%a9%e5%86%85%e9%83%a1%e5%b2%a9%e5%86%85%e7%94%ba','jp',1),
(513761,782844,'常呂郡訓子府町','%e5%b8%b8%e5%91%82%e9%83%a1%e8%a8%93%e5%ad%90%e5%ba%9c%e7%94','jp',1),
(513762,782844,'虻田郡ニセコ町','%e8%99%bb%e7%94%b0%e9%83%a1%e3%83%8b%e3%82%bb%e3%82%b3%e7%94','jp',1),
(513763,782844,'枝幸郡浜頓別町','%e6%9e%9d%e5%b9%b8%e9%83%a1%e6%b5%9c%e9%a0%93%e5%88%a5%e7%94','jp',1),
(513764,782844,'芦別市','%e8%8a%a6%e5%88%a5%e5%b8%82','jp',1),
(513765,782844,'山越郡長万部町','%e5%b1%b1%e8%b6%8a%e9%83%a1%e9%95%b7%e4%b8%87%e9%83%a8%e7%94','jp',1),
(513766,782844,'天塩郡幌延町','%e5%a4%a9%e5%a1%a9%e9%83%a1%e5%b9%8c%e5%bb%b6%e7%94%ba','jp',1),
(513767,782844,'虻田郡洞爺湖町','%e8%99%bb%e7%94%b0%e9%83%a1%e6%b4%9e%e7%88%ba%e6%b9%96%e7%94','jp',1),
(513768,782844,'上川郡清水町','%e4%b8%8a%e5%b7%9d%e9%83%a1%e6%b8%85%e6%b0%b4%e7%94%ba','jp',1),
(513769,782844,'夕張市','%e5%a4%95%e5%bc%b5%e5%b8%82','jp',1),
(513770,782844,'中川郡本別町','%e4%b8%ad%e5%b7%9d%e9%83%a1%e6%9c%ac%e5%88%a5%e7%94%ba','jp',1),
(513771,782844,'古宇郡泊村','%e5%8f%a4%e5%ae%87%e9%83%a1%e6%b3%8a%e6%9d%91','jp',1),
(513772,782844,'札幌市南区','%e6%9c%ad%e5%b9%8c%e5%b8%82%e5%8d%97%e5%8c%ba','jp',1),
(513773,782844,'足寄郡足寄町','%e8%b6%b3%e5%af%84%e9%83%a1%e8%b6%b3%e5%af%84%e7%94%ba','jp',1),
(513774,782844,'紋別郡湧別町','%e7%b4%8b%e5%88%a5%e9%83%a1%e6%b9%a7%e5%88%a5%e7%94%ba','jp',1),
(513775,782844,'厚岸郡浜中町','%e5%8e%9a%e5%b2%b8%e9%83%a1%e6%b5%9c%e4%b8%ad%e7%94%ba','jp',1),
(513776,782844,'夕張郡栗山町','%e5%a4%95%e5%bc%b5%e9%83%a1%e6%a0%97%e5%b1%b1%e7%94%ba','jp',1),
(513777,782844,'松前郡福島町','%e6%9d%be%e5%89%8d%e9%83%a1%e7%a6%8f%e5%b3%b6%e7%94%ba','jp',1),
(513778,782844,'空知郡中富良野町','%e7%a9%ba%e7%9f%a5%e9%83%a1%e4%b8%ad%e5%af%8c%e8%89%af%e9%87','jp',1),
(513779,782844,'虻田郡真狩村','%e8%99%bb%e7%94%b0%e9%83%a1%e7%9c%9f%e7%8b%a9%e6%9d%91','jp',1),
(513780,782844,'利尻郡利尻町','%e5%88%a9%e5%b0%bb%e9%83%a1%e5%88%a9%e5%b0%bb%e7%94%ba','jp',1),
(513781,782844,'上川郡東川町','%e4%b8%8a%e5%b7%9d%e9%83%a1%e6%9d%b1%e5%b7%9d%e7%94%ba','jp',1),
(513782,782844,'寿都郡黒松内町','%e5%af%bf%e9%83%bd%e9%83%a1%e9%bb%92%e6%9d%be%e5%86%85%e7%94','jp',1),
(513783,782844,'紗那郡紗那村','%e7%b4%97%e9%82%a3%e9%83%a1%e7%b4%97%e9%82%a3%e6%9d%91','jp',1),
(513784,782844,'白老郡白老町','%e7%99%bd%e8%80%81%e9%83%a1%e7%99%bd%e8%80%81%e7%94%ba','jp',1),
(513785,782844,'島牧郡島牧村','%e5%b3%b6%e7%89%a7%e9%83%a1%e5%b3%b6%e7%89%a7%e6%9d%91','jp',1),
(513786,782844,'利尻郡利尻富士町','%e5%88%a9%e5%b0%bb%e9%83%a1%e5%88%a9%e5%b0%bb%e5%af%8c%e5%a3','jp',1),
(513787,782844,'上川郡剣淵町','%e4%b8%8a%e5%b7%9d%e9%83%a1%e5%89%a3%e6%b7%b5%e7%94%ba','jp',1),
(513788,782844,'岩内郡共和町','%e5%b2%a9%e5%86%85%e9%83%a1%e5%85%b1%e5%92%8c%e7%94%ba','jp',1),
(513789,782845,'都窪郡早島町','%e9%83%bd%e7%aa%aa%e9%83%a1%e6%97%a9%e5%b3%b6%e7%94%ba','jp',1),
(513790,782845,'加賀郡吉備中央町','%e5%8a%a0%e8%b3%80%e9%83%a1%e5%90%89%e5%82%99%e4%b8%ad%e5%a4','jp',1),
(513791,782845,'岡山市南区','%e5%b2%a1%e5%b1%b1%e5%b8%82%e5%8d%97%e5%8c%ba','jp',1),
(513792,782845,'浅口郡里庄町','%e6%b5%85%e5%8f%a3%e9%83%a1%e9%87%8c%e5%ba%84%e7%94%ba','jp',1),
(513793,782845,'倉敷市','%e5%80%89%e6%95%b7%e5%b8%82','jp',1),
(513794,782845,'岡山市東区','%e5%b2%a1%e5%b1%b1%e5%b8%82%e6%9d%b1%e5%8c%ba','jp',1),
(513795,782845,'真庭市','%e7%9c%9f%e5%ba%ad%e5%b8%82','jp',1),
(513796,782845,'勝田郡奈義町','%e5%8b%9d%e7%94%b0%e9%83%a1%e5%a5%88%e7%be%a9%e7%94%ba','jp',1),
(513797,782845,'苫田郡鏡野町','%e8%8b%ab%e7%94%b0%e9%83%a1%e9%8f%a1%e9%87%8e%e7%94%ba','jp',1),
(513798,782845,'瀬戸内市','%e7%80%ac%e6%88%b8%e5%86%85%e5%b8%82','jp',1),
(513799,782845,'岡山市中区','%e5%b2%a1%e5%b1%b1%e5%b8%82%e4%b8%ad%e5%8c%ba','jp',1),
(513800,782845,'英田郡西粟倉村','%e8%8b%b1%e7%94%b0%e9%83%a1%e8%a5%bf%e7%b2%9f%e5%80%89%e6%9d','jp',1),
(513801,782845,'備前市','%e5%82%99%e5%89%8d%e5%b8%82','jp',1),
(513802,782845,'井原市','%e4%ba%95%e5%8e%9f%e5%b8%82','jp',1),
(513803,782845,'和気郡和気町','%e5%92%8c%e6%b0%97%e9%83%a1%e5%92%8c%e6%b0%97%e7%94%ba','jp',1),
(513804,782845,'総社市','%e7%b7%8f%e7%a4%be%e5%b8%82','jp',1),
(513805,782845,'赤磐市','%e8%b5%a4%e7%a3%90%e5%b8%82','jp',1),
(513806,782845,'玉野市','%e7%8e%89%e9%87%8e%e5%b8%82','jp',1),
(513807,782845,'美作市','%e7%be%8e%e4%bd%9c%e5%b8%82','jp',1),
(513808,782845,'笠岡市','%e7%ac%a0%e5%b2%a1%e5%b8%82','jp',1),
(513809,782845,'勝田郡勝央町','%e5%8b%9d%e7%94%b0%e9%83%a1%e5%8b%9d%e5%a4%ae%e7%94%ba','jp',1),
(513810,782845,'真庭郡新庄村','%e7%9c%9f%e5%ba%ad%e9%83%a1%e6%96%b0%e5%ba%84%e6%9d%91','jp',1),
(513811,782845,'津山市','%e6%b4%a5%e5%b1%b1%e5%b8%82','jp',1),
(513812,782845,'久米郡美咲町','%e4%b9%85%e7%b1%b3%e9%83%a1%e7%be%8e%e5%92%b2%e7%94%ba','jp',1),
(513813,782845,'新見市','%e6%96%b0%e8%a6%8b%e5%b8%82','jp',1),
(513814,782845,'高梁市','%e9%ab%98%e6%a2%81%e5%b8%82','jp',1),
(513815,782845,'岡山市北区','%e5%b2%a1%e5%b1%b1%e5%b8%82%e5%8c%97%e5%8c%ba','jp',1),
(513816,782845,'浅口市','%e6%b5%85%e5%8f%a3%e5%b8%82','jp',1),
(513817,782845,'小田郡矢掛町','%e5%b0%8f%e7%94%b0%e9%83%a1%e7%9f%a2%e6%8e%9b%e7%94%ba','jp',1),
(513818,782845,'久米郡久米南町','%e4%b9%85%e7%b1%b3%e9%83%a1%e4%b9%85%e7%b1%b3%e5%8d%97%e7%94','jp',1),
(513819,782846,'額田郡幸田町','%e9%a1%8d%e7%94%b0%e9%83%a1%e5%b9%b8%e7%94%b0%e7%94%ba','jp',1),
(513820,782846,'安城市','%e5%ae%89%e5%9f%8e%e5%b8%82','jp',1),
(513821,782846,'岩倉市','%e5%b2%a9%e5%80%89%e5%b8%82','jp',1),
(513822,782846,'名古屋市東区','%e5%90%8d%e5%8f%a4%e5%b1%8b%e5%b8%82%e6%9d%b1%e5%8c%ba','jp',1),
(513823,782846,'知多郡武豊町','%e7%9f%a5%e5%a4%9a%e9%83%a1%e6%ad%a6%e8%b1%8a%e7%94%ba','jp',1),
(513824,782846,'豊明市','%e8%b1%8a%e6%98%8e%e5%b8%82','jp',1),
(513825,782846,'津島市','%e6%b4%a5%e5%b3%b6%e5%b8%82','jp',1),
(513826,782846,'常滑市','%e5%b8%b8%e6%bb%91%e5%b8%82','jp',1),
(513827,782846,'北名古屋市','%e5%8c%97%e5%90%8d%e5%8f%a4%e5%b1%8b%e5%b8%82','jp',1),
(513828,782846,'尾張旭市','%e5%b0%be%e5%bc%b5%e6%97%ad%e5%b8%82','jp',1),
(513829,782846,'知多郡南知多町','%e7%9f%a5%e5%a4%9a%e9%83%a1%e5%8d%97%e7%9f%a5%e5%a4%9a%e7%94','jp',1),
(513830,782846,'名古屋市中区','%e5%90%8d%e5%8f%a4%e5%b1%8b%e5%b8%82%e4%b8%ad%e5%8c%ba','jp',1),
(513831,782846,'名古屋市天白区','%e5%90%8d%e5%8f%a4%e5%b1%8b%e5%b8%82%e5%a4%a9%e7%99%bd%e5%8c','jp',1),
(513832,782846,'みよし市','%e3%81%bf%e3%82%88%e3%81%97%e5%b8%82','jp',1),
(513833,782846,'西尾市','%e8%a5%bf%e5%b0%be%e5%b8%82','jp',1),
(513834,782846,'西春日井郡豊山町','%e8%a5%bf%e6%98%a5%e6%97%a5%e4%ba%95%e9%83%a1%e8%b1%8a%e5%b1','jp',1),
(513835,782846,'江南市','%e6%b1%9f%e5%8d%97%e5%b8%82','jp',1),
(513836,782846,'名古屋市緑区','%e5%90%8d%e5%8f%a4%e5%b1%8b%e5%b8%82%e7%b7%91%e5%8c%ba','jp',1),
(513837,782846,'稲沢市','%e7%a8%b2%e6%b2%a2%e5%b8%82','jp',1),
(513838,782846,'清須市','%e6%b8%85%e9%a0%88%e5%b8%82','jp',1),
(513839,782846,'丹羽郡大口町','%e4%b8%b9%e7%be%bd%e9%83%a1%e5%a4%a7%e5%8f%a3%e7%94%ba','jp',1),
(513840,782846,'新城市','%e6%96%b0%e5%9f%8e%e5%b8%82','jp',1),
(513841,782846,'名古屋市守山区','%e5%90%8d%e5%8f%a4%e5%b1%8b%e5%b8%82%e5%ae%88%e5%b1%b1%e5%8c','jp',1),
(513842,782846,'高浜市','%e9%ab%98%e6%b5%9c%e5%b8%82','jp',1),
(513843,782846,'碧南市','%e7%a2%a7%e5%8d%97%e5%b8%82','jp',1),
(513844,782846,'名古屋市千種区','%e5%90%8d%e5%8f%a4%e5%b1%8b%e5%b8%82%e5%8d%83%e7%a8%ae%e5%8c','jp',1),
(513845,782846,'名古屋市瑞穂区','%e5%90%8d%e5%8f%a4%e5%b1%8b%e5%b8%82%e7%91%9e%e7%a9%82%e5%8c','jp',1),
(513846,782846,'海部郡大治町','%e6%b5%b7%e9%83%a8%e9%83%a1%e5%a4%a7%e6%b2%bb%e7%94%ba','jp',1),
(513847,782846,'名古屋市中川区','%e5%90%8d%e5%8f%a4%e5%b1%8b%e5%b8%82%e4%b8%ad%e5%b7%9d%e5%8c','jp',1),
(513848,782846,'蒲郡市','%e8%92%b2%e9%83%a1%e5%b8%82','jp',1),
(513849,782846,'名古屋市名東区','%e5%90%8d%e5%8f%a4%e5%b1%8b%e5%b8%82%e5%90%8d%e6%9d%b1%e5%8c','jp',1),
(513850,782846,'あま市','%e3%81%82%e3%81%be%e5%b8%82','jp',1),
(513851,782846,'名古屋市中村区','%e5%90%8d%e5%8f%a4%e5%b1%8b%e5%b8%82%e4%b8%ad%e6%9d%91%e5%8c','jp',1),
(513852,782846,'一宮市','%e4%b8%80%e5%ae%ae%e5%b8%82','jp',1),
(513853,782846,'刈谷市','%e5%88%88%e8%b0%b7%e5%b8%82','jp',1),
(513854,782846,'名古屋市熱田区','%e5%90%8d%e5%8f%a4%e5%b1%8b%e5%b8%82%e7%86%b1%e7%94%b0%e5%8c','jp',1),
(513855,782846,'日進市','%e6%97%a5%e9%80%b2%e5%b8%82','jp',1),
(513856,782846,'北設楽郡豊根村','%e5%8c%97%e8%a8%ad%e6%a5%bd%e9%83%a1%e8%b1%8a%e6%a0%b9%e6%9d','jp',1),
(513857,782846,'長久手市','%e9%95%b7%e4%b9%85%e6%89%8b%e5%b8%82','jp',1),
(513858,782846,'犬山市','%e7%8a%ac%e5%b1%b1%e5%b8%82','jp',1),
(513859,782846,'愛西市','%e6%84%9b%e8%a5%bf%e5%b8%82','jp',1),
(513860,782846,'名古屋市西区','%e5%90%8d%e5%8f%a4%e5%b1%8b%e5%b8%82%e8%a5%bf%e5%8c%ba','jp',1),
(513861,782846,'海部郡蟹江町','%e6%b5%b7%e9%83%a8%e9%83%a1%e8%9f%b9%e6%b1%9f%e7%94%ba','jp',1),
(513862,782846,'名古屋市昭和区','%e5%90%8d%e5%8f%a4%e5%b1%8b%e5%b8%82%e6%98%ad%e5%92%8c%e5%8c','jp',1),
(513863,782846,'豊橋市','%e8%b1%8a%e6%a9%8b%e5%b8%82','jp',1),
(513864,782846,'小牧市','%e5%b0%8f%e7%89%a7%e5%b8%82','jp',1),
(513865,782846,'岡崎市','%e5%b2%a1%e5%b4%8e%e5%b8%82','jp',1),
(513866,782846,'瀬戸市','%e7%80%ac%e6%88%b8%e5%b8%82','jp',1),
(513867,782846,'大府市','%e5%a4%a7%e5%ba%9c%e5%b8%82','jp',1),
(513868,782846,'弥富市','%e5%bc%a5%e5%af%8c%e5%b8%82','jp',1),
(513869,782846,'北設楽郡東栄町','%e5%8c%97%e8%a8%ad%e6%a5%bd%e9%83%a1%e6%9d%b1%e6%a0%84%e7%94','jp',1),
(513870,782846,'東海市','%e6%9d%b1%e6%b5%b7%e5%b8%82','jp',1),
(513871,782846,'北設楽郡設楽町','%e5%8c%97%e8%a8%ad%e6%a5%bd%e9%83%a1%e8%a8%ad%e6%a5%bd%e7%94','jp',1),
(513872,782846,'知多郡阿久比町','%e7%9f%a5%e5%a4%9a%e9%83%a1%e9%98%bf%e4%b9%85%e6%af%94%e7%94','jp',1),
(513873,782846,'知立市','%e7%9f%a5%e7%ab%8b%e5%b8%82','jp',1),
(513874,782846,'田原市','%e7%94%b0%e5%8e%9f%e5%b8%82','jp',1),
(513875,782846,'知多郡東浦町','%e7%9f%a5%e5%a4%9a%e9%83%a1%e6%9d%b1%e6%b5%a6%e7%94%ba','jp',1),
(513876,782846,'愛知郡東郷町','%e6%84%9b%e7%9f%a5%e9%83%a1%e6%9d%b1%e9%83%b7%e7%94%ba','jp',1),
(513877,782846,'豊田市','%e8%b1%8a%e7%94%b0%e5%b8%82','jp',1),
(513878,782846,'知多市','%e7%9f%a5%e5%a4%9a%e5%b8%82','jp',1),
(513879,782846,'知多郡美浜町','%e7%9f%a5%e5%a4%9a%e9%83%a1%e7%be%8e%e6%b5%9c%e7%94%ba','jp',1),
(513880,782846,'名古屋市北区','%e5%90%8d%e5%8f%a4%e5%b1%8b%e5%b8%82%e5%8c%97%e5%8c%ba','jp',1),
(513881,782846,'春日井市','%e6%98%a5%e6%97%a5%e4%ba%95%e5%b8%82','jp',1),
(513882,782846,'名古屋市港区','%e5%90%8d%e5%8f%a4%e5%b1%8b%e5%b8%82%e6%b8%af%e5%8c%ba','jp',1),
(513883,782846,'半田市','%e5%8d%8a%e7%94%b0%e5%b8%82','jp',1),
(513884,782846,'海部郡飛島村','%e6%b5%b7%e9%83%a8%e9%83%a1%e9%a3%9b%e5%b3%b6%e6%9d%91','jp',1),
(513885,782846,'豊川市','%e8%b1%8a%e5%b7%9d%e5%b8%82','jp',1),
(513886,782846,'名古屋市南区','%e5%90%8d%e5%8f%a4%e5%b1%8b%e5%b8%82%e5%8d%97%e5%8c%ba','jp',1),
(513887,782846,'丹羽郡扶桑町','%e4%b8%b9%e7%be%bd%e9%83%a1%e6%89%b6%e6%a1%91%e7%94%ba','jp',1),
(513888,782847,'八代市','%e5%85%ab%e4%bb%a3%e5%b8%82','jp',1),
(513889,782847,'玉名市','%e7%8e%89%e5%90%8d%e5%b8%82','jp',1),
(513890,782847,'阿蘇市','%e9%98%bf%e8%98%87%e5%b8%82','jp',1),
(513891,782847,'天草郡苓北町','%e5%a4%a9%e8%8d%89%e9%83%a1%e8%8b%93%e5%8c%97%e7%94%ba','jp',1),
(513892,782847,'上益城郡嘉島町','%e4%b8%8a%e7%9b%8a%e5%9f%8e%e9%83%a1%e5%98%89%e5%b3%b6%e7%94','jp',1),
(513893,782847,'球磨郡錦町','%e7%90%83%e7%a3%a8%e9%83%a1%e9%8c%a6%e7%94%ba','jp',1),
(513894,782847,'玉名郡長洲町','%e7%8e%89%e5%90%8d%e9%83%a1%e9%95%b7%e6%b4%b2%e7%94%ba','jp',1),
(513895,782847,'阿蘇郡高森町','%e9%98%bf%e8%98%87%e9%83%a1%e9%ab%98%e6%a3%ae%e7%94%ba','jp',1),
(513896,782847,'上天草市','%e4%b8%8a%e5%a4%a9%e8%8d%89%e5%b8%82','jp',1),
(513897,782847,'宇城市','%e5%ae%87%e5%9f%8e%e5%b8%82','jp',1),
(513898,782847,'球磨郡湯前町','%e7%90%83%e7%a3%a8%e9%83%a1%e6%b9%af%e5%89%8d%e7%94%ba','jp',1),
(513899,782847,'合志市','%e5%90%88%e5%bf%97%e5%b8%82','jp',1),
(513900,782847,'阿蘇郡南小国町','%e9%98%bf%e8%98%87%e9%83%a1%e5%8d%97%e5%b0%8f%e5%9b%bd%e7%94','jp',1),
(513901,782847,'熊本市南区','%e7%86%8a%e6%9c%ac%e5%b8%82%e5%8d%97%e5%8c%ba','jp',1),
(513902,782847,'上益城郡甲佐町','%e4%b8%8a%e7%9b%8a%e5%9f%8e%e9%83%a1%e7%94%b2%e4%bd%90%e7%94','jp',1),
(513903,782847,'菊池郡大津町','%e8%8f%8a%e6%b1%a0%e9%83%a1%e5%a4%a7%e6%b4%a5%e7%94%ba','jp',1),
(513904,782847,'阿蘇郡西原村','%e9%98%bf%e8%98%87%e9%83%a1%e8%a5%bf%e5%8e%9f%e6%9d%91','jp',1),
(513905,782847,'上益城郡御船町','%e4%b8%8a%e7%9b%8a%e5%9f%8e%e9%83%a1%e5%be%a1%e8%88%b9%e7%94','jp',1),
(513906,782847,'阿蘇郡南阿蘇村','%e9%98%bf%e8%98%87%e9%83%a1%e5%8d%97%e9%98%bf%e8%98%87%e6%9d','jp',1),
(513907,782847,'熊本市北区','%e7%86%8a%e6%9c%ac%e5%b8%82%e5%8c%97%e5%8c%ba','jp',1),
(513908,782847,'玉名郡和水町','%e7%8e%89%e5%90%8d%e9%83%a1%e5%92%8c%e6%b0%b4%e7%94%ba','jp',1),
(513909,782847,'玉名郡玉東町','%e7%8e%89%e5%90%8d%e9%83%a1%e7%8e%89%e6%9d%b1%e7%94%ba','jp',1),
(513910,782847,'荒尾市','%e8%8d%92%e5%b0%be%e5%b8%82','jp',1),
(513911,782847,'菊池市','%e8%8f%8a%e6%b1%a0%e5%b8%82','jp',1),
(513912,782847,'葦北郡芦北町','%e8%91%a6%e5%8c%97%e9%83%a1%e8%8a%a6%e5%8c%97%e7%94%ba','jp',1),
(513913,782847,'天草市','%e5%a4%a9%e8%8d%89%e5%b8%82','jp',1),
(513914,782847,'上益城郡益城町','%e4%b8%8a%e7%9b%8a%e5%9f%8e%e9%83%a1%e7%9b%8a%e5%9f%8e%e7%94','jp',1),
(513915,782847,'熊本市中央区','%e7%86%8a%e6%9c%ac%e5%b8%82%e4%b8%ad%e5%a4%ae%e5%8c%ba','jp',1),
(513916,782847,'熊本市西区','%e7%86%8a%e6%9c%ac%e5%b8%82%e8%a5%bf%e5%8c%ba','jp',1),
(513917,782847,'菊池郡菊陽町','%e8%8f%8a%e6%b1%a0%e9%83%a1%e8%8f%8a%e9%99%bd%e7%94%ba','jp',1),
(513918,782847,'熊本市東区','%e7%86%8a%e6%9c%ac%e5%b8%82%e6%9d%b1%e5%8c%ba','jp',1),
(513919,782847,'球磨郡多良木町','%e7%90%83%e7%a3%a8%e9%83%a1%e5%a4%9a%e8%89%af%e6%9c%a8%e7%94','jp',1),
(513920,782847,'球磨郡水上村','%e7%90%83%e7%a3%a8%e9%83%a1%e6%b0%b4%e4%b8%8a%e6%9d%91','jp',1),
(513921,782847,'球磨郡球磨村','%e7%90%83%e7%a3%a8%e9%83%a1%e7%90%83%e7%a3%a8%e6%9d%91','jp',1),
(513922,782847,'阿蘇郡産山村','%e9%98%bf%e8%98%87%e9%83%a1%e7%94%a3%e5%b1%b1%e6%9d%91','jp',1),
(513923,782847,'人吉市','%e4%ba%ba%e5%90%89%e5%b8%82','jp',1),
(513924,782847,'上益城郡山都町','%e4%b8%8a%e7%9b%8a%e5%9f%8e%e9%83%a1%e5%b1%b1%e9%83%bd%e7%94','jp',1),
(513925,782847,'球磨郡あさぎり町','%e7%90%83%e7%a3%a8%e9%83%a1%e3%81%82%e3%81%95%e3%81%8e%e3%82','jp',1),
(513926,782847,'阿蘇郡小国町','%e9%98%bf%e8%98%87%e9%83%a1%e5%b0%8f%e5%9b%bd%e7%94%ba','jp',1),
(513927,782847,'球磨郡五木村','%e7%90%83%e7%a3%a8%e9%83%a1%e4%ba%94%e6%9c%a8%e6%9d%91','jp',1),
(513928,782847,'山鹿市','%e5%b1%b1%e9%b9%bf%e5%b8%82','jp',1),
(513929,782847,'八代郡氷川町','%e5%85%ab%e4%bb%a3%e9%83%a1%e6%b0%b7%e5%b7%9d%e7%94%ba','jp',1),
(513930,782847,'葦北郡津奈木町','%e8%91%a6%e5%8c%97%e9%83%a1%e6%b4%a5%e5%a5%88%e6%9c%a8%e7%94','jp',1),
(513931,782847,'宇土市','%e5%ae%87%e5%9c%9f%e5%b8%82','jp',1),
(513932,782847,'下益城郡美里町','%e4%b8%8b%e7%9b%8a%e5%9f%8e%e9%83%a1%e7%be%8e%e9%87%8c%e7%94','jp',1),
(513933,782847,'水俣市','%e6%b0%b4%e4%bf%a3%e5%b8%82','jp',1),
(513934,782847,'球磨郡相良村','%e7%90%83%e7%a3%a8%e9%83%a1%e7%9b%b8%e8%89%af%e6%9d%91','jp',1),
(513935,782847,'玉名郡南関町','%e7%8e%89%e5%90%8d%e9%83%a1%e5%8d%97%e9%96%a2%e7%94%ba','jp',1),
(513936,782847,'球磨郡山江村','%e7%90%83%e7%a3%a8%e9%83%a1%e5%b1%b1%e6%b1%9f%e6%9d%91','jp',1),
(513937,782848,'上山市','%e4%b8%8a%e5%b1%b1%e5%b8%82','jp',1),
(513938,782848,'村山市','%e6%9d%91%e5%b1%b1%e5%b8%82','jp',1),
(513939,782848,'東田川郡三川町','%e6%9d%b1%e7%94%b0%e5%b7%9d%e9%83%a1%e4%b8%89%e5%b7%9d%e7%94','jp',1),
(513940,782848,'最上郡舟形町','%e6%9c%80%e4%b8%8a%e9%83%a1%e8%88%9f%e5%bd%a2%e7%94%ba','jp',1),
(513941,782848,'西村山郡朝日町','%e8%a5%bf%e6%9d%91%e5%b1%b1%e9%83%a1%e6%9c%9d%e6%97%a5%e7%94','jp',1),
(513942,782848,'天童市','%e5%a4%a9%e7%ab%a5%e5%b8%82','jp',1),
(513943,782848,'東村山郡中山町','%e6%9d%b1%e6%9d%91%e5%b1%b1%e9%83%a1%e4%b8%ad%e5%b1%b1%e7%94','jp',1),
(513944,782848,'最上郡戸沢村','%e6%9c%80%e4%b8%8a%e9%83%a1%e6%88%b8%e6%b2%a2%e6%9d%91','jp',1),
(513945,782848,'飽海郡遊佐町','%e9%a3%bd%e6%b5%b7%e9%83%a1%e9%81%8a%e4%bd%90%e7%94%ba','jp',1),
(513946,782848,'最上郡金山町','%e6%9c%80%e4%b8%8a%e9%83%a1%e9%87%91%e5%b1%b1%e7%94%ba','jp',1),
(513947,782848,'西村山郡西川町','%e8%a5%bf%e6%9d%91%e5%b1%b1%e9%83%a1%e8%a5%bf%e5%b7%9d%e7%94','jp',1),
(513948,782848,'尾花沢市','%e5%b0%be%e8%8a%b1%e6%b2%a2%e5%b8%82','jp',1),
(513949,782848,'最上郡大蔵村','%e6%9c%80%e4%b8%8a%e9%83%a1%e5%a4%a7%e8%94%b5%e6%9d%91','jp',1),
(513950,782848,'最上郡真室川町','%e6%9c%80%e4%b8%8a%e9%83%a1%e7%9c%9f%e5%ae%a4%e5%b7%9d%e7%94','jp',1),
(513951,782848,'東根市','%e6%9d%b1%e6%a0%b9%e5%b8%82','jp',1),
(513952,782848,'東置賜郡高畠町','%e6%9d%b1%e7%bd%ae%e8%b3%9c%e9%83%a1%e9%ab%98%e7%95%a0%e7%94','jp',1),
(513953,782848,'長井市','%e9%95%b7%e4%ba%95%e5%b8%82','jp',1),
(513954,782848,'最上郡最上町','%e6%9c%80%e4%b8%8a%e9%83%a1%e6%9c%80%e4%b8%8a%e7%94%ba','jp',1),
(513955,782848,'最上郡鮭川村','%e6%9c%80%e4%b8%8a%e9%83%a1%e9%ae%ad%e5%b7%9d%e6%9d%91','jp',1),
(513956,782848,'鶴岡市','%e9%b6%b4%e5%b2%a1%e5%b8%82','jp',1),
(513957,782848,'米沢市','%e7%b1%b3%e6%b2%a2%e5%b8%82','jp',1),
(513958,782848,'西置賜郡白鷹町','%e8%a5%bf%e7%bd%ae%e8%b3%9c%e9%83%a1%e7%99%bd%e9%b7%b9%e7%94','jp',1),
(513959,782848,'新庄市','%e6%96%b0%e5%ba%84%e5%b8%82','jp',1),
(513960,782848,'西村山郡河北町','%e8%a5%bf%e6%9d%91%e5%b1%b1%e9%83%a1%e6%b2%b3%e5%8c%97%e7%94','jp',1),
(513961,782848,'西置賜郡小国町','%e8%a5%bf%e7%bd%ae%e8%b3%9c%e9%83%a1%e5%b0%8f%e5%9b%bd%e7%94','jp',1),
(513962,782848,'寒河江市','%e5%af%92%e6%b2%b3%e6%b1%9f%e5%b8%82','jp',1),
(513963,782848,'東田川郡庄内町','%e6%9d%b1%e7%94%b0%e5%b7%9d%e9%83%a1%e5%ba%84%e5%86%85%e7%94','jp',1),
(513964,782848,'山形市','%e5%b1%b1%e5%bd%a2%e5%b8%82','jp',1),
(513965,782848,'西村山郡大江町','%e8%a5%bf%e6%9d%91%e5%b1%b1%e9%83%a1%e5%a4%a7%e6%b1%9f%e7%94','jp',1),
(513966,782848,'西置賜郡飯豊町','%e8%a5%bf%e7%bd%ae%e8%b3%9c%e9%83%a1%e9%a3%af%e8%b1%8a%e7%94','jp',1),
(513967,782848,'北村山郡大石田町','%e5%8c%97%e6%9d%91%e5%b1%b1%e9%83%a1%e5%a4%a7%e7%9f%b3%e7%94','jp',1),
(513968,782848,'南陽市','%e5%8d%97%e9%99%bd%e5%b8%82','jp',1),
(513969,782848,'酒田市','%e9%85%92%e7%94%b0%e5%b8%82','jp',1),
(513970,782848,'東村山郡山辺町','%e6%9d%b1%e6%9d%91%e5%b1%b1%e9%83%a1%e5%b1%b1%e8%be%ba%e7%94','jp',1),
(513971,782848,'東置賜郡川西町','%e6%9d%b1%e7%bd%ae%e8%b3%9c%e9%83%a1%e5%b7%9d%e8%a5%bf%e7%94','jp',1),
(513972,782849,'西海市','%e8%a5%bf%e6%b5%b7%e5%b8%82','jp',1),
(513973,782849,'平戸市','%e5%b9%b3%e6%88%b8%e5%b8%82','jp',1),
(513974,782849,'壱岐市','%e5%a3%b1%e5%b2%90%e5%b8%82','jp',1),
(513975,782849,'西彼杵郡時津町','%e8%a5%bf%e5%bd%bc%e6%9d%b5%e9%83%a1%e6%99%82%e6%b4%a5%e7%94','jp',1),
(513976,782849,'松浦市','%e6%9d%be%e6%b5%a6%e5%b8%82','jp',1),
(513977,782849,'対馬市','%e5%af%be%e9%a6%ac%e5%b8%82','jp',1),
(513978,782849,'長崎市','%e9%95%b7%e5%b4%8e%e5%b8%82','jp',1),
(513979,782849,'東彼杵郡川棚町','%e6%9d%b1%e5%bd%bc%e6%9d%b5%e9%83%a1%e5%b7%9d%e6%a3%9a%e7%94','jp',1),
(513980,782849,'大村市','%e5%a4%a7%e6%9d%91%e5%b8%82','jp',1),
(513981,782849,'東彼杵郡波佐見町','%e6%9d%b1%e5%bd%bc%e6%9d%b5%e9%83%a1%e6%b3%a2%e4%bd%90%e8%a6','jp',1),
(513982,782849,'諫早市','%e8%ab%ab%e6%97%a9%e5%b8%82','jp',1),
(513983,782849,'五島市','%e4%ba%94%e5%b3%b6%e5%b8%82','jp',1),
(513984,782849,'南島原市','%e5%8d%97%e5%b3%b6%e5%8e%9f%e5%b8%82','jp',1),
(513985,782849,'島原市','%e5%b3%b6%e5%8e%9f%e5%b8%82','jp',1),
(513986,782849,'佐世保市','%e4%bd%90%e4%b8%96%e4%bf%9d%e5%b8%82','jp',1),
(513987,782849,'北松浦郡佐々町','%e5%8c%97%e6%9d%be%e6%b5%a6%e9%83%a1%e4%bd%90%e3%80%85%e7%94','jp',1),
(513988,782849,'北松浦郡小値賀町','%e5%8c%97%e6%9d%be%e6%b5%a6%e9%83%a1%e5%b0%8f%e5%80%a4%e8%b3','jp',1),
(513989,782849,'雲仙市','%e9%9b%b2%e4%bb%99%e5%b8%82','jp',1),
(513990,782849,'南松浦郡新上五島町','%e5%8d%97%e6%9d%be%e6%b5%a6%e9%83%a1%e6%96%b0%e4%b8%8a%e4%ba','jp',1),
(513991,782849,'東彼杵郡東彼杵町','%e6%9d%b1%e5%bd%bc%e6%9d%b5%e9%83%a1%e6%9d%b1%e5%bd%bc%e6%9d','jp',1),
(513992,782849,'西彼杵郡長与町','%e8%a5%bf%e5%bd%bc%e6%9d%b5%e9%83%a1%e9%95%b7%e4%b8%8e%e7%94','jp',1),
(513993,782850,'幡多郡三原村','%e5%b9%a1%e5%a4%9a%e9%83%a1%e4%b8%89%e5%8e%9f%e6%9d%91','jp',1),
(513994,782850,'土佐清水市','%e5%9c%9f%e4%bd%90%e6%b8%85%e6%b0%b4%e5%b8%82','jp',1),
(513995,782850,'安芸郡安田町','%e5%ae%89%e8%8a%b8%e9%83%a1%e5%ae%89%e7%94%b0%e7%94%ba','jp',1),
(513996,782850,'香美市','%e9%a6%99%e7%be%8e%e5%b8%82','jp',1),
(513997,782850,'宿毛市','%e5%ae%bf%e6%af%9b%e5%b8%82','jp',1),
(513998,782850,'香南市','%e9%a6%99%e5%8d%97%e5%b8%82','jp',1),
(513999,782850,'幡多郡黒潮町','%e5%b9%a1%e5%a4%9a%e9%83%a1%e9%bb%92%e6%bd%ae%e7%94%ba','jp',1),
(514000,782850,'土佐郡大川村','%e5%9c%9f%e4%bd%90%e9%83%a1%e5%a4%a7%e5%b7%9d%e6%9d%91','jp',1),
(514001,782850,'南国市','%e5%8d%97%e5%9b%bd%e5%b8%82','jp',1),
(514002,782850,'幡多郡大月町','%e5%b9%a1%e5%a4%9a%e9%83%a1%e5%a4%a7%e6%9c%88%e7%94%ba','jp',1),
(514003,782850,'室戸市','%e5%ae%a4%e6%88%b8%e5%b8%82','jp',1),
(514004,782850,'四万十市','%e5%9b%9b%e4%b8%87%e5%8d%81%e5%b8%82','jp',1),
(514005,782850,'長岡郡本山町','%e9%95%b7%e5%b2%a1%e9%83%a1%e6%9c%ac%e5%b1%b1%e7%94%ba','jp',1),
(514006,782850,'高岡郡中土佐町','%e9%ab%98%e5%b2%a1%e9%83%a1%e4%b8%ad%e5%9c%9f%e4%bd%90%e7%94','jp',1),
(514007,782850,'安芸郡馬路村','%e5%ae%89%e8%8a%b8%e9%83%a1%e9%a6%ac%e8%b7%af%e6%9d%91','jp',1),
(514008,782850,'安芸郡芸西村','%e5%ae%89%e8%8a%b8%e9%83%a1%e8%8a%b8%e8%a5%bf%e6%9d%91','jp',1),
(514009,782850,'安芸郡東洋町','%e5%ae%89%e8%8a%b8%e9%83%a1%e6%9d%b1%e6%b4%8b%e7%94%ba','jp',1),
(514010,782850,'長岡郡大豊町','%e9%95%b7%e5%b2%a1%e9%83%a1%e5%a4%a7%e8%b1%8a%e7%94%ba','jp',1),
(514011,782850,'吾川郡いの町','%e5%90%be%e5%b7%9d%e9%83%a1%e3%81%84%e3%81%ae%e7%94%ba','jp',1),
(514012,782850,'安芸市','%e5%ae%89%e8%8a%b8%e5%b8%82','jp',1),
(514013,782850,'安芸郡北川村','%e5%ae%89%e8%8a%b8%e9%83%a1%e5%8c%97%e5%b7%9d%e6%9d%91','jp',1),
(514014,782850,'安芸郡奈半利町','%e5%ae%89%e8%8a%b8%e9%83%a1%e5%a5%88%e5%8d%8a%e5%88%a9%e7%94','jp',1),
(514015,782850,'土佐郡土佐町','%e5%9c%9f%e4%bd%90%e9%83%a1%e5%9c%9f%e4%bd%90%e7%94%ba','jp',1),
(514016,782850,'高知市','%e9%ab%98%e7%9f%a5%e5%b8%82','jp',1),
(514017,782850,'高岡郡日高村','%e9%ab%98%e5%b2%a1%e9%83%a1%e6%97%a5%e9%ab%98%e6%9d%91','jp',1),
(514018,782850,'吾川郡仁淀川町','%e5%90%be%e5%b7%9d%e9%83%a1%e4%bb%81%e6%b7%80%e5%b7%9d%e7%94','jp',1),
(514019,782850,'土佐市','%e5%9c%9f%e4%bd%90%e5%b8%82','jp',1),
(514020,782850,'須崎市','%e9%a0%88%e5%b4%8e%e5%b8%82','jp',1),
(514021,782850,'高岡郡津野町','%e9%ab%98%e5%b2%a1%e9%83%a1%e6%b4%a5%e9%87%8e%e7%94%ba','jp',1),
(514022,782850,'高岡郡檮原町','%e9%ab%98%e5%b2%a1%e9%83%a1%e6%aa%ae%e5%8e%9f%e7%94%ba','jp',1),
(514023,782850,'安芸郡田野町','%e5%ae%89%e8%8a%b8%e9%83%a1%e7%94%b0%e9%87%8e%e7%94%ba','jp',1),
(514024,782850,'高岡郡四万十町','%e9%ab%98%e5%b2%a1%e9%83%a1%e5%9b%9b%e4%b8%87%e5%8d%81%e7%94','jp',1),
(514025,782850,'高岡郡佐川町','%e9%ab%98%e5%b2%a1%e9%83%a1%e4%bd%90%e5%b7%9d%e7%94%ba','jp',1),
(514026,782850,'高岡郡越知町','%e9%ab%98%e5%b2%a1%e9%83%a1%e8%b6%8a%e7%9f%a5%e7%94%ba','jp',1),
(514027,782851,'八幡市','%e5%85%ab%e5%b9%a1%e5%b8%82','jp',1),
(514028,782851,'京丹後市','%e4%ba%ac%e4%b8%b9%e5%be%8c%e5%b8%82','jp',1),
(514029,782851,'京都市中京区','%e4%ba%ac%e9%83%bd%e5%b8%82%e4%b8%ad%e4%ba%ac%e5%8c%ba','jp',1),
(514030,782851,'綴喜郡宇治田原町','%e7%b6%b4%e5%96%9c%e9%83%a1%e5%ae%87%e6%b2%bb%e7%94%b0%e5%8e','jp',1),
(514031,782851,'相楽郡精華町','%e7%9b%b8%e6%a5%bd%e9%83%a1%e7%b2%be%e8%8f%af%e7%94%ba','jp',1),
(514032,782851,'向日市','%e5%90%91%e6%97%a5%e5%b8%82','jp',1),
(514033,782851,'乙訓郡大山崎町','%e4%b9%99%e8%a8%93%e9%83%a1%e5%a4%a7%e5%b1%b1%e5%b4%8e%e7%94','jp',1),
(514034,782851,'京都市上京区','%e4%ba%ac%e9%83%bd%e5%b8%82%e4%b8%8a%e4%ba%ac%e5%8c%ba','jp',1),
(514035,782851,'南丹市','%e5%8d%97%e4%b8%b9%e5%b8%82','jp',1),
(514036,782851,'京田辺市','%e4%ba%ac%e7%94%b0%e8%be%ba%e5%b8%82','jp',1),
(514037,782851,'京都市伏見区','%e4%ba%ac%e9%83%bd%e5%b8%82%e4%bc%8f%e8%a6%8b%e5%8c%ba','jp',1),
(514038,782851,'京都市南区','%e4%ba%ac%e9%83%bd%e5%b8%82%e5%8d%97%e5%8c%ba','jp',1),
(514039,782851,'京都市東山区','%e4%ba%ac%e9%83%bd%e5%b8%82%e6%9d%b1%e5%b1%b1%e5%8c%ba','jp',1),
(514040,782851,'相楽郡南山城村','%e7%9b%b8%e6%a5%bd%e9%83%a1%e5%8d%97%e5%b1%b1%e5%9f%8e%e6%9d','jp',1),
(514041,782851,'京都市山科区','%e4%ba%ac%e9%83%bd%e5%b8%82%e5%b1%b1%e7%a7%91%e5%8c%ba','jp',1),
(514042,782851,'城陽市','%e5%9f%8e%e9%99%bd%e5%b8%82','jp',1),
(514043,782851,'京都市北区','%e4%ba%ac%e9%83%bd%e5%b8%82%e5%8c%97%e5%8c%ba','jp',1),
(514044,782851,'京都市左京区','%e4%ba%ac%e9%83%bd%e5%b8%82%e5%b7%a6%e4%ba%ac%e5%8c%ba','jp',1),
(514045,782851,'宮津市','%e5%ae%ae%e6%b4%a5%e5%b8%82','jp',1),
(514046,782851,'船井郡京丹波町','%e8%88%b9%e4%ba%95%e9%83%a1%e4%ba%ac%e4%b8%b9%e6%b3%a2%e7%94','jp',1),
(514047,782851,'綴喜郡井手町','%e7%b6%b4%e5%96%9c%e9%83%a1%e4%ba%95%e6%89%8b%e7%94%ba','jp',1),
(514048,782851,'与謝郡伊根町','%e4%b8%8e%e8%ac%9d%e9%83%a1%e4%bc%8a%e6%a0%b9%e7%94%ba','jp',1),
(514049,782851,'亀岡市','%e4%ba%80%e5%b2%a1%e5%b8%82','jp',1),
(514050,782851,'綾部市','%e7%b6%be%e9%83%a8%e5%b8%82','jp',1),
(514051,782851,'舞鶴市','%e8%88%9e%e9%b6%b4%e5%b8%82','jp',1),
(514052,782851,'相楽郡笠置町','%e7%9b%b8%e6%a5%bd%e9%83%a1%e7%ac%a0%e7%bd%ae%e7%94%ba','jp',1),
(514053,782851,'木津川市','%e6%9c%a8%e6%b4%a5%e5%b7%9d%e5%b8%82','jp',1),
(514054,782851,'京都市右京区','%e4%ba%ac%e9%83%bd%e5%b8%82%e5%8f%b3%e4%ba%ac%e5%8c%ba','jp',1),
(514055,782851,'相楽郡和束町','%e7%9b%b8%e6%a5%bd%e9%83%a1%e5%92%8c%e6%9d%9f%e7%94%ba','jp',1),
(514056,782851,'与謝郡与謝野町','%e4%b8%8e%e8%ac%9d%e9%83%a1%e4%b8%8e%e8%ac%9d%e9%87%8e%e7%94','jp',1),
(514057,782851,'長岡京市','%e9%95%b7%e5%b2%a1%e4%ba%ac%e5%b8%82','jp',1),
(514058,782851,'京都市西京区','%e4%ba%ac%e9%83%bd%e5%b8%82%e8%a5%bf%e4%ba%ac%e5%8c%ba','jp',1),
(514059,782851,'京都市下京区','%e4%ba%ac%e9%83%bd%e5%b8%82%e4%b8%8b%e4%ba%ac%e5%8c%ba','jp',1),
(514060,782851,'宇治市','%e5%ae%87%e6%b2%bb%e5%b8%82','jp',1),
(514061,782851,'久世郡久御山町','%e4%b9%85%e4%b8%96%e9%83%a1%e4%b9%85%e5%be%a1%e5%b1%b1%e7%94','jp',1),
(514062,782851,'福知山市','%e7%a6%8f%e7%9f%a5%e5%b1%b1%e5%b8%82','jp',1),
(514063,782852,'南都留郡忍野村','%e5%8d%97%e9%83%bd%e7%95%99%e9%83%a1%e5%bf%8d%e9%87%8e%e6%9d','jp',1),
(514064,782852,'南都留郡鳴沢村','%e5%8d%97%e9%83%bd%e7%95%99%e9%83%a1%e9%b3%b4%e6%b2%a2%e6%9d','jp',1),
(514065,782852,'北都留郡小菅村','%e5%8c%97%e9%83%bd%e7%95%99%e9%83%a1%e5%b0%8f%e8%8f%85%e6%9d','jp',1),
(514066,782852,'中央市','%e4%b8%ad%e5%a4%ae%e5%b8%82','jp',1),
(514067,782852,'山梨市','%e5%b1%b1%e6%a2%a8%e5%b8%82','jp',1),
(514068,782852,'南アルプス市','%e5%8d%97%e3%82%a2%e3%83%ab%e3%83%97%e3%82%b9%e5%b8%82','jp',1),
(514069,782852,'甲州市','%e7%94%b2%e5%b7%9e%e5%b8%82','jp',1),
(514070,782852,'北都留郡丹波山村','%e5%8c%97%e9%83%bd%e7%95%99%e9%83%a1%e4%b8%b9%e6%b3%a2%e5%b1','jp',1),
(514071,782852,'韮崎市','%e9%9f%ae%e5%b4%8e%e5%b8%82','jp',1),
(514072,782852,'大月市','%e5%a4%a7%e6%9c%88%e5%b8%82','jp',1),
(514073,782852,'南都留郡富士河口湖町','%e5%8d%97%e9%83%bd%e7%95%99%e9%83%a1%e5%af%8c%e5%a3%ab%e6%b2','jp',1),
(514074,782852,'中巨摩郡昭和町','%e4%b8%ad%e5%b7%a8%e6%91%a9%e9%83%a1%e6%98%ad%e5%92%8c%e7%94','jp',1),
(514075,782852,'甲府市','%e7%94%b2%e5%ba%9c%e5%b8%82','jp',1),
(514076,782852,'南都留郡西桂町','%e5%8d%97%e9%83%bd%e7%95%99%e9%83%a1%e8%a5%bf%e6%a1%82%e7%94','jp',1),
(514077,782852,'上野原市','%e4%b8%8a%e9%87%8e%e5%8e%9f%e5%b8%82','jp',1),
(514078,782852,'西八代郡市川三郷町','%e8%a5%bf%e5%85%ab%e4%bb%a3%e9%83%a1%e5%b8%82%e5%b7%9d%e4%b8','jp',1),
(514079,782852,'南都留郡道志村','%e5%8d%97%e9%83%bd%e7%95%99%e9%83%a1%e9%81%93%e5%bf%97%e6%9d','jp',1),
(514080,782852,'南巨摩郡早川町','%e5%8d%97%e5%b7%a8%e6%91%a9%e9%83%a1%e6%97%a9%e5%b7%9d%e7%94','jp',1),
(514081,782852,'富士吉田市','%e5%af%8c%e5%a3%ab%e5%90%89%e7%94%b0%e5%b8%82','jp',1),
(514082,782852,'笛吹市','%e7%ac%9b%e5%90%b9%e5%b8%82','jp',1),
(514083,782852,'北杜市','%e5%8c%97%e6%9d%9c%e5%b8%82','jp',1),
(514084,782852,'都留市','%e9%83%bd%e7%95%99%e5%b8%82','jp',1),
(514085,782852,'甲斐市','%e7%94%b2%e6%96%90%e5%b8%82','jp',1),
(514086,782852,'南巨摩郡身延町','%e5%8d%97%e5%b7%a8%e6%91%a9%e9%83%a1%e8%ba%ab%e5%bb%b6%e7%94','jp',1),
(514087,782852,'南巨摩郡南部町','%e5%8d%97%e5%b7%a8%e6%91%a9%e9%83%a1%e5%8d%97%e9%83%a8%e7%94','jp',1),
(514088,782852,'南巨摩郡富士川町','%e5%8d%97%e5%b7%a8%e6%91%a9%e9%83%a1%e5%af%8c%e5%a3%ab%e5%b7','jp',1),
(514089,782852,'南都留郡山中湖村','%e5%8d%97%e9%83%bd%e7%95%99%e9%83%a1%e5%b1%b1%e4%b8%ad%e6%b9','jp',1),
(514090,782853,'養老郡養老町','%e9%a4%8a%e8%80%81%e9%83%a1%e9%a4%8a%e8%80%81%e7%94%ba','jp',1),
(514091,782853,'可児郡御嵩町','%e5%8f%af%e5%85%90%e9%83%a1%e5%be%a1%e5%b5%a9%e7%94%ba','jp',1),
(514092,782853,'美濃加茂市','%e7%be%8e%e6%bf%83%e5%8a%a0%e8%8c%82%e5%b8%82','jp',1),
(514093,782853,'下呂市','%e4%b8%8b%e5%91%82%e5%b8%82','jp',1),
(514094,782853,'大垣市','%e5%a4%a7%e5%9e%a3%e5%b8%82','jp',1),
(514095,782853,'各務原市','%e5%90%84%e5%8b%99%e5%8e%9f%e5%b8%82','jp',1),
(514096,782853,'本巣郡北方町','%e6%9c%ac%e5%b7%a3%e9%83%a1%e5%8c%97%e6%96%b9%e7%94%ba','jp',1),
(514097,782853,'瑞浪市','%e7%91%9e%e6%b5%aa%e5%b8%82','jp',1),
(514098,782853,'郡上市','%e9%83%a1%e4%b8%8a%e5%b8%82','jp',1),
(514099,782853,'加茂郡富加町','%e5%8a%a0%e8%8c%82%e9%83%a1%e5%af%8c%e5%8a%a0%e7%94%ba','jp',1),
(514100,782853,'揖斐郡池田町','%e6%8f%96%e6%96%90%e9%83%a1%e6%b1%a0%e7%94%b0%e7%94%ba','jp',1),
(514101,782853,'羽島郡笠松町','%e7%be%bd%e5%b3%b6%e9%83%a1%e7%ac%a0%e6%9d%be%e7%94%ba','jp',1),
(514102,782853,'恵那市','%e6%81%b5%e9%82%a3%e5%b8%82','jp',1),
(514103,782853,'加茂郡八百津町','%e5%8a%a0%e8%8c%82%e9%83%a1%e5%85%ab%e7%99%be%e6%b4%a5%e7%94','jp',1),
(514104,782853,'加茂郡坂祝町','%e5%8a%a0%e8%8c%82%e9%83%a1%e5%9d%82%e7%a5%9d%e7%94%ba','jp',1),
(514105,782853,'羽島郡岐南町','%e7%be%bd%e5%b3%b6%e9%83%a1%e5%b2%90%e5%8d%97%e7%94%ba','jp',1),
(514106,782853,'揖斐郡揖斐川町','%e6%8f%96%e6%96%90%e9%83%a1%e6%8f%96%e6%96%90%e5%b7%9d%e7%94','jp',1),
(514107,782853,'大野郡白川村','%e5%a4%a7%e9%87%8e%e9%83%a1%e7%99%bd%e5%b7%9d%e6%9d%91','jp',1),
(514108,782853,'不破郡垂井町','%e4%b8%8d%e7%a0%b4%e9%83%a1%e5%9e%82%e4%ba%95%e7%94%ba','jp',1),
(514109,782853,'加茂郡東白川村','%e5%8a%a0%e8%8c%82%e9%83%a1%e6%9d%b1%e7%99%bd%e5%b7%9d%e6%9d','jp',1),
(514110,782853,'安八郡輪之内町','%e5%ae%89%e5%85%ab%e9%83%a1%e8%bc%aa%e4%b9%8b%e5%86%85%e7%94','jp',1),
(514111,782853,'関市','%e9%96%a2%e5%b8%82','jp',1),
(514112,782853,'高山市','%e9%ab%98%e5%b1%b1%e5%b8%82','jp',1),
(514113,782853,'安八郡安八町','%e5%ae%89%e5%85%ab%e9%83%a1%e5%ae%89%e5%85%ab%e7%94%ba','jp',1),
(514114,782853,'加茂郡白川町','%e5%8a%a0%e8%8c%82%e9%83%a1%e7%99%bd%e5%b7%9d%e7%94%ba','jp',1),
(514115,782853,'本巣市','%e6%9c%ac%e5%b7%a3%e5%b8%82','jp',1),
(514116,782853,'安八郡神戸町','%e5%ae%89%e5%85%ab%e9%83%a1%e7%a5%9e%e6%88%b8%e7%94%ba','jp',1),
(514117,782853,'不破郡関ケ原町','%e4%b8%8d%e7%a0%b4%e9%83%a1%e9%96%a2%e3%82%b1%e5%8e%9f%e7%94','jp',1),
(514118,782853,'瑞穂市','%e7%91%9e%e7%a9%82%e5%b8%82','jp',1),
(514119,782853,'山県市','%e5%b1%b1%e7%9c%8c%e5%b8%82','jp',1),
(514120,782853,'多治見市','%e5%a4%9a%e6%b2%bb%e8%a6%8b%e5%b8%82','jp',1),
(514121,782853,'土岐市','%e5%9c%9f%e5%b2%90%e5%b8%82','jp',1),
(514122,782853,'加茂郡川辺町','%e5%8a%a0%e8%8c%82%e9%83%a1%e5%b7%9d%e8%be%ba%e7%94%ba','jp',1),
(514123,782853,'羽島市','%e7%be%bd%e5%b3%b6%e5%b8%82','jp',1),
(514124,782853,'飛騨市','%e9%a3%9b%e9%a8%a8%e5%b8%82','jp',1),
(514125,782853,'美濃市','%e7%be%8e%e6%bf%83%e5%b8%82','jp',1),
(514126,782853,'可児市','%e5%8f%af%e5%85%90%e5%b8%82','jp',1),
(514127,782853,'岐阜市','%e5%b2%90%e9%98%9c%e5%b8%82','jp',1),
(514128,782853,'中津川市','%e4%b8%ad%e6%b4%a5%e5%b7%9d%e5%b8%82','jp',1),
(514129,782853,'揖斐郡大野町','%e6%8f%96%e6%96%90%e9%83%a1%e5%a4%a7%e9%87%8e%e7%94%ba','jp',1),
(514130,782853,'加茂郡七宗町','%e5%8a%a0%e8%8c%82%e9%83%a1%e4%b8%83%e5%ae%97%e7%94%ba','jp',1),
(514131,782853,'海津市','%e6%b5%b7%e6%b4%a5%e5%b8%82','jp',1),
(514132,782854,'砺波市','%e7%a0%ba%e6%b3%a2%e5%b8%82','jp',1),
(514133,782854,'小矢部市','%e5%b0%8f%e7%9f%a2%e9%83%a8%e5%b8%82','jp',1),
(514134,782854,'中新川郡舟橋村','%e4%b8%ad%e6%96%b0%e5%b7%9d%e9%83%a1%e8%88%9f%e6%a9%8b%e6%9d','jp',1),
(514135,782854,'中新川郡上市町','%e4%b8%ad%e6%96%b0%e5%b7%9d%e9%83%a1%e4%b8%8a%e5%b8%82%e7%94','jp',1),
(514136,782854,'射水市','%e5%b0%84%e6%b0%b4%e5%b8%82','jp',1),
(514137,782854,'黒部市','%e9%bb%92%e9%83%a8%e5%b8%82','jp',1),
(514138,782854,'南砺市','%e5%8d%97%e7%a0%ba%e5%b8%82','jp',1),
(514139,782854,'滑川市','%e6%bb%91%e5%b7%9d%e5%b8%82','jp',1),
(514140,782854,'富山市','%e5%af%8c%e5%b1%b1%e5%b8%82','jp',1),
(514141,782854,'高岡市','%e9%ab%98%e5%b2%a1%e5%b8%82','jp',1),
(514142,782854,'下新川郡朝日町','%e4%b8%8b%e6%96%b0%e5%b7%9d%e9%83%a1%e6%9c%9d%e6%97%a5%e7%94','jp',1),
(514143,782854,'中新川郡立山町','%e4%b8%ad%e6%96%b0%e5%b7%9d%e9%83%a1%e7%ab%8b%e5%b1%b1%e7%94','jp',1),
(514144,782854,'氷見市','%e6%b0%b7%e8%a6%8b%e5%b8%82','jp',1),
(514145,782854,'魚津市','%e9%ad%9a%e6%b4%a5%e5%b8%82','jp',1),
(514146,782854,'下新川郡入善町','%e4%b8%8b%e6%96%b0%e5%b7%9d%e9%83%a1%e5%85%a5%e5%96%84%e7%94','jp',1),
(514147,782855,'神石郡神石高原町','%e7%a5%9e%e7%9f%b3%e9%83%a1%e7%a5%9e%e7%9f%b3%e9%ab%98%e5%8e','jp',1),
(514148,782855,'福山市','%e7%a6%8f%e5%b1%b1%e5%b8%82','jp',1),
(514149,782855,'庄原市','%e5%ba%84%e5%8e%9f%e5%b8%82','jp',1),
(514150,782855,'三原市','%e4%b8%89%e5%8e%9f%e5%b8%82','jp',1),
(514151,782855,'尾道市','%e5%b0%be%e9%81%93%e5%b8%82','jp',1),
(514152,782855,'世羅郡世羅町','%e4%b8%96%e7%be%85%e9%83%a1%e4%b8%96%e7%be%85%e7%94%ba','jp',1),
(514153,782855,'広島市安芸区','%e5%ba%83%e5%b3%b6%e5%b8%82%e5%ae%89%e8%8a%b8%e5%8c%ba','jp',1),
(514154,782855,'広島市東区','%e5%ba%83%e5%b3%b6%e5%b8%82%e6%9d%b1%e5%8c%ba','jp',1),
(514155,782855,'竹原市','%e7%ab%b9%e5%8e%9f%e5%b8%82','jp',1),
(514156,782855,'大竹市','%e5%a4%a7%e7%ab%b9%e5%b8%82','jp',1),
(514157,782855,'安芸郡府中町','%e5%ae%89%e8%8a%b8%e9%83%a1%e5%ba%9c%e4%b8%ad%e7%94%ba','jp',1),
(514158,782855,'府中市','%e5%ba%9c%e4%b8%ad%e5%b8%82','jp',1),
(514159,782855,'安芸郡熊野町','%e5%ae%89%e8%8a%b8%e9%83%a1%e7%86%8a%e9%87%8e%e7%94%ba','jp',1),
(514160,782855,'安芸郡坂町','%e5%ae%89%e8%8a%b8%e9%83%a1%e5%9d%82%e7%94%ba','jp',1),
(514161,782855,'広島市安佐南区','%e5%ba%83%e5%b3%b6%e5%b8%82%e5%ae%89%e4%bd%90%e5%8d%97%e5%8c','jp',1),
(514162,782855,'広島市西区','%e5%ba%83%e5%b3%b6%e5%b8%82%e8%a5%bf%e5%8c%ba','jp',1),
(514163,782855,'江田島市','%e6%b1%9f%e7%94%b0%e5%b3%b6%e5%b8%82','jp',1),
(514164,782855,'広島市中区','%e5%ba%83%e5%b3%b6%e5%b8%82%e4%b8%ad%e5%8c%ba','jp',1),
(514165,782855,'山県郡北広島町','%e5%b1%b1%e7%9c%8c%e9%83%a1%e5%8c%97%e5%ba%83%e5%b3%b6%e7%94','jp',1),
(514166,782855,'広島市南区','%e5%ba%83%e5%b3%b6%e5%b8%82%e5%8d%97%e5%8c%ba','jp',1),
(514167,782855,'山県郡安芸太田町','%e5%b1%b1%e7%9c%8c%e9%83%a1%e5%ae%89%e8%8a%b8%e5%a4%aa%e7%94','jp',1),
(514168,782855,'呉市','%e5%91%89%e5%b8%82','jp',1),
(514169,782855,'廿日市市','%e5%bb%bf%e6%97%a5%e5%b8%82%e5%b8%82','jp',1),
(514170,782855,'広島市佐伯区','%e5%ba%83%e5%b3%b6%e5%b8%82%e4%bd%90%e4%bc%af%e5%8c%ba','jp',1),
(514171,782855,'安芸高田市','%e5%ae%89%e8%8a%b8%e9%ab%98%e7%94%b0%e5%b8%82','jp',1),
(514172,782855,'三次市','%e4%b8%89%e6%ac%a1%e5%b8%82','jp',1),
(514173,782855,'安芸郡海田町','%e5%ae%89%e8%8a%b8%e9%83%a1%e6%b5%b7%e7%94%b0%e7%94%ba','jp',1),
(514174,782855,'東広島市','%e6%9d%b1%e5%ba%83%e5%b3%b6%e5%b8%82','jp',1),
(514175,782855,'広島市安佐北区','%e5%ba%83%e5%b3%b6%e5%b8%82%e5%ae%89%e4%bd%90%e5%8c%97%e5%8c','jp',1),
(514176,782855,'豊田郡大崎上島町','%e8%b1%8a%e7%94%b0%e9%83%a1%e5%a4%a7%e5%b4%8e%e4%b8%8a%e5%b3','jp',1),
(514177,782856,'大阪市中央区','%e5%a4%a7%e9%98%aa%e5%b8%82%e4%b8%ad%e5%a4%ae%e5%8c%ba','jp',1),
(514178,782856,'泉佐野市','%e6%b3%89%e4%bd%90%e9%87%8e%e5%b8%82','jp',1),
(514179,782856,'大阪市此花区','%e5%a4%a7%e9%98%aa%e5%b8%82%e6%ad%a4%e8%8a%b1%e5%8c%ba','jp',1),
(514180,782856,'大阪市旭区','%e5%a4%a7%e9%98%aa%e5%b8%82%e6%97%ad%e5%8c%ba','jp',1),
(514181,782856,'大阪市福島区','%e5%a4%a7%e9%98%aa%e5%b8%82%e7%a6%8f%e5%b3%b6%e5%8c%ba','jp',1),
(514182,782856,'四條畷市','%e5%9b%9b%e6%a2%9d%e7%95%b7%e5%b8%82','jp',1),
(514183,782856,'東大阪市','%e6%9d%b1%e5%a4%a7%e9%98%aa%e5%b8%82','jp',1),
(514184,782856,'柏原市','%e6%9f%8f%e5%8e%9f%e5%b8%82','jp',1),
(514185,782856,'豊能郡豊能町','%e8%b1%8a%e8%83%bd%e9%83%a1%e8%b1%8a%e8%83%bd%e7%94%ba','jp',1),
(514186,782856,'南河内郡太子町','%e5%8d%97%e6%b2%b3%e5%86%85%e9%83%a1%e5%a4%aa%e5%ad%90%e7%94','jp',1),
(514187,782856,'阪南市','%e9%98%aa%e5%8d%97%e5%b8%82','jp',1),
(514188,782856,'大阪市浪速区','%e5%a4%a7%e9%98%aa%e5%b8%82%e6%b5%aa%e9%80%9f%e5%8c%ba','jp',1),
(514189,782856,'三島郡島本町','%e4%b8%89%e5%b3%b6%e9%83%a1%e5%b3%b6%e6%9c%ac%e7%94%ba','jp',1),
(514190,782856,'泉南郡田尻町','%e6%b3%89%e5%8d%97%e9%83%a1%e7%94%b0%e5%b0%bb%e7%94%ba','jp',1),
(514191,782856,'高石市','%e9%ab%98%e7%9f%b3%e5%b8%82','jp',1),
(514192,782856,'寝屋川市','%e5%af%9d%e5%b1%8b%e5%b7%9d%e5%b8%82','jp',1),
(514193,782856,'大阪市城東区','%e5%a4%a7%e9%98%aa%e5%b8%82%e5%9f%8e%e6%9d%b1%e5%8c%ba','jp',1),
(514194,782856,'大阪市西成区','%e5%a4%a7%e9%98%aa%e5%b8%82%e8%a5%bf%e6%88%90%e5%8c%ba','jp',1),
(514195,782856,'豊中市','%e8%b1%8a%e4%b8%ad%e5%b8%82','jp',1),
(514196,782856,'交野市','%e4%ba%a4%e9%87%8e%e5%b8%82','jp',1),
(514197,782856,'大阪市東成区','%e5%a4%a7%e9%98%aa%e5%b8%82%e6%9d%b1%e6%88%90%e5%8c%ba','jp',1),
(514198,782856,'茨木市','%e8%8c%a8%e6%9c%a8%e5%b8%82','jp',1),
(514199,782856,'藤井寺市','%e8%97%a4%e4%ba%95%e5%af%ba%e5%b8%82','jp',1),
(514200,782856,'大東市','%e5%a4%a7%e6%9d%b1%e5%b8%82','jp',1),
(514201,782856,'泉南郡岬町','%e6%b3%89%e5%8d%97%e9%83%a1%e5%b2%ac%e7%94%ba','jp',1),
(514202,782856,'堺市中区','%e5%a0%ba%e5%b8%82%e4%b8%ad%e5%8c%ba','jp',1),
(514203,782856,'吹田市','%e5%90%b9%e7%94%b0%e5%b8%82','jp',1),
(514204,782856,'箕面市','%e7%ae%95%e9%9d%a2%e5%b8%82','jp',1),
(514205,782856,'富田林市','%e5%af%8c%e7%94%b0%e6%9e%97%e5%b8%82','jp',1),
(514206,782856,'大阪市天王寺区','%e5%a4%a7%e9%98%aa%e5%b8%82%e5%a4%a9%e7%8e%8b%e5%af%ba%e5%8c','jp',1),
(514207,782856,'堺市東区','%e5%a0%ba%e5%b8%82%e6%9d%b1%e5%8c%ba','jp',1),
(514208,782856,'大阪市鶴見区','%e5%a4%a7%e9%98%aa%e5%b8%82%e9%b6%b4%e8%a6%8b%e5%8c%ba','jp',1),
(514209,782856,'羽曳野市','%e7%be%bd%e6%9b%b3%e9%87%8e%e5%b8%82','jp',1),
(514210,782856,'堺市美原区','%e5%a0%ba%e5%b8%82%e7%be%8e%e5%8e%9f%e5%8c%ba','jp',1),
(514211,782856,'枚方市','%e6%9e%9a%e6%96%b9%e5%b8%82','jp',1),
(514212,782856,'岸和田市','%e5%b2%b8%e5%92%8c%e7%94%b0%e5%b8%82','jp',1),
(514213,782856,'堺市北区','%e5%a0%ba%e5%b8%82%e5%8c%97%e5%8c%ba','jp',1),
(514214,782856,'八尾市','%e5%85%ab%e5%b0%be%e5%b8%82','jp',1),
(514215,782856,'大阪市住吉区','%e5%a4%a7%e9%98%aa%e5%b8%82%e4%bd%8f%e5%90%89%e5%8c%ba','jp',1),
(514216,782856,'貝塚市','%e8%b2%9d%e5%a1%9a%e5%b8%82','jp',1),
(514217,782856,'和泉市','%e5%92%8c%e6%b3%89%e5%b8%82','jp',1),
(514218,782856,'堺市南区','%e5%a0%ba%e5%b8%82%e5%8d%97%e5%8c%ba','jp',1),
(514219,782856,'南河内郡河南町','%e5%8d%97%e6%b2%b3%e5%86%85%e9%83%a1%e6%b2%b3%e5%8d%97%e7%94','jp',1),
(514220,782856,'大阪市北区','%e5%a4%a7%e9%98%aa%e5%b8%82%e5%8c%97%e5%8c%ba','jp',1),
(514221,782856,'大阪市港区','%e5%a4%a7%e9%98%aa%e5%b8%82%e6%b8%af%e5%8c%ba','jp',1),
(514222,782856,'門真市','%e9%96%80%e7%9c%9f%e5%b8%82','jp',1),
(514223,782856,'泉南郡熊取町','%e6%b3%89%e5%8d%97%e9%83%a1%e7%86%8a%e5%8f%96%e7%94%ba','jp',1),
(514224,782856,'大阪市住之江区','%e5%a4%a7%e9%98%aa%e5%b8%82%e4%bd%8f%e4%b9%8b%e6%b1%9f%e5%8c','jp',1),
(514225,782856,'大阪狭山市','%e5%a4%a7%e9%98%aa%e7%8b%ad%e5%b1%b1%e5%b8%82','jp',1),
(514226,782856,'高槻市','%e9%ab%98%e6%a7%bb%e5%b8%82','jp',1),
(514227,782856,'河内長野市','%e6%b2%b3%e5%86%85%e9%95%b7%e9%87%8e%e5%b8%82','jp',1),
(514228,782856,'泉南市','%e6%b3%89%e5%8d%97%e5%b8%82','jp',1),
(514229,782856,'堺市西区','%e5%a0%ba%e5%b8%82%e8%a5%bf%e5%8c%ba','jp',1),
(514230,782856,'南河内郡千早赤阪村','%e5%8d%97%e6%b2%b3%e5%86%85%e9%83%a1%e5%8d%83%e6%97%a9%e8%b5','jp',1),
(514231,782856,'泉大津市','%e6%b3%89%e5%a4%a7%e6%b4%a5%e5%b8%82','jp',1),
(514232,782856,'大阪市東住吉区','%e5%a4%a7%e9%98%aa%e5%b8%82%e6%9d%b1%e4%bd%8f%e5%90%89%e5%8c','jp',1),
(514233,782856,'大阪市西区','%e5%a4%a7%e9%98%aa%e5%b8%82%e8%a5%bf%e5%8c%ba','jp',1),
(514234,782856,'摂津市','%e6%91%82%e6%b4%a5%e5%b8%82','jp',1),
(514235,782856,'大阪市西淀川区','%e5%a4%a7%e9%98%aa%e5%b8%82%e8%a5%bf%e6%b7%80%e5%b7%9d%e5%8c','jp',1),
(514236,782856,'松原市','%e6%9d%be%e5%8e%9f%e5%b8%82','jp',1),
(514237,782856,'大阪市大正区','%e5%a4%a7%e9%98%aa%e5%b8%82%e5%a4%a7%e6%ad%a3%e5%8c%ba','jp',1),
(514238,782856,'守口市','%e5%ae%88%e5%8f%a3%e5%b8%82','jp',1),
(514239,782856,'大阪市阿倍野区','%e5%a4%a7%e9%98%aa%e5%b8%82%e9%98%bf%e5%80%8d%e9%87%8e%e5%8c','jp',1),
(514240,782856,'池田市','%e6%b1%a0%e7%94%b0%e5%b8%82','jp',1),
(514241,782856,'大阪市東淀川区','%e5%a4%a7%e9%98%aa%e5%b8%82%e6%9d%b1%e6%b7%80%e5%b7%9d%e5%8c','jp',1),
(514242,782856,'大阪市生野区','%e5%a4%a7%e9%98%aa%e5%b8%82%e7%94%9f%e9%87%8e%e5%8c%ba','jp',1),
(514243,782856,'堺市堺区','%e5%a0%ba%e5%b8%82%e5%a0%ba%e5%8c%ba','jp',1),
(514244,782856,'大阪市平野区','%e5%a4%a7%e9%98%aa%e5%b8%82%e5%b9%b3%e9%87%8e%e5%8c%ba','jp',1),
(514245,782856,'泉北郡忠岡町','%e6%b3%89%e5%8c%97%e9%83%a1%e5%bf%a0%e5%b2%a1%e7%94%ba','jp',1),
(514246,782856,'大阪市淀川区','%e5%a4%a7%e9%98%aa%e5%b8%82%e6%b7%80%e5%b7%9d%e5%8c%ba','jp',1),
(514247,782856,'大阪市都島区','%e5%a4%a7%e9%98%aa%e5%b8%82%e9%83%bd%e5%b3%b6%e5%8c%ba','jp',1),
(514248,782856,'豊能郡能勢町','%e8%b1%8a%e8%83%bd%e9%83%a1%e8%83%bd%e5%8b%a2%e7%94%ba','jp',1),
(514249,782857,'伊予郡松前町','%e4%bc%8a%e4%ba%88%e9%83%a1%e6%9d%be%e5%89%8d%e7%94%ba','jp',1),
(514250,782857,'伊予市','%e4%bc%8a%e4%ba%88%e5%b8%82','jp',1),
(514251,782857,'南宇和郡愛南町','%e5%8d%97%e5%ae%87%e5%92%8c%e9%83%a1%e6%84%9b%e5%8d%97%e7%94','jp',1),
(514252,782857,'八幡浜市','%e5%85%ab%e5%b9%a1%e6%b5%9c%e5%b8%82','jp',1),
(514253,782857,'伊予郡砥部町','%e4%bc%8a%e4%ba%88%e9%83%a1%e7%a0%a5%e9%83%a8%e7%94%ba','jp',1),
(514254,782857,'西宇和郡伊方町','%e8%a5%bf%e5%ae%87%e5%92%8c%e9%83%a1%e4%bc%8a%e6%96%b9%e7%94','jp',1),
(514255,782857,'北宇和郡鬼北町','%e5%8c%97%e5%ae%87%e5%92%8c%e9%83%a1%e9%ac%bc%e5%8c%97%e7%94','jp',1),
(514256,782857,'越智郡上島町','%e8%b6%8a%e6%99%ba%e9%83%a1%e4%b8%8a%e5%b3%b6%e7%94%ba','jp',1),
(514257,782857,'西予市','%e8%a5%bf%e4%ba%88%e5%b8%82','jp',1),
(514258,782857,'宇和島市','%e5%ae%87%e5%92%8c%e5%b3%b6%e5%b8%82','jp',1),
(514259,782857,'上浮穴郡久万高原町','%e4%b8%8a%e6%b5%ae%e7%a9%b4%e9%83%a1%e4%b9%85%e4%b8%87%e9%ab','jp',1),
(514260,782857,'大洲市','%e5%a4%a7%e6%b4%b2%e5%b8%82','jp',1),
(514261,782857,'四国中央市','%e5%9b%9b%e5%9b%bd%e4%b8%ad%e5%a4%ae%e5%b8%82','jp',1),
(514262,782857,'西条市','%e8%a5%bf%e6%9d%a1%e5%b8%82','jp',1),
(514263,782857,'喜多郡内子町','%e5%96%9c%e5%a4%9a%e9%83%a1%e5%86%85%e5%ad%90%e7%94%ba','jp',1),
(514264,782857,'新居浜市','%e6%96%b0%e5%b1%85%e6%b5%9c%e5%b8%82','jp',1),
(514265,782857,'今治市','%e4%bb%8a%e6%b2%bb%e5%b8%82','jp',1),
(514266,782857,'松山市','%e6%9d%be%e5%b1%b1%e5%b8%82','jp',1),
(514267,782857,'北宇和郡松野町','%e5%8c%97%e5%ae%87%e5%92%8c%e9%83%a1%e6%9d%be%e9%87%8e%e7%94','jp',1),
(514268,782857,'東温市','%e6%9d%b1%e6%b8%a9%e5%b8%82','jp',1);

/* Table structure for table `oc_t_city_area` */
CREATE TABLE IF NOT EXISTS `oc_t_city_area` (
  `pk_i_id` int(10) unsigned NOT NULL,
  `fk_i_city_id` int(10) unsigned NOT NULL,
  `s_name` varchar(255) NOT NULL,
  PRIMARY KEY (`pk_i_id`),
  KEY `fk_i_city_id` (`fk_i_city_id`),
  KEY `idx_s_name` (`s_name`),
  CONSTRAINT `oc_t_city_area_ibfk_1` FOREIGN KEY (`fk_i_city_id`) REFERENCES `oc_t_city` (`pk_i_id`)
) ENGINE=InnoDB DEFAULT CHARSET=utf8;


/* Table structure for table `oc_t_widget` */
CREATE TABLE IF NOT EXISTS `oc_t_widget` (
  `pk_i_id` int(10) unsigned NOT NULL AUTO_INCREMENT,
  `s_description` varchar(40) NOT NULL,
  `s_location` varchar(40) NOT NULL,
  `e_kind` enum('TEXT','HTML') NOT NULL,
  `s_content` mediumtext NOT NULL,
  PRIMARY KEY (`pk_i_id`)
) ENGINE=InnoDB DEFAULT CHARSET=utf8;


/* Table structure for table `oc_t_admin` */
CREATE TABLE IF NOT EXISTS `oc_t_admin` (
  `pk_i_id` int(10) unsigned NOT NULL AUTO_INCREMENT,
  `s_name` varchar(100) NOT NULL,
  `s_username` varchar(40) NOT NULL,
  `s_password` char(60) NOT NULL,
  `s_email` varchar(100) DEFAULT NULL,
  `s_secret` varchar(40) DEFAULT NULL,
  `b_moderator` tinyint(1) NOT NULL DEFAULT '0',
  PRIMARY KEY (`pk_i_id`),
  UNIQUE KEY `s_username` (`s_username`),
  UNIQUE KEY `s_email` (`s_email`)
) ENGINE=InnoDB AUTO_INCREMENT=2 DEFAULT CHARSET=utf8;

/* dumping data for table `oc_t_admin` */
insert into `oc_t_admin` values
(1,'Administrator','ocadmin','$2y$15$IRf.dYCXGxnI35cc7tLZE.wlt4rVPJTvdy9sIJTRFMjUDO1k.K4EG','fleur-an@snk.qtt-fun.jp',null,0);

/* Table structure for table `oc_t_user` */
CREATE TABLE IF NOT EXISTS `oc_t_user` (
  `pk_i_id` int(10) unsigned NOT NULL AUTO_INCREMENT,
  `dt_reg_date` datetime NOT NULL,
  `dt_mod_date` datetime DEFAULT NULL,
  `s_name` varchar(100) NOT NULL,
  `s_username` varchar(100) NOT NULL,
  `s_password` char(60) NOT NULL,
  `s_secret` varchar(40) DEFAULT NULL,
  `s_email` varchar(100) NOT NULL,
  `s_website` varchar(100) DEFAULT NULL,
  `s_phone_land` varchar(45) DEFAULT NULL,
  `s_phone_mobile` varchar(45) DEFAULT NULL,
  `b_enabled` tinyint(1) NOT NULL DEFAULT '1',
  `b_active` tinyint(1) NOT NULL DEFAULT '0',
  `s_pass_code` varchar(100) DEFAULT NULL,
  `s_pass_date` datetime DEFAULT NULL,
  `s_pass_ip` varchar(15) DEFAULT NULL,
  `fk_c_country_code` char(2) DEFAULT NULL,
  `s_country` varchar(40) DEFAULT NULL,
  `s_address` varchar(100) DEFAULT NULL,
  `s_zip` varchar(15) DEFAULT NULL,
  `fk_i_region_id` int(10) unsigned DEFAULT NULL,
  `s_region` varchar(100) DEFAULT NULL,
  `fk_i_city_id` int(10) unsigned DEFAULT NULL,
  `s_city` varchar(100) DEFAULT NULL,
  `fk_i_city_area_id` int(10) unsigned DEFAULT NULL,
  `s_city_area` varchar(200) DEFAULT NULL,
  `d_coord_lat` decimal(10,6) DEFAULT NULL,
  `d_coord_long` decimal(10,6) DEFAULT NULL,
  `b_company` tinyint(1) NOT NULL DEFAULT '0',
  `i_items` int(10) unsigned DEFAULT '0',
  `i_comments` int(10) unsigned DEFAULT '0',
  `dt_access_date` datetime NOT NULL DEFAULT '0000-00-00 00:00:00',
  `s_access_ip` varchar(15) NOT NULL DEFAULT '',
  PRIMARY KEY (`pk_i_id`),
  UNIQUE KEY `s_email` (`s_email`),
  KEY `idx_s_name` (`s_name`(6)),
  KEY `idx_s_username` (`s_username`),
  KEY `fk_c_country_code` (`fk_c_country_code`),
  KEY `fk_i_region_id` (`fk_i_region_id`),
  KEY `fk_i_city_id` (`fk_i_city_id`),
  KEY `fk_i_city_area_id` (`fk_i_city_area_id`),
  CONSTRAINT `oc_t_user_ibfk_1` FOREIGN KEY (`fk_c_country_code`) REFERENCES `oc_t_country` (`pk_c_code`),
  CONSTRAINT `oc_t_user_ibfk_2` FOREIGN KEY (`fk_i_region_id`) REFERENCES `oc_t_region` (`pk_i_id`),
  CONSTRAINT `oc_t_user_ibfk_3` FOREIGN KEY (`fk_i_city_id`) REFERENCES `oc_t_city` (`pk_i_id`),
  CONSTRAINT `oc_t_user_ibfk_4` FOREIGN KEY (`fk_i_city_area_id`) REFERENCES `oc_t_city_area` (`pk_i_id`)
) ENGINE=InnoDB DEFAULT CHARSET=utf8;


/* Table structure for table `oc_t_user_description` */
CREATE TABLE IF NOT EXISTS `oc_t_user_description` (
  `fk_i_user_id` int(10) unsigned NOT NULL,
  `fk_c_locale_code` char(5) NOT NULL,
  `s_info` text,
  PRIMARY KEY (`fk_i_user_id`,`fk_c_locale_code`),
  KEY `fk_c_locale_code` (`fk_c_locale_code`),
  CONSTRAINT `oc_t_user_description_ibfk_1` FOREIGN KEY (`fk_i_user_id`) REFERENCES `oc_t_user` (`pk_i_id`),
  CONSTRAINT `oc_t_user_description_ibfk_2` FOREIGN KEY (`fk_c_locale_code`) REFERENCES `oc_t_locale` (`pk_c_code`)
) ENGINE=InnoDB DEFAULT CHARSET=utf8;


/* Table structure for table `oc_t_category` */
CREATE TABLE IF NOT EXISTS `oc_t_category` (
  `pk_i_id` int(10) unsigned NOT NULL AUTO_INCREMENT,
  `fk_i_parent_id` int(10) unsigned DEFAULT NULL,
  `i_expiration_days` int(3) unsigned NOT NULL DEFAULT '0',
  `i_position` int(2) unsigned NOT NULL DEFAULT '0',
  `b_enabled` tinyint(1) NOT NULL DEFAULT '1',
  `b_price_enabled` tinyint(1) NOT NULL DEFAULT '1',
  `s_icon` varchar(250) DEFAULT NULL,
  PRIMARY KEY (`pk_i_id`),
  KEY `fk_i_parent_id` (`fk_i_parent_id`),
  KEY `i_position` (`i_position`),
  CONSTRAINT `oc_t_category_ibfk_1` FOREIGN KEY (`fk_i_parent_id`) REFERENCES `oc_t_category` (`pk_i_id`)
) ENGINE=InnoDB AUTO_INCREMENT=96 DEFAULT CHARSET=utf8;

/* dumping data for table `oc_t_category` */
insert into `oc_t_category` values
(1,null,0,1,1,1,null),
(2,null,0,2,1,1,null),
(3,null,0,3,1,1,null),
(4,null,0,4,1,1,null),
(5,null,0,5,1,1,null),
(6,null,0,6,1,1,null),
(7,null,0,7,1,1,null),
(8,null,0,8,1,1,null),
(9,1,0,1,1,1,null),
(10,1,0,2,1,1,null),
(11,1,0,3,1,1,null),
(12,1,0,4,1,1,null),
(13,1,0,5,1,1,null),
(14,1,0,6,1,1,null),
(15,1,0,7,1,1,null),
(16,1,0,8,1,1,null),
(17,1,0,9,1,1,null),
(18,1,0,10,1,1,null),
(19,1,0,11,1,1,null),
(20,1,0,12,1,1,null),
(21,1,0,13,1,1,null),
(22,1,0,14,1,1,null),
(23,1,0,15,1,1,null),
(24,1,0,16,1,1,null),
(25,1,0,17,1,1,null),
(26,1,0,18,1,1,null),
(27,1,0,19,1,1,null),
(28,1,0,20,1,1,null),
(29,1,0,21,1,1,null),
(30,1,0,22,1,1,null),
(31,2,0,1,1,1,null),
(32,2,0,2,1,1,null),
(33,2,0,3,1,1,null),
(34,2,0,4,1,1,null),
(35,2,0,5,1,1,null),
(36,2,0,6,1,1,null),
(37,2,0,7,1,1,null),
(38,3,0,1,1,1,null),
(39,3,0,2,1,1,null),
(40,3,0,3,1,1,null),
(41,3,0,4,1,1,null),
(42,3,0,5,1,1,null),
(43,4,0,1,1,1,null),
(44,4,0,2,1,1,null),
(45,4,0,3,1,1,null),
(46,4,0,4,1,1,null),
(47,4,0,5,1,1,null),
(48,4,0,6,1,1,null),
(49,4,0,7,1,1,null),
(50,4,0,8,1,1,null),
(51,4,0,9,1,1,null),
(52,5,0,1,1,1,null),
(53,5,0,2,1,1,null),
(54,5,0,3,1,1,null),
(55,5,0,4,1,1,null),
(56,5,0,5,1,1,null),
(57,5,0,6,1,1,null),
(58,5,0,7,1,1,null),
(59,5,0,8,1,1,null),
(60,5,0,9,1,1,null),
(61,5,0,10,1,1,null),
(62,5,0,11,1,1,null),
(63,6,0,1,1,1,null),
(64,6,0,2,1,1,null),
(65,6,0,3,1,1,null),
(66,6,0,4,1,1,null),
(67,6,0,5,1,1,null),
(68,6,0,6,1,1,null),
(69,7,0,1,1,1,null),
(70,7,0,2,1,1,null),
(71,7,0,3,1,1,null),
(72,7,0,4,1,1,null),
(73,7,0,5,1,1,null),
(74,7,0,6,1,1,null),
(75,8,0,1,1,1,null),
(76,8,0,2,1,1,null),
(77,8,0,3,1,1,null),
(78,8,0,4,1,1,null),
(79,8,0,5,1,1,null),
(80,8,0,6,1,1,null),
(81,8,0,7,1,1,null),
(82,8,0,8,1,1,null),
(83,8,0,9,1,1,null),
(84,8,0,10,1,1,null),
(85,8,0,11,1,1,null),
(86,8,0,12,1,1,null),
(87,8,0,13,1,1,null),
(88,8,0,14,1,1,null),
(89,8,0,15,1,1,null),
(90,8,0,16,1,1,null),
(91,8,0,17,1,1,null),
(92,8,0,18,1,1,null),
(93,8,0,19,1,1,null),
(94,8,0,20,1,1,null),
(95,8,0,21,1,1,null);

/* Table structure for table `oc_t_category_description` */
CREATE TABLE IF NOT EXISTS `oc_t_category_description` (
  `fk_i_category_id` int(10) unsigned NOT NULL,
  `fk_c_locale_code` char(5) NOT NULL,
  `s_name` varchar(100) DEFAULT NULL,
  `s_description` text,
  `s_slug` varchar(255) NOT NULL,
  PRIMARY KEY (`fk_i_category_id`,`fk_c_locale_code`),
  KEY `idx_s_slug` (`s_slug`),
  KEY `fk_c_locale_code` (`fk_c_locale_code`),
  CONSTRAINT `oc_t_category_description_ibfk_1` FOREIGN KEY (`fk_i_category_id`) REFERENCES `oc_t_category` (`pk_i_id`),
  CONSTRAINT `oc_t_category_description_ibfk_2` FOREIGN KEY (`fk_c_locale_code`) REFERENCES `oc_t_locale` (`pk_c_code`)
) ENGINE=InnoDB DEFAULT CHARSET=utf8;

/* dumping data for table `oc_t_category_description` */
insert into `oc_t_category_description` values
(1,'en_US','For sale',null,'for-sale'),
(1,'ja_JA','売り出し中','','%e5%a3%b2%e3%82%8a%e5%87%ba%e3%81%97%e4%b8%ad'),
(2,'en_US','Vehicles',null,'vehicles'),
(2,'ja_JA','車両','','%e8%bb%8a%e4%b8%a1'),
(3,'en_US','Classes',null,'classes'),
(3,'ja_JA','各種教室','','%e5%90%84%e7%a8%ae%e6%95%99%e5%ae%a4'),
(4,'en_US','Real estate',null,'real-estate'),
(4,'ja_JA','不動産','','%e4%b8%8d%e5%8b%95%e7%94%a3'),
(5,'en_US','Services',null,'services'),
(5,'ja_JA','サービス','','%e3%82%b5%e3%83%bc%e3%83%93%e3%82%b9'),
(6,'en_US','Community',null,'community'),
(6,'ja_JA','コミュニティ・サークル','','%e3%82%b3%e3%83%9f%e3%83%a5%e3%83%8b%e3%83%86%e3%82%a3%e3%82%b5%e3%83%bc%e3%82%af%e3%83%ab'),
(7,'en_US','Personals',null,'personals'),
(7,'ja_JA','パーソナル','','%e3%83%91%e3%83%bc%e3%82%bd%e3%83%8a%e3%83%ab'),
(8,'en_US','Jobs',null,'jobs'),
(8,'ja_JA','仕事','','%e4%bb%95%e4%ba%8b'),
(9,'en_US','Animals',null,'animals'),
(9,'ja_JA','動物','','%e5%8b%95%e7%89%a9'),
(10,'en_US','Art - Collectibles',null,'art-collectibles'),
(10,'ja_JA','アート、収集品','','%e3%82%a2%e3%83%bc%e3%83%88%e5%8f%8e%e9%9b%86%e5%93%81'),
(11,'en_US','Barter',null,'barter'),
(11,'ja_JA','物々交換','','%e7%89%a9%e3%80%85%e4%ba%a4%e6%8f%9b'),
(12,'en_US','Books - Magazines',null,'books-magazines'),
(12,'ja_JA','本、雑誌','','%e6%9c%ac%e9%9b%91%e8%aa%8c'),
(13,'en_US','Cameras - Camera Accessories',null,'cameras-camera-accessories'),
(13,'ja_JA','カメラ、カメラ用アクセサリ','','%e3%82%ab%e3%83%a1%e3%83%a9%e3%82%ab%e3%83%a1%e3%83%a9%e7%94%a8%e3%82%a2%e3%82%af%e3%82%bb%e3%82%b5%e3%83%aa'),
(14,'en_US','CDs - Records',null,'cds-records'),
(14,'ja_JA','CD、レコード','','cd%e3%83%ac%e3%82%b3%e3%83%bc%e3%83%89'),
(15,'en_US','Cell Phones - Accessories',null,'cell-phones-accessories'),
(15,'ja_JA','携帯電話、携帯電話用アクセサリ','','%e6%90%ba%e5%b8%af%e9%9b%bb%e8%a9%b1%e6%90%ba%e5%b8%af%e9%9b%bb%e8%a9%b1%e7%94%a8%e3%82%a2%e3%82%af%e3%82%bb%e3%82%b5%e3%83%aa'),
(16,'en_US','Clothing',null,'clothing'),
(16,'ja_JA','洋服・衣類','','%e6%b4%8b%e6%9c%8d%e8%a1%a3%e9%a1%9e'),
(17,'en_US','Computers - Hardware',null,'computers-hardware'),
(17,'ja_JA','コンピューター、各種ハードウェア','','%e3%82%b3%e3%83%b3%e3%83%94%e3%83%a5%e3%83%bc%e3%82%bf%e3%83%bc%e5%90%84%e7%a8%ae%e3%83%8f%e3%83%bc%e3%83%89%e3%82%a6%e3%82%a7%e3%82%a2'),
(18,'en_US','DVD',null,'dvd'),
(18,'ja_JA','DVD','','dvd_1'),
(19,'en_US','Electronics',null,'electronics'),
(19,'ja_JA','エレクトロニクス、家電','','%e3%82%a8%e3%83%ac%e3%82%af%e3%83%88%e3%83%ad%e3%83%8b%e3%82%af%e3%82%b9%e5%ae%b6%e9%9b%bb'),
(20,'en_US','For Babies - Infants',null,'for-babies-infants'),
(20,'ja_JA','赤ちゃん・幼児','','%e8%b5%a4%e3%81%a1%e3%82%83%e3%82%93%e5%b9%bc%e5%85%90'),
(21,'en_US','Garage Sale',null,'garage-sale'),
(21,'ja_JA','ガレージセール','','%e3%82%ac%e3%83%ac%e3%83%bc%e3%82%b8%e3%82%bb%e3%83%bc%e3%83%ab'),
(22,'en_US','Health - Beauty',null,'health-beauty'),
(22,'ja_JA','健康・美容','','%e5%81%a5%e5%ba%b7%e7%be%8e%e5%ae%b9'),
(23,'en_US','Home - Furniture - Garden Supplies',null,'home-furniture-garden-supplies'),
(23,'ja_JA','家具、園芸用品','','%e5%ae%b6%e5%85%b7%e5%9c%92%e8%8a%b8%e7%94%a8%e5%93%81'),
(24,'en_US','Jewelry - Watches',null,'jewelry-watches'),
(24,'ja_JA','宝石、時計','','%e5%ae%9d%e7%9f%b3%e6%99%82%e8%a8%88'),
(25,'en_US','Musical Instruments',null,'musical-instruments'),
(25,'ja_JA','楽器類','','%e6%a5%bd%e5%99%a8%e9%a1%9e'),
(26,'en_US','Sporting Goods - Bicycles',null,'sporting-goods-bicycles'),
(26,'ja_JA','スポーツ用品、自転車','','%e3%82%b9%e3%83%9d%e3%83%bc%e3%83%84%e7%94%a8%e5%93%81%e8%87%aa%e8%bb%a2%e8%bb%8a'),
(27,'en_US','Tickets',null,'tickets'),
(27,'ja_JA','チケット','','%e3%83%81%e3%82%b1%e3%83%83%e3%83%88'),
(28,'en_US','Toys - Games - Hobbies',null,'toys-games-hobbies'),
(28,'ja_JA','おもちゃ、ゲーム、趣味','','%e3%81%8a%e3%82%82%e3%81%a1%e3%82%83%e3%82%b2%e3%83%bc%e3%83%a0%e8%b6%a3%e5%91%b3'),
(29,'en_US','Video Games - Consoles',null,'video-games-consoles'),
(29,'ja_JA','ビデオゲーム - 本体','','%e3%83%93%e3%83%87%e3%82%aa%e3%82%b2%e3%83%bc%e3%83%a0-%e6%9c%ac%e4%bd%93'),
(30,'en_US','Everything Else',null,'everything-else'),
(30,'ja_JA','その他なんでも','','%e3%81%9d%e3%81%ae%e4%bb%96%e3%81%aa%e3%82%93%e3%81%a7%e3%82%82'),
(31,'en_US','Cars',null,'cars'),
(31,'ja_JA','自動車','','%e8%87%aa%e5%8b%95%e8%bb%8a'),
(32,'en_US','Car Parts',null,'car-parts'),
(32,'ja_JA','自動車用部品','','%e8%87%aa%e5%8b%95%e8%bb%8a%e7%94%a8%e9%83%a8%e5%93%81'),
(33,'en_US','Motorcycles',null,'motorcycles'),
(33,'ja_JA','バイク、オートバイ','','%e3%83%90%e3%82%a4%e3%82%af%e3%82%aa%e3%83%bc%e3%83%88%e3%83%90%e3%82%a4'),
(34,'en_US','Boats - Ships',null,'boats-ships'),
(34,'ja_JA','船','','%e8%88%b9'),
(35,'en_US','RVs - Campers - Caravans',null,'rvs-campers-caravans'),
(35,'ja_JA','RV車、キャンピングカー、キャラバン車','','rv%e8%bb%8a%e3%82%ad%e3%83%a3%e3%83%b3%e3%83%94%e3%83%b3%e3%82%b0%e3%82%ab%e3%83%bc%e3%82%ad%e3%83%a3%e3%83%a9%e3%83%90%e3%83%b3%e8%bb%8a'),
(36,'en_US','Trucks - Commercial Vehicles',null,'trucks-commercial-vehicles'),
(36,'ja_JA','トラック - 商業用車両','','%e3%83%88%e3%83%a9%e3%83%83%e3%82%af-%e5%95%86%e6%a5%ad%e7%94%a8%e8%bb%8a%e4%b8%a1'),
(37,'en_US','Other Vehicles',null,'other-vehicles'),
(37,'ja_JA','その他車両','','%e3%81%9d%e3%81%ae%e4%bb%96%e8%bb%8a%e4%b8%a1'),
(38,'en_US','Computer - Multimedia Classes',null,'computer-multimedia-classes'),
(38,'ja_JA','PC教室、マルチメディア教室','','pc%e6%95%99%e5%ae%a4%e3%83%9e%e3%83%ab%e3%83%81%e3%83%a1%e3%83%87%e3%82%a3%e3%82%a2%e6%95%99%e5%ae%a4'),
(39,'en_US','Language Classes',null,'language-classes'),
(39,'ja_JA','外国語教室','','%e5%a4%96%e5%9b%bd%e8%aa%9e%e6%95%99%e5%ae%a4'),
(40,'en_US','Music - Theatre - Dance Classes',null,'music-theatre-dance-classes'),
(40,'ja_JA','音楽、演劇、ダンス教室','','%e9%9f%b3%e6%a5%bd%e6%bc%94%e5%8a%87%e3%83%80%e3%83%b3%e3%82%b9%e6%95%99%e5%ae%a4'),
(41,'en_US','Tutoring - Private Lessons',null,'tutoring-private-lessons'),
(41,'ja_JA','個人指導 - プライベートレッスン','','%e5%80%8b%e4%ba%ba%e6%8c%87%e5%b0%8e-%e3%83%97%e3%83%a9%e3%82%a4%e3%83%99%e3%83%bc%e3%83%88%e3%83%ac%e3%83%83%e3%82%b9%e3%83%b3'),
(42,'en_US','Other Classes',null,'other-classes'),
(42,'ja_JA','その他クラス','','%e3%81%9d%e3%81%ae%e4%bb%96%e3%82%af%e3%83%a9%e3%82%b9'),
(43,'en_US','Houses - Apartments for Sale',null,'houses-apartments-for-sale'),
(43,'ja_JA','住宅：アパート・マンションの販売','','%e4%bd%8f%e5%ae%85%e3%82%a2%e3%83%91%e3%83%bc%e3%83%88%e3%83%9e%e3%83%b3%e3%82%b7%e3%83%a7%e3%83%b3%e3%81%ae%e8%b2%a9%e5%a3%b2'),
(44,'en_US','Houses - Apartments for Rent',null,'houses-apartments-for-rent'),
(44,'ja_JA','住宅：アパート・マンションの賃貸','','%e4%bd%8f%e5%ae%85%e3%82%a2%e3%83%91%e3%83%bc%e3%83%88%e3%83%9e%e3%83%b3%e3%82%b7%e3%83%a7%e3%83%b3%e3%81%ae%e8%b3%83%e8%b2%b8'),
(45,'en_US','Rooms for Rent - Shared',null,'rooms-for-rent-shared'),
(45,'ja_JA','ルームシェア','','%e3%83%ab%e3%83%bc%e3%83%a0%e3%82%b7%e3%82%a7%e3%82%a2'),
(46,'en_US','Housing Swap',null,'housing-swap'),
(46,'ja_JA','住宅の交換','','%e4%bd%8f%e5%ae%85%e3%81%ae%e4%ba%a4%e6%8f%9b'),
(47,'en_US','Vacation Rentals',null,'vacation-rentals'),
(47,'ja_JA','バケーションレンタル','','%e3%83%90%e3%82%b1%e3%83%bc%e3%82%b7%e3%83%a7%e3%83%b3%e3%83%ac%e3%83%b3%e3%82%bf%e3%83%ab'),
(48,'en_US','Parking Spots',null,'parking-spots'),
(48,'ja_JA','駐車スポット','','%e9%a7%90%e8%bb%8a%e3%82%b9%e3%83%9d%e3%83%83%e3%83%88'),
(49,'en_US','Land',null,'land'),
(49,'ja_JA','土地','','%e5%9c%9f%e5%9c%b0'),
(50,'en_US','Office - Commercial Space',null,'office-commercial-space'),
(50,'ja_JA','オフィス、商業スペース','','%e3%82%aa%e3%83%95%e3%82%a3%e3%82%b9%e5%95%86%e6%a5%ad%e3%82%b9%e3%83%9a%e3%83%bc%e3%82%b9'),
(51,'en_US','Shops for Rent - Sale',null,'shops-for-rent-sale'),
(51,'ja_JA','賃貸用店舗・売買用店舗','','%e8%b3%83%e8%b2%b8%e7%94%a8%e5%ba%97%e8%88%97%e5%a3%b2%e8%b2%b7%e7%94%a8%e5%ba%97%e8%88%97'),
(52,'en_US','Babysitter - Nanny',null,'babysitter-nanny'),
(52,'ja_JA','ベビーシッター','','%e3%83%99%e3%83%93%e3%83%bc%e3%82%b7%e3%83%83%e3%82%bf%e3%83%bc'),
(53,'en_US','Casting - Auditions',null,'casting-auditions'),
(53,'ja_JA','キャスト募集、オーディション','','%e3%82%ad%e3%83%a3%e3%82%b9%e3%83%88%e5%8b%9f%e9%9b%86%e3%82%aa%e3%83%bc%e3%83%87%e3%82%a3%e3%82%b7%e3%83%a7%e3%83%b3'),
(54,'en_US','Computer',null,'computer'),
(54,'ja_JA','コンピュータ','','%e3%82%b3%e3%83%b3%e3%83%94%e3%83%a5%e3%83%bc%e3%82%bf'),
(55,'en_US','Event Services',null,'event-services'),
(55,'ja_JA','イベントサービス','','%e3%82%a4%e3%83%99%e3%83%b3%e3%83%88%e3%82%b5%e3%83%bc%e3%83%93%e3%82%b9'),
(56,'en_US','Health - Beauty - Fitness',null,'health-beauty-fitness'),
(56,'ja_JA','健康・美容・フィットネス','','%e5%81%a5%e5%ba%b7%e7%be%8e%e5%ae%b9%e3%83%95%e3%82%a3%e3%83%83%e3%83%88%e3%83%8d%e3%82%b9'),
(57,'en_US','Horoscopes - Tarot',null,'horoscopes-tarot'),
(57,'ja_JA','占い','','%e5%8d%a0%e3%81%84'),
(58,'en_US','Household - Domestic Help',null,'household-domestic-help'),
(58,'ja_JA','住まいのトラブル','','%e4%bd%8f%e3%81%be%e3%81%84%e3%81%ae%e3%83%88%e3%83%a9%e3%83%96%e3%83%ab'),
(59,'en_US','Moving - Storage',null,'moving-storage'),
(59,'ja_JA','引越し・倉庫','','%e5%bc%95%e8%b6%8a%e3%81%97%e5%80%89%e5%ba%ab'),
(60,'en_US','Repair',null,'repair'),
(60,'ja_JA','修復','','%e4%bf%ae%e5%be%a9'),
(61,'en_US','Writing - Editing - Translating',null,'writing-editing-translating'),
(61,'ja_JA','ライティング - 編集 - 翻訳','','%e3%83%a9%e3%82%a4%e3%83%86%e3%82%a3%e3%83%b3%e3%82%b0-%e7%b7%a8%e9%9b%86-%e7%bf%bb%e8%a8%b3'),
(62,'en_US','Other Services',null,'other-services'),
(62,'ja_JA','その他サービス','','%e3%81%9d%e3%81%ae%e4%bb%96%e3%82%b5%e3%83%bc%e3%83%93%e3%82%b9'),
(63,'en_US','Carpool',null,'carpool'),
(63,'ja_JA','カーシェアリング、車の相乗り','','%e3%82%ab%e3%83%bc%e3%82%b7%e3%82%a7%e3%82%a2%e3%83%aa%e3%83%b3%e3%82%b0%e8%bb%8a%e3%81%ae%e7%9b%b8%e4%b9%97%e3%82%8a'),
(64,'en_US','Community Activities',null,'community-activities'),
(64,'ja_JA','コミュニティ活動','','%e3%82%b3%e3%83%9f%e3%83%a5%e3%83%8b%e3%83%86%e3%82%a3%e6%b4%bb%e5%8b%95'),
(65,'en_US','Events',null,'events'),
(65,'ja_JA','イベント','','%e3%82%a4%e3%83%99%e3%83%b3%e3%83%88'),
(66,'en_US','Musicians - Artists - Bands',null,'musicians-artists-bands'),
(66,'ja_JA','ミュージシャン、アーティスト、バンド','','%e3%83%9f%e3%83%a5%e3%83%bc%e3%82%b8%e3%82%b7%e3%83%a3%e3%83%b3%e3%82%a2%e3%83%bc%e3%83%86%e3%82%a3%e3%82%b9%e3%83%88%e3%83%90%e3%83%b3%e3%83%89'),
(67,'en_US','Volunteers',null,'volunteers'),
(67,'ja_JA','ボランティア','','%e3%83%9c%e3%83%a9%e3%83%b3%e3%83%86%e3%82%a3%e3%82%a2'),
(68,'en_US','Lost And Found',null,'lost-and-found'),
(68,'ja_JA','紛失物','','%e7%b4%9b%e5%a4%b1%e7%89%a9'),
(69,'en_US','Women looking for Men',null,'women-looking-for-men'),
(69,'ja_JA','男性を探している女性','','%e7%94%b7%e6%80%a7%e3%82%92%e6%8e%a2%e3%81%97%e3%81%a6%e3%81%84%e3%82%8b%e5%a5%b3%e6%80%a7'),
(70,'en_US','Men looking for Women',null,'men-looking-for-women'),
(70,'ja_JA','女性との出会い（男性）','','%e5%a5%b3%e6%80%a7%e3%81%a8%e3%81%ae%e5%87%ba%e4%bc%9a%e3%81%84%e7%94%b7%e6%80%a7'),
(71,'en_US','Men looking for Men',null,'men-looking-for-men'),
(71,'ja_JA','男性との出会い（男性）','','%e7%94%b7%e6%80%a7%e3%81%a8%e3%81%ae%e5%87%ba%e4%bc%9a%e3%81%84%e7%94%b7%e6%80%a7'),
(72,'en_US','Women looking for Women',null,'women-looking-for-women'),
(72,'ja_JA','女性を探している女性','','%e5%a5%b3%e6%80%a7%e3%82%92%e6%8e%a2%e3%81%97%e3%81%a6%e3%81%84%e3%82%8b%e5%a5%b3%e6%80%a7'),
(73,'en_US','Friendship - Activity Partners',null,'friendship-activity-partners'),
(73,'ja_JA','友達を探す（一緒に何かの活動をする）','','%e5%8f%8b%e9%81%94%e3%82%92%e6%8e%a2%e3%81%99%e4%b8%80%e7%b7%92%e3%81%ab%e4%bd%95%e3%81%8b%e3%81%ae%e6%b4%bb%e5%8b%95%e3%82%92%e3%81%99%e3%82%8b'),
(74,'en_US','Missed Connections',null,'missed-connections'),
(74,'ja_JA','失敗したコネクション数','','%e5%a4%b1%e6%95%97%e3%81%97%e3%81%9f%e3%82%b3%e3%83%8d%e3%82%af%e3%82%b7%e3%83%a7%e3%83%b3%e6%95%b0'),
(75,'en_US','Accounting - Finance',null,'accounting-finance'),
(75,'ja_JA','アカウンティング、ファイナンス','','%e3%82%a2%e3%82%ab%e3%82%a6%e3%83%b3%e3%83%86%e3%82%a3%e3%83%b3%e3%82%b0%e3%83%95%e3%82%a1%e3%82%a4%e3%83%8a%e3%83%b3%e3%82%b9'),
(76,'en_US','Advertising - Public Relations',null,'advertising-public-relations'),
(76,'ja_JA','広告、PR','','%e5%ba%83%e5%91%8apr'),
(77,'en_US','Arts - Entertainment - Publishing',null,'arts-entertainment-publishing'),
(77,'ja_JA','アート、エンターテインメント、出版','','%e3%82%a2%e3%83%bc%e3%83%88%e3%82%a8%e3%83%b3%e3%82%bf%e3%83%bc%e3%83%86%e3%82%a4%e3%83%b3%e3%83%a1%e3%83%b3%e3%83%88%e5%87%ba%e7%89%88'),
(78,'en_US','Clerical - Administrative',null,'clerical-administrative'),
(78,'ja_JA','事務職、管理職','','%e4%ba%8b%e5%8b%99%e8%81%b7%e7%ae%a1%e7%90%86%e8%81%b7'),
(79,'en_US','Customer Service',null,'customer-service'),
(79,'ja_JA','カスタマーサービス','','%e3%82%ab%e3%82%b9%e3%82%bf%e3%83%9e%e3%83%bc%e3%82%b5%e3%83%bc%e3%83%93%e3%82%b9'),
(80,'en_US','Education - Training',null,'education-training'),
(80,'ja_JA','教育、訓練','','%e6%95%99%e8%82%b2%e8%a8%93%e7%b7%b4'),
(81,'en_US','Engineering - Architecture',null,'engineering-architecture'),
(81,'ja_JA','エンジニアリング、設計','','%e3%82%a8%e3%83%b3%e3%82%b8%e3%83%8b%e3%82%a2%e3%83%aa%e3%83%b3%e3%82%b0%e8%a8%ad%e8%a8%88'),
(82,'en_US','Healthcare',null,'healthcare'),
(82,'ja_JA','ヘルスケア','','%e3%83%98%e3%83%ab%e3%82%b9%e3%82%b1%e3%82%a2'),
(83,'en_US','Human Resource',null,'human-resource'),
(83,'ja_JA','人事','','%e4%ba%ba%e4%ba%8b'),
(84,'en_US','Internet',null,'internet'),
(84,'ja_JA','インターネット','','%e3%82%a4%e3%83%b3%e3%82%bf%e3%83%bc%e3%83%8d%e3%83%83%e3%83%88'),
(85,'en_US','Legal',null,'legal'),
(85,'ja_JA','法務','','%e6%b3%95%e5%8b%99'),
(86,'en_US','Manual Labor',null,'manual-labor'),
(86,'ja_JA','肉体労働','','%e8%82%89%e4%bd%93%e5%8a%b4%e5%83%8d'),
(87,'en_US','Manufacturing - Operations',null,'manufacturing-operations'),
(87,'ja_JA','製造、運営','','%e8%a3%bd%e9%80%a0%e9%81%8b%e5%96%b6'),
(88,'en_US','Marketing',null,'marketing'),
(88,'ja_JA','マーケティング','','%e3%83%9e%e3%83%bc%e3%82%b1%e3%83%86%e3%82%a3%e3%83%b3%e3%82%b0'),
(89,'en_US','Non-profit - Volunteer',null,'non-profit-volunteer'),
(89,'ja_JA','NPO、ボランティア','','npo%e3%83%9c%e3%83%a9%e3%83%b3%e3%83%86%e3%82%a3%e3%82%a2'),
(90,'en_US','Real Estate',null,'real-estate_1'),
(90,'ja_JA','不動産','','%e4%b8%8d%e5%8b%95%e7%94%a3'),
(91,'en_US','Restaurant - Food Service',null,'restaurant-food-service'),
(91,'ja_JA','レストラン、食品業','','%e3%83%ac%e3%82%b9%e3%83%88%e3%83%a9%e3%83%b3%e9%a3%9f%e5%93%81%e6%a5%ad'),
(92,'en_US','Retail',null,'retail'),
(92,'ja_JA','リテール','','%e3%83%aa%e3%83%86%e3%83%bc%e3%83%ab'),
(93,'en_US','Sales',null,'sales'),
(93,'ja_JA','売上','','%e5%a3%b2%e4%b8%8a'),
(94,'en_US','Technology',null,'technology'),
(94,'ja_JA','テクノロジー','','%e3%83%86%e3%82%af%e3%83%8e%e3%83%ad%e3%82%b8%e3%83%bc'),
(95,'en_US','Other Jobs',null,'other-jobs'),
(95,'ja_JA','その他求人','','%e3%81%9d%e3%81%ae%e4%bb%96%e6%b1%82%e4%ba%ba');

/* Table structure for table `oc_t_category_stats` */
CREATE TABLE IF NOT EXISTS `oc_t_category_stats` (
  `fk_i_category_id` int(10) unsigned NOT NULL,
  `i_num_items` int(10) unsigned NOT NULL DEFAULT '0',
  PRIMARY KEY (`fk_i_category_id`),
  CONSTRAINT `oc_t_category_stats_ibfk_1` FOREIGN KEY (`fk_i_category_id`) REFERENCES `oc_t_category` (`pk_i_id`)
) ENGINE=InnoDB DEFAULT CHARSET=utf8;

/* dumping data for table `oc_t_category_stats` */
insert into `oc_t_category_stats` values
(1,1),
(2,0),
(3,0),
(4,0),
(5,0),
(6,0),
(7,0),
(8,0),
(9,1),
(10,0),
(11,0),
(12,0),
(13,0),
(14,0),
(15,0),
(16,0),
(17,0),
(18,0),
(19,0),
(20,0),
(21,0),
(22,0),
(23,0),
(24,0),
(25,0),
(26,0),
(27,0),
(28,0),
(29,0),
(30,0),
(31,0),
(32,0),
(33,0),
(34,0),
(35,0),
(36,0),
(37,0),
(38,0),
(39,0),
(40,0),
(41,0),
(42,0),
(43,0),
(44,0),
(45,0),
(46,0),
(47,0),
(48,0),
(49,0),
(50,0),
(51,0),
(52,0),
(53,0),
(54,0),
(55,0),
(56,0),
(57,0),
(58,0),
(59,0),
(60,0),
(61,0),
(62,0),
(63,0),
(64,0),
(65,0),
(66,0),
(67,0),
(68,0),
(69,0),
(70,0),
(71,0),
(72,0),
(73,0),
(74,0),
(75,0),
(76,0),
(77,0),
(78,0),
(79,0),
(80,0),
(81,0),
(82,0),
(83,0),
(84,0),
(85,0),
(86,0),
(87,0),
(88,0),
(89,0),
(90,0),
(91,0),
(92,0),
(93,0),
(94,0),
(95,0);

/* Table structure for table `oc_t_item` */
CREATE TABLE IF NOT EXISTS `oc_t_item` (
  `pk_i_id` int(10) unsigned NOT NULL AUTO_INCREMENT,
  `fk_i_user_id` int(10) unsigned DEFAULT NULL,
  `fk_i_category_id` int(10) unsigned NOT NULL,
  `dt_pub_date` datetime NOT NULL,
  `dt_mod_date` datetime DEFAULT NULL,
  `f_price` float DEFAULT NULL,
  `i_price` bigint(20) DEFAULT NULL,
  `fk_c_currency_code` char(3) DEFAULT NULL,
  `s_contact_name` varchar(100) DEFAULT NULL,
  `s_contact_email` varchar(140) NOT NULL,
  `s_ip` varchar(64) NOT NULL DEFAULT '',
  `b_premium` tinyint(1) NOT NULL DEFAULT '0',
  `b_enabled` tinyint(1) NOT NULL DEFAULT '1',
  `b_active` tinyint(1) NOT NULL DEFAULT '0',
  `b_spam` tinyint(1) NOT NULL DEFAULT '0',
  `s_secret` varchar(40) DEFAULT NULL,
  `b_show_email` tinyint(1) DEFAULT NULL,
  `dt_expiration` datetime NOT NULL DEFAULT '9999-12-31 23:59:59',
  PRIMARY KEY (`pk_i_id`),
  KEY `fk_i_user_id` (`fk_i_user_id`),
  KEY `idx_b_premium` (`b_premium`),
  KEY `idx_s_contact_email` (`s_contact_email`(10)),
  KEY `fk_i_category_id` (`fk_i_category_id`),
  KEY `fk_c_currency_code` (`fk_c_currency_code`),
  KEY `idx_pub_date` (`dt_pub_date`),
  KEY `idx_price` (`i_price`),
  CONSTRAINT `oc_t_item_ibfk_1` FOREIGN KEY (`fk_i_user_id`) REFERENCES `oc_t_user` (`pk_i_id`),
  CONSTRAINT `oc_t_item_ibfk_2` FOREIGN KEY (`fk_i_category_id`) REFERENCES `oc_t_category` (`pk_i_id`),
  CONSTRAINT `oc_t_item_ibfk_3` FOREIGN KEY (`fk_c_currency_code`) REFERENCES `oc_t_currency` (`pk_c_code`)
) ENGINE=InnoDB AUTO_INCREMENT=2 DEFAULT CHARSET=utf8;

/* dumping data for table `oc_t_item` */
insert into `oc_t_item` values
(1,null,9,'2019-07-03 20:55:57',null,null,null,null,'Example author','osclass@example.com','126.26.238.104',0,1,1,0,'RkdIJNSP',0,'9999-12-31 23:59:59');

/* Table structure for table `oc_t_item_description` */
CREATE TABLE IF NOT EXISTS `oc_t_item_description` (
  `fk_i_item_id` int(10) unsigned NOT NULL,
  `fk_c_locale_code` char(5) NOT NULL,
  `s_title` varchar(100) NOT NULL,
  `s_description` mediumtext NOT NULL,
  PRIMARY KEY (`fk_i_item_id`,`fk_c_locale_code`),
  FULLTEXT KEY `s_description` (`s_description`,`s_title`)
) ENGINE=MyISAM DEFAULT CHARSET=utf8;

/* dumping data for table `oc_t_item_description` */
insert into `oc_t_item_description` values
(1,'en_US','Example Ad','Description of the example ad. Insert here some usefull description of your ad.');

/* Table structure for table `oc_t_item_location` */
CREATE TABLE IF NOT EXISTS `oc_t_item_location` (
  `fk_i_item_id` int(10) unsigned NOT NULL,
  `fk_c_country_code` char(2) DEFAULT NULL,
  `s_country` varchar(40) DEFAULT NULL,
  `s_address` varchar(100) DEFAULT NULL,
  `s_zip` varchar(15) DEFAULT NULL,
  `fk_i_region_id` int(10) unsigned DEFAULT NULL,
  `s_region` varchar(100) DEFAULT NULL,
  `fk_i_city_id` int(10) unsigned DEFAULT NULL,
  `s_city` varchar(100) DEFAULT NULL,
  `fk_i_city_area_id` int(10) unsigned DEFAULT NULL,
  `s_city_area` varchar(200) DEFAULT NULL,
  `d_coord_lat` decimal(10,6) DEFAULT NULL,
  `d_coord_long` decimal(10,6) DEFAULT NULL,
  PRIMARY KEY (`fk_i_item_id`),
  KEY `fk_c_country_code` (`fk_c_country_code`),
  KEY `fk_i_region_id` (`fk_i_region_id`),
  KEY `fk_i_city_id` (`fk_i_city_id`),
  KEY `fk_i_city_area_id` (`fk_i_city_area_id`),
  CONSTRAINT `oc_t_item_location_ibfk_1` FOREIGN KEY (`fk_i_item_id`) REFERENCES `oc_t_item` (`pk_i_id`),
  CONSTRAINT `oc_t_item_location_ibfk_2` FOREIGN KEY (`fk_c_country_code`) REFERENCES `oc_t_country` (`pk_c_code`),
  CONSTRAINT `oc_t_item_location_ibfk_3` FOREIGN KEY (`fk_i_region_id`) REFERENCES `oc_t_region` (`pk_i_id`),
  CONSTRAINT `oc_t_item_location_ibfk_4` FOREIGN KEY (`fk_i_city_id`) REFERENCES `oc_t_city` (`pk_i_id`),
  CONSTRAINT `oc_t_item_location_ibfk_5` FOREIGN KEY (`fk_i_city_area_id`) REFERENCES `oc_t_city_area` (`pk_i_id`)
) ENGINE=InnoDB DEFAULT CHARSET=utf8;

/* dumping data for table `oc_t_item_location` */
insert into `oc_t_item_location` values
(1,null,'Example country','',null,null,'Example region',null,'Example city',null,'',null,null);

/* Table structure for table `oc_t_item_stats` */
CREATE TABLE IF NOT EXISTS `oc_t_item_stats` (
  `fk_i_item_id` int(10) unsigned NOT NULL,
  `i_num_views` int(10) unsigned NOT NULL DEFAULT '0',
  `i_num_spam` int(10) unsigned NOT NULL DEFAULT '0',
  `i_num_repeated` int(10) unsigned NOT NULL DEFAULT '0',
  `i_num_bad_classified` int(10) unsigned NOT NULL DEFAULT '0',
  `i_num_offensive` int(10) unsigned NOT NULL DEFAULT '0',
  `i_num_expired` int(10) unsigned NOT NULL DEFAULT '0',
  `i_num_premium_views` int(10) unsigned NOT NULL DEFAULT '0',
  `dt_date` date NOT NULL,
  PRIMARY KEY (`fk_i_item_id`,`dt_date`),
  KEY `dt_date_fk_i_item_id` (`dt_date`,`fk_i_item_id`),
  CONSTRAINT `oc_t_item_stats_ibfk_1` FOREIGN KEY (`fk_i_item_id`) REFERENCES `oc_t_item` (`pk_i_id`)
) ENGINE=InnoDB DEFAULT CHARSET=utf8;

/* dumping data for table `oc_t_item_stats` */
insert into `oc_t_item_stats` values
(1,0,0,0,0,0,0,0,'2019-07-03');

/* Table structure for table `oc_t_item_resource` */
CREATE TABLE IF NOT EXISTS `oc_t_item_resource` (
  `pk_i_id` int(10) unsigned NOT NULL AUTO_INCREMENT,
  `fk_i_item_id` int(10) unsigned NOT NULL,
  `s_name` varchar(60) DEFAULT NULL,
  `s_extension` varchar(10) DEFAULT NULL,
  `s_content_type` varchar(40) DEFAULT NULL,
  `s_path` varchar(250) DEFAULT NULL,
  PRIMARY KEY (`pk_i_id`),
  KEY `fk_i_item_id` (`fk_i_item_id`),
  KEY `idx_s_content_type` (`pk_i_id`,`s_content_type`(10)),
  CONSTRAINT `oc_t_item_resource_ibfk_1` FOREIGN KEY (`fk_i_item_id`) REFERENCES `oc_t_item` (`pk_i_id`)
) ENGINE=InnoDB DEFAULT CHARSET=utf8;


/* Table structure for table `oc_t_item_comment` */
CREATE TABLE IF NOT EXISTS `oc_t_item_comment` (
  `pk_i_id` int(10) unsigned NOT NULL AUTO_INCREMENT,
  `fk_i_item_id` int(10) unsigned NOT NULL,
  `dt_pub_date` datetime NOT NULL,
  `s_title` varchar(200) NOT NULL,
  `s_author_name` varchar(100) NOT NULL,
  `s_author_email` varchar(100) NOT NULL,
  `s_body` text NOT NULL,
  `b_enabled` tinyint(1) NOT NULL DEFAULT '1',
  `b_active` tinyint(1) NOT NULL DEFAULT '0',
  `b_spam` tinyint(1) NOT NULL DEFAULT '0',
  `fk_i_user_id` int(10) unsigned DEFAULT NULL,
  PRIMARY KEY (`pk_i_id`),
  KEY `fk_i_item_id` (`fk_i_item_id`),
  KEY `fk_i_user_id` (`fk_i_user_id`),
  CONSTRAINT `oc_t_item_comment_ibfk_1` FOREIGN KEY (`fk_i_item_id`) REFERENCES `oc_t_item` (`pk_i_id`),
  CONSTRAINT `oc_t_item_comment_ibfk_2` FOREIGN KEY (`fk_i_user_id`) REFERENCES `oc_t_user` (`pk_i_id`)
) ENGINE=InnoDB DEFAULT CHARSET=utf8;


/* Table structure for table `oc_t_preference` */
CREATE TABLE IF NOT EXISTS `oc_t_preference` (
  `s_section` varchar(128) NOT NULL,
  `s_name` varchar(128) NOT NULL,
  `s_value` longtext NOT NULL,
  `e_type` enum('STRING','INTEGER','BOOLEAN') NOT NULL,
  UNIQUE KEY `s_section` (`s_section`,`s_name`)
) ENGINE=InnoDB DEFAULT CHARSET=utf8;

/* dumping data for table `oc_t_preference` */
insert into `oc_t_preference` values
('bender','defaultLocationShowAs','dropdown','STRING'),
('bender','defaultShowAs@all','list','STRING'),
('bender','donation','0','STRING'),
('bender','footer_link','1','STRING'),
('bender','keyword_placeholder','ie. PHP Programmer','STRING'),
('bender','version','314','STRING'),
('osclass','active_plugins','','STRING'),
('osclass','admin_language','en_US','STRING'),
('osclass','admin_theme','modern','STRING'),
('osclass','akismetKey','','STRING'),
('osclass','allowedExt','png,gif,jpg,jpeg','STRING'),
('osclass','allow_report_osclass','1','BOOLEAN'),
('osclass','auto_cron','1','STRING'),
('osclass','auto_update','disabled','STRING'),
('osclass','comments_per_page','10','INTEGER'),
('osclass','contactEmail','fleur-an@snk.qtt-fun.jp','STRING'),
('osclass','contact_attachment','0','STRING'),
('osclass','csrf_name','CSRF1923807264','STRING'),
('osclass','currency','JPY','STRING'),
('osclass','dateFormat','Y/m/d','STRING'),
('osclass','defaultOrderField@search','dt_pub_date','STRING'),
('osclass','defaultOrderType@search','1','BOOLEAN'),
('osclass','defaultResultsPerPage@search','12','STRING'),
('osclass','defaultShowAs@search','list','STRING'),
('osclass','description_character_length','5000','INTEGER'),
('osclass','dimNormal','640x480','STRING'),
('osclass','dimPreview','480x340','STRING'),
('osclass','dimThumbnail','240x200','STRING'),
('osclass','enabled_comments','1','BOOLEAN'),
('osclass','enabled_recaptcha_items','0','BOOLEAN'),
('osclass','enabled_users','1','BOOLEAN'),
('osclass','enabled_user_registration','1','BOOLEAN'),
('osclass','enabled_user_validation','1','BOOLEAN'),
('osclass','enableField#f_price@items','1','BOOLEAN'),
('osclass','enableField#images@items','1','BOOLEAN'),
('osclass','force_aspect_image','0','BOOLEAN'),
('osclass','installed_plugins','','STRING'),
('osclass','items_wait_time','0','INTEGER'),
('osclass','item_attachment','0','BOOLEAN'),
('osclass','keep_original_image','1','BOOLEAN'),
('osclass','language','ja_JA','STRING'),
('osclass','languages_downloaded','[\"en_US\",\"ja_JA\"]','STRING'),
('osclass','languages_last_version_check','1589122883','STRING'),
('osclass','languages_to_update','[]','STRING'),
('osclass','languages_update_count','0','STRING'),
('osclass','last_version_check','1589040845','STRING'),
('osclass','location_todo','1954','STRING'),
('osclass','logged_user_item_validation','1','BOOLEAN'),
('osclass','mailserver_auth','','BOOLEAN'),
('osclass','mailserver_host','localhost','STRING'),
('osclass','mailserver_mail_from','','STRING'),
('osclass','mailserver_name_from','','STRING'),
('osclass','mailserver_password','','STRING'),
('osclass','mailserver_pop','','BOOLEAN'),
('osclass','mailserver_port','','INTEGER'),
('osclass','mailserver_ssl','','STRING'),
('osclass','mailserver_type','custom','STRING'),
('osclass','mailserver_username','','STRING'),
('osclass','marketAllowExternalSources','0','STRING'),
('osclass','marketAPIConnect','','STRING'),
('osclass','marketCategories','{\"languages\":{\"value\":\"98\",\"label\":\"Languages\",\"categories\":[]},\"themes\":{\"value\":\"96\",\"label\":\"Themes\",\"categories\":[{\"value\":\"102\",\"label\":\"General\",\"categories\":[]},{\"value\":\"100\",\"label\":\"Jobs\",\"categories\":[]},{\"value\":\"101\",\"label\":\"Real estate\",\"categories\":[]},{\"value\":\"99\",\"label\":\"Automotive\",\"categories\":[]}]},\"plugins\":{\"value\":\"97\",\"label\":\"Plugins\",\"categories\":[{\"value\":\"103\",\"label\":\"Ad management\",\"categories\":[]},{\"value\":\"132\",\"label\":\"Appearance\",\"categories\":[]},{\"value\":\"105\",\"label\":\"Analytics\",\"categories\":[]},{\"value\":\"130\",\"label\":\"Attributes\",\"categories\":[]},{\"value\":\"106\",\"label\":\"Counters\",\"categories\":[]},{\"value\":\"107\",\"label\":\"Cloud tools\",\"categories\":[]},{\"value\":\"108\",\"label\":\"Calendars\",\"categories\":[]},{\"value\":\"109\",\"label\":\"Customer support\",\"categories\":[]},{\"value\":\"110\",\"label\":\"DB tools\",\"categories\":[]},{\"value\":\"111\",\"label\":\"Date \\/ Time\",\"categories\":[]},{\"value\":\"112\",\"label\":\"E-mail\",\"categories\":[]},{\"value\":\"114\",\"label\":\"Image galleries \\/ sliders\",\"categories\":[]},{\"value\":\"115\",\"label\":\"Maps\",\"categories\":[]},{\"value\":\"116\",\"label\":\"Mobile\",\"categories\":[]},{\"value\":\"117\",\"label\":\"Messaging\",\"categories\":[]},{\"value\":\"131\",\"label\":\"Monetize\",\"categories\":[]},{\"value\":\"119\",\"label\":\"Reviews &amp; Ratings\",\"categories\":[]},{\"value\":\"134\",\"label\":\"Search tools\",\"categories\":[]},{\"value\":\"120\",\"label\":\"Site recommendation\",\"categories\":[]},{\"value\":\"121\",\"label\":\"User Management\",\"categories\":[]},{\"value\":\"122\",\"label\":\"Payments\",\"categories\":[]},{\"value\":\"124\",\"label\":\"Text processing \\/ WYSIWYG Editors\",\"categories\":[]},{\"value\":\"125\",\"label\":\"Video \\/ Audio\",\"categories\":[]},{\"value\":\"126\",\"label\":\"Social Networks\",\"categories\":[]},{\"value\":\"127\",\"label\":\"SEO\",\"categories\":[]},{\"value\":\"133\",\"label\":\"Security\",\"categories\":[]},{\"value\":\"128\",\"label\":\"Miscellaneous\",\"categories\":[]}]}}','STRING'),
('osclass','marketDataUpdate','1562155208','STRING'),
('osclass','marketURL','https://market.osclass.org/api/v3/','STRING'),
('osclass','maxLatestItems@home','12','STRING'),
('osclass','maxResultsPerPage@search','50','INTEGER'),
('osclass','maxSizeKb','2048','INTEGER'),
('osclass','moderate_comments','0','INTEGER'),
('osclass','moderate_items','-1','INTEGER'),
('osclass','mod_rewrite_loaded','0','BOOLEAN'),
('osclass','notify_contact_friends','1','BOOLEAN'),
('osclass','notify_contact_item','1','BOOLEAN'),
('osclass','notify_new_comment','1','BOOLEAN'),
('osclass','notify_new_comment_user','0','BOOLEAN'),
('osclass','notify_new_item','1','BOOLEAN'),
('osclass','notify_new_user','1','BOOLEAN'),
('osclass','numImages@items','4','INTEGER'),
('osclass','num_rss_items','50','STRING'),
('osclass','osclass_installed','1','BOOLEAN'),
('osclass','pageDesc','','STRING'),
('osclass','pageTitle','sougi.04510','STRING'),
('osclass','ping_search_engines','1','BOOLEAN'),
('osclass','plugins_downloaded','[\"http:\\/\\/www.osclass.org\\/files\\/plugins\\/google_analytics\\/update.php\",\"http:\\/\\/www.osclass.org\\/files\\/plugins\\/google_maps\\/update.php\"]','STRING'),
('osclass','plugins_last_version_check','1589122883','STRING'),
('osclass','plugins_to_update','[]','STRING'),
('osclass','plugins_update_count','0','STRING'),
('osclass','purge_latest_searches','1000','STRING'),
('osclass','recaptchaPrivKey','','STRING'),
('osclass','recaptchaPubKey','','STRING'),
('osclass','recaptcha_version','2','STRING'),
('osclass','reg_user_can_contact','0','BOOLEAN'),
('osclass','reg_user_post','0','BOOLEAN'),
('osclass','reg_user_post_comments','0','BOOLEAN'),
('osclass','rewriteEnabled','0','BOOLEAN'),
('osclass','rewrite_cat_url','{CATEGORIES}','STRING'),
('osclass','rewrite_contact','contact','STRING'),
('osclass','rewrite_feed','feed','STRING'),
('osclass','rewrite_item_activate','item/activate','STRING'),
('osclass','rewrite_item_contact','item/contact','STRING'),
('osclass','rewrite_item_delete','item/delete','STRING'),
('osclass','rewrite_item_edit','item/edit','STRING'),
('osclass','rewrite_item_mark','item/mark','STRING'),
('osclass','rewrite_item_new','item/new','STRING'),
('osclass','rewrite_item_resource_delete','resource/delete','STRING'),
('osclass','rewrite_item_send_friend','item/send-friend','STRING'),
('osclass','rewrite_item_url','{CATEGORIES}/{ITEM_TITLE}_i{ITEM_ID}','STRING'),
('osclass','rewrite_language','language','STRING'),
('osclass','rewrite_page_url','{PAGE_SLUG}-p{PAGE_ID}','STRING'),
('osclass','rewrite_rules','','STRING'),
('osclass','rewrite_search_category','category','STRING'),
('osclass','rewrite_search_city','city','STRING'),
('osclass','rewrite_search_city_area','cityarea','STRING'),
('osclass','rewrite_search_country','country','STRING'),
('osclass','rewrite_search_pattern','pattern','STRING'),
('osclass','rewrite_search_region','region','STRING'),
('osclass','rewrite_search_url','search','STRING'),
('osclass','rewrite_search_user','user','STRING'),
('osclass','rewrite_user_activate','user/activate','STRING'),
('osclass','rewrite_user_activate_alert','alert/confirm','STRING'),
('osclass','rewrite_user_alerts','user/alerts','STRING'),
('osclass','rewrite_user_change_email','email/change','STRING'),
('osclass','rewrite_user_change_email_confirm','email/confirm','STRING'),
('osclass','rewrite_user_change_password','password/change','STRING'),
('osclass','rewrite_user_change_username','username/change','STRING'),
('osclass','rewrite_user_dashboard','user/dashboard','STRING'),
('osclass','rewrite_user_forgot','user/forgot','STRING'),
('osclass','rewrite_user_items','user/items','STRING'),
('osclass','rewrite_user_login','user/login','STRING'),
('osclass','rewrite_user_logout','user/logout','STRING'),
('osclass','rewrite_user_profile','user/profile','STRING'),
('osclass','rewrite_user_recover','user/recover','STRING'),
('osclass','rewrite_user_register','user/register','STRING'),
('osclass','save_latest_searches','0','BOOLEAN'),
('osclass','selectable_parent_categories','','STRING'),
('osclass','seo_url_search_prefix','','STRING'),
('osclass','subdomain_host','','STRING'),
('osclass','subdomain_type','','STRING'),
('osclass','theme','osclasswizards','STRING'),
('osclass','themes_downloaded','[\"bender\",\"osclasswizards-free-responsive-theme\",\"royal\"]','STRING'),
('osclass','themes_last_version_check','1589122885','STRING'),
('osclass','themes_to_update','[]','STRING'),
('osclass','themes_update_count','0','STRING'),
('osclass','timeFormat','g:i A','STRING'),
('osclass','timezone','Asia/Tokyo','STRING'),
('osclass','title_character_length','100','INTEGER'),
('osclass','update_core_json','','STRING'),
('osclass','username_blacklist','admin,user','STRING'),
('osclass','use_imagick','0','BOOLEAN'),
('osclass','version','374','INTEGER'),
('osclass','warn_expiration','0','INTEGER'),
('osclass','watermark_image','','STRING'),
('osclass','watermark_place','centre','STRING'),
('osclass','watermark_text','','STRING'),
('osclass','watermark_text_color','','STRING'),
('osclass','weekStart','0','STRING'),
('osclasswizards_theme','defaultShowAs@all','list','STRING'),
('osclasswizards_theme','description_minimum_length','3','STRING'),
('osclasswizards_theme','facebook-height','400','STRING'),
('osclasswizards_theme','facebook-url','https://www.facebook.com/osclasswizards','STRING'),
('osclasswizards_theme','facebook-width','340','STRING'),
('osclasswizards_theme','google_fonts','Open Sans','STRING'),
('osclasswizards_theme','keyword_placeholder','ie. PHP Programmer','STRING'),
('osclasswizards_theme','locations_input_as','text','STRING'),
('osclasswizards_theme','popular_cities_limit','10','STRING'),
('osclasswizards_theme','popular_regions_limit','10','STRING'),
('osclasswizards_theme','popular_searches_limit','10','STRING'),
('osclasswizards_theme','premium_listings_shown','6','STRING'),
('osclasswizards_theme','premium_listings_shown_home','6','STRING'),
('osclasswizards_theme','show_banner','1','STRING'),
('osclasswizards_theme','show_popular','1','STRING'),
('osclasswizards_theme','show_popular_cities','1','STRING'),
('osclasswizards_theme','show_popular_regions','1','STRING'),
('osclasswizards_theme','show_popular_searches','1','STRING'),
('osclasswizards_theme','show_search_country','1','STRING'),
('osclasswizards_theme','sub_cat_limit','5','STRING'),
('osclasswizards_theme','theme_color','#77c04b','STRING'),
('osclasswizards_theme','theme_color_mode','green','STRING'),
('osclasswizards_theme','title_minimum_length','1','STRING'),
('osclasswizards_theme','version','2.0.4','STRING'),
('osclasswizards_theme','welcome_message','Hello Guest, Welcome to OsclassWizards','STRING'),
('osclasswizards_theme_cat_icons','cat-icons-1','SHOPPING-CART','STRING'),
('osclasswizards_theme_cat_icons','cat-icons-2','CAR','STRING'),
('osclasswizards_theme_cat_icons','cat-icons-3','BULLHORN','STRING'),
('osclasswizards_theme_cat_icons','cat-icons-4','HOME','STRING'),
('osclasswizards_theme_cat_icons','cat-icons-5','WRENCH','STRING'),
('osclasswizards_theme_cat_icons','cat-icons-6','USERS','STRING'),
('osclasswizards_theme_cat_icons','cat-icons-7','HEART','STRING'),
('osclasswizards_theme_cat_icons','cat-icons-8','SUITCASE','STRING'),
('osclasswizards_theme_cat_icons','first_load_cat_icons','loaded','STRING');

/* Table structure for table `oc_t_pages` */
CREATE TABLE IF NOT EXISTS `oc_t_pages` (
  `pk_i_id` int(10) unsigned NOT NULL AUTO_INCREMENT,
  `s_internal_name` varchar(50) DEFAULT NULL,
  `b_indelible` tinyint(1) NOT NULL DEFAULT '0',
  `b_link` tinyint(1) NOT NULL DEFAULT '1',
  `dt_pub_date` datetime NOT NULL,
  `dt_mod_date` datetime DEFAULT NULL,
  `i_order` int(3) NOT NULL DEFAULT '0',
  `s_meta` text,
  PRIMARY KEY (`pk_i_id`)
) ENGINE=InnoDB AUTO_INCREMENT=24 DEFAULT CHARSET=utf8;

/* dumping data for table `oc_t_pages` */
insert into `oc_t_pages` values
(1,'email_item_inquiry',1,1,'2019-07-03 20:55:57',null,0,null),
(2,'email_user_validation',1,1,'2019-07-03 20:55:57',null,0,null),
(3,'email_user_registration',1,1,'2019-07-03 20:55:57',null,0,null),
(4,'email_send_friend',1,1,'2019-07-03 20:55:57',null,0,null),
(5,'alert_email_hourly',1,1,'2019-07-03 20:55:57',null,0,null),
(6,'alert_email_daily',1,1,'2019-07-03 20:55:57',null,0,null),
(7,'alert_email_weekly',1,1,'2019-07-03 20:55:57',null,0,null),
(8,'alert_email_instant',1,1,'2019-07-03 20:55:57',null,0,null),
(9,'email_new_comment_admin',1,1,'2019-07-03 20:55:57',null,0,null),
(10,'email_new_item_non_register_user',1,1,'2019-07-03 20:55:57',null,0,null),
(11,'email_item_validation',1,1,'2019-07-03 20:55:57',null,0,null),
(12,'email_admin_new_item',1,1,'2019-07-03 20:55:57',null,0,null),
(13,'email_user_forgot_password',1,1,'2019-07-03 20:55:57',null,0,null),
(14,'email_new_email',1,1,'2019-07-03 20:55:57',null,0,null),
(15,'email_alert_validation',1,1,'2019-07-03 20:55:57',null,0,null),
(16,'email_comment_validated',1,1,'2019-07-03 20:55:57',null,0,null),
(17,'email_item_validation_non_register_user',1,1,'2019-07-03 20:55:57',null,0,null),
(18,'email_admin_new_user',1,1,'2019-07-03 20:55:57',null,0,null),
(19,'email_contact_user',1,1,'2019-07-03 20:55:57',null,0,null),
(20,'email_new_comment_user',1,1,'2019-07-03 20:55:57',null,0,null),
(21,'email_new_admin',1,1,'2019-07-03 20:55:57',null,0,null),
(22,'email_warn_expiration',1,1,'2019-07-03 20:55:57',null,0,null),
(23,'example_page',0,0,'2019-07-03 20:55:57','2019-07-03 20:55:57',1,'\"\"');

/* Table structure for table `oc_t_pages_description` */
CREATE TABLE IF NOT EXISTS `oc_t_pages_description` (
  `fk_i_pages_id` int(10) unsigned NOT NULL,
  `fk_c_locale_code` char(5) NOT NULL,
  `s_title` varchar(255) NOT NULL,
  `s_text` text,
  PRIMARY KEY (`fk_i_pages_id`,`fk_c_locale_code`),
  KEY `fk_c_locale_code` (`fk_c_locale_code`),
  CONSTRAINT `oc_t_pages_description_ibfk_1` FOREIGN KEY (`fk_i_pages_id`) REFERENCES `oc_t_pages` (`pk_i_id`),
  CONSTRAINT `oc_t_pages_description_ibfk_2` FOREIGN KEY (`fk_c_locale_code`) REFERENCES `oc_t_locale` (`pk_c_code`)
) ENGINE=InnoDB DEFAULT CHARSET=utf8;

/* dumping data for table `oc_t_pages_description` */
insert into `oc_t_pages_description` values
(1,'en_US','{WEB_TITLE} - Someone has a question about your listing','<p>Hi {CONTACT_NAME}!</p><p>{USER_NAME} ({USER_EMAIL}, {USER_PHONE}) left you a message about your listing <a href=\"{ITEM_URL}\">{ITEM_TITLE}</a>:</p><p>{COMMENT}</p><p>Regards,</p><p>{WEB_LINK}</p>'),
(1,'ja_JA','{WEB_TITLE} - あなたの広告に関して質問が寄せられています','<p>こんにちわ {CONTACT_NAME}さん!</p><p>{USER_NAME} ({USER_EMAIL}, {USER_PHONE}) があなたの広告<a href=\"{ITEM_URL}\">{ITEM_TITLE}</a>に関してメッセージを残しています。:</p><p>{COMMENT}</p><p>よろしくお願いします。</p><p>{WEB_LINK}</p>'),
(2,'en_US','Please validate your {WEB_TITLE} account','<p>Hi {USER_NAME},</p><p>Please validate your registration by clicking on the following link: {VALIDATION_LINK}</p><p>Thank you!</p><p>Regards,</p><p>{WEB_LINK}</p>'),
(2,'ja_JA','あなたの{WEB_TITLE} アカウントの認証をしてください。','<p>こんにちわ、 {USER_NAME}さん。</p><p>こちらのリンクをクリックしてアカウントを認証してください: {VALIDATION_LINK}</p><p>ありがとうございました!</p><p>よろしくお願いします。</p><p>{WEB_LINK}</p>'),
(3,'en_US','{WEB_TITLE} - Registration successful!','<p>Hi {USER_NAME},</p><p>You\'ve successfully registered for {WEB_LINK}.</p><p>Thank you!</p><p>Regards,</p><p>{WEB_LINK}</p>'),
(3,'ja_JA','{WEB_TITLE} - 登録に成功しました','<p>Hi {USER_NAME},</p><p>You\'ve successfully registered for {WEB_LINK}.</p><p>Thank you!</p><p>Regards,</p><p>{WEB_LINK}</p>'),
(4,'en_US','Look at what I discovered on {WEB_TITLE}','<p>Hi {FRIEND_NAME},</p><p>Your friend {USER_NAME} wants to share this listing with you <a href=\"{ITEM_URL}\">{ITEM_TITLE}</a>.</p><p>Message:</p><p>{COMMENT}</p><p>Regards,</p><p>{WEB_TITLE}</p>'),
(4,'ja_JA','{WEB_TITLE}でこんなものを見つけましたので、ぜひご覧ください。','<p>こんにちわ、 {FRIEND_NAME}さん,</p><p>あなたの友達である {USER_NAME} さんがこちらの広告をシェアしました。 <a href=\"{ITEM_URL}\">{ITEM_TITLE}</a>.</p><p>本文:</p><p>{COMMENT}</p><p>よろしくお願いします。</p><p>{WEB_TITLE}</p>'),
(5,'en_US','{WEB_TITLE} - New listings in the last hour','<p>Hi {USER_NAME},</p><p>New listings have been published in the last hour. Take a look at them:</p><p>{ADS}</p><p>-------------</p><p>To unsubscribe from this alert, click on: {UNSUB_LINK}</p><p>{WEB_LINK}</p>'),
(5,'ja_JA','{WEB_TITLE} - 新規広告 in the last hour','<p>こんにちわ、 {USER_NAME}さん。</p><p>新しい広告が直近1時間の間に公開されました。確認はこちらから。:</p><p>{ADS}</p><p>-------------</p><p>通知機能をオフにするには、こちらのリンクをクリックしてください。: {UNSUB_LINK}</p><p>{WEB_LINK}</p>'),
(6,'en_US','{WEB_TITLE} - New listings in the last day','<p>Hi {USER_NAME},</p><p>New listings have been published in the last day. Take a look at them:</p><p>{ADS}</p><p>-------------</p><p>To unsubscribe from this alert, click on: {UNSUB_LINK}</p><p>{WEB_LINK}</p>'),
(6,'ja_JA','{WEB_TITLE} - 新規広告 in the last day','<p>こんにちわ、 {USER_NAME}さん。</p><p>新しい広告が前の日に公開されました。確認はこちらから。:</p><p>{ADS}</p><p>-------------</p><p>通知機能をオフにするには、こちらのリンクをクリックしてください。: {UNSUB_LINK}</p><p>{WEB_LINK}</p>'),
(7,'en_US','{WEB_TITLE} - New listings in the last week','<p>Hi {USER_NAME},</p><p>New listings have been published in the last week. Take a look at them:</p><p>{ADS}</p><p>-------------</p><p>To unsubscribe from this alert, click on: {UNSUB_LINK}</p><p>{WEB_LINK}</p>'),
(7,'ja_JA','{WEB_TITLE} - 新規広告 in the last week','<p>こんにちわ、 {USER_NAME}さん。</p><p>新しい広告が前の週に公開されました。確認はこちらから。:</p><p>{ADS}</p><p>-------------</p><p>通知機能をオフにするには、こちらのリンクをクリックしてください。: {UNSUB_LINK}</p><p>{WEB_LINK}</p>'),
(8,'en_US','{WEB_TITLE} - New listings','<p>Hi {USER_NAME},</p><p>A new listing has been published, check it out!</p><p>{ADS}</p><p>-------------</p><p>To unsubscribe from this alert, click on: {UNSUB_LINK}</p><p>{WEB_LINK}</p>'),
(8,'ja_JA','{WEB_TITLE} - 新規広告','<p>こんにちわ、 {USER_NAME}さん。</p><p>新しい広告が公開されました。確認はこちらから。:</p><p>{ADS}</p><p>-------------</p><p>通知機能をオフにするには、こちらのリンクをクリックしてください。: {UNSUB_LINK}</p><p>{WEB_LINK}</p>'),
(9,'en_US','{WEB_TITLE} - New comment','<p>Someone commented on the listing <a href=\"{ITEM_URL}\">{ITEM_TITLE}</a>.</p><p>Commenter: {COMMENT_AUTHOR}<br />Commenter\'s email: {COMMENT_EMAIL}<br />Title: {COMMENT_TITLE}<br />Comment: {COMMENT_TEXT}</p>'),
(9,'ja_JA','{WEB_TITLE} - 新規コメント','<p>Someone commented on the listing <a href=\"{ITEM_URL}\">{ITEM_TITLE}</a>.</p><p>Commenter: {COMMENT_AUTHOR}<br />Commenter\'s email: {COMMENT_EMAIL}<br />Title: {COMMENT_TITLE}<br />Comment: {COMMENT_TEXT}</p>'),
(10,'en_US','{WEB_TITLE} - Edit options for the listing {ITEM_TITLE}','<p>Hi {USER_NAME},</p><p>You\'re not registered at {WEB_LINK}, but you can still edit or delete the listing <a href=\"{ITEM_URL}\">{ITEM_TITLE}</a> for a short period of time.</p><p>You can edit your listing by following this link: {EDIT_LINK}</p><p>You can delete your listing by following this link: {DELETE_LINK}</p><p>If you register as a user, you will have full access to editing options.</p><p>Regards,</p><p>{WEB_LINK}</p>'),
(10,'ja_JA','{WEB_TITLE} - 広告{ITEM_TITLE}の編集オプション','<p>Hi {USER_NAME},</p><p>You\'re not registered at {WEB_LINK}, but you can still edit or delete the listing <a href=\"{ITEM_URL}\">{ITEM_TITLE}</a> for a short period of time.</p><p>You can edit your listing by following this link: {EDIT_LINK}</p><p>You can delete your listing by following this link: {DELETE_LINK}</p><p>If you register as a user, you will have full access to editing options.</p><p>Regards,</p><p>{WEB_LINK}</p>'),
(11,'en_US','{WEB_TITLE} - Validate your listing','<p>Hi {USER_NAME},</p><p>You\'re receiving this e-mail because a listing has been published at {WEB_LINK}. Please validate this listing by clicking on the following link: {VALIDATION_LINK}. If you didn\'t publish this listing, please ignore this email.</p><p>Listing details:</p><p>Contact name: {USER_NAME}<br />Contact e-mail: {USER_EMAIL}</p><p>{ITEM_DESCRIPTION}</p><p>Url: {ITEM_URL}</p><p>Regards,</p><p>{WEB_LINK}</p>'),
(11,'ja_JA','広告を認証してください','<p>Hi {USER_NAME},</p><p>You\'re receiving this e-mail because a listing has been published at {WEB_LINK}. Please validate this listing by clicking on the following link: {VALIDATION_LINK}. If you didn\'t publish this listing, please ignore this email.</p><p>Listing details:</p><p>Contact name: {USER_NAME}<br />Contact e-mail: {USER_EMAIL}</p><p>{ITEM_DESCRIPTION}</p><p>Url: {ITEM_URL}</p><p>Regards,</p><p>{WEB_LINK}</p>'),
(12,'en_US','{WEB_TITLE} - A new listing has been published','<p>Dear {WEB_TITLE} admin,</p><p>You\'re receiving this email because a listing has been published at {WEB_LINK}.</p><p>Listing details:</p><p>Contact name: {USER_NAME}<br />Contact email: {USER_EMAIL}</p><p>{ITEM_DESCRIPTION}</p><p>Url: {ITEM_URL}</p><p>You can edit this listing by clicking on the following link: {EDIT_LINK}</p><p>Regards,</p><p>{WEB_LINK}</p>'),
(12,'ja_JA','{WEB_TITLE} - 新しい広告が公開されました','<p>Dear {WEB_TITLE} admin,</p><p>You\'re receiving this email because a listing has been published at {WEB_LINK}.</p><p>Listing details:</p><p>Contact name: {USER_NAME}<br />Contact email: {USER_EMAIL}</p><p>{ITEM_DESCRIPTION}</p><p>Url: {ITEM_URL}</p><p>You can edit this listing by clicking on the following link: {EDIT_LINK}</p><p>Regards,</p><p>{WEB_LINK}</p>'),
(13,'en_US','{WEB_TITLE} - Recover your password','<p>Hi {USER_NAME},</p><p>We\'ve sent you this e-mail because you\'ve requested a password reminder. Follow this link to recover it: {PASSWORD_LINK}</p><p>The link will be deactivated in 24 hours.</p><p>If you didn\'t request a password reminder, please ignore this message. This request was made from IP {IP_ADDRESS} on {DATE_TIME}</p><p>Regards,</p><p>{WEB_LINK}</p>'),
(13,'ja_JA','{WEB_TITLE} - パスワードを復旧する','<p>Hi {USER_NAME},</p><p>We\'ve sent you this e-mail because you\'ve requested a password reminder. Follow this link to recover it: {PASSWORD_LINK}</p><p>The link will be deactivated in 24 hours.</p><p>If you didn\'t request a password reminder, please ignore this message. This request was made from IP {IP_ADDRESS} on {DATE_TIME}</p><p>Regards,</p><p>{WEB_LINK}</p>'),
(14,'en_US','{WEB_TITLE} - You requested an email change','<p>Hi {USER_NAME}</p><p>You\'re receiving this e-mail because you requested an e-mail change. Please confirm this new e-mail address by clicking on the following validation link: {VALIDATION_LINK}</p><p>Regards,</p><p>{WEB_LINK}</p>'),
(14,'ja_JA','{WEB_TITLE} - メールアドレスの変更リクエストがありました','<p>Hi {USER_NAME}</p><p>You\'re receiving this e-mail because you requested an e-mail change. Please confirm this new e-mail address by clicking on the following validation link: {VALIDATION_LINK}</p><p>Regards,</p><p>{WEB_LINK}</p>'),
(15,'en_US','{WEB_TITLE} - Please validate your alert','<p>Hi {USER_NAME},</p><p>Please validate your alert registration by clicking on the following link: {VALIDATION_LINK}</p><p>Thank you!</p><p>Regards,</p><p>{WEB_LINK}</p>'),
(15,'ja_JA','{WEB_TITLE} - アラートを認証してください','<p>こんにちわ、 {USER_NAME}さん。</p><p>こちらのリンクをクリックして、アラート登録の認証を行ってください: {VALIDATION_LINK}</p><p>ありがとうございます!</p><p>よろしくお願いいたします。</p><p>{WEB_LINK}</p>'),
(16,'en_US','{WEB_TITLE} - Your comment has been approved','<p>Hi {COMMENT_AUTHOR},</p><p>Your comment on <a href=\"{ITEM_URL}\">{ITEM_TITLE}</a> has been approved.</p><p>Regards,</p><p>{WEB_LINK}</p>'),
(16,'ja_JA','{WEB_TITLE} - コメントが承認されました','<p>こんにちわ、 {COMMENT_AUTHOR}さん。</p><p>広告 <a href=\"{ITEM_URL}\">{ITEM_TITLE}</a> に対するコメントが承認されました。</p><p>よろしくお願いします。</p><p>{WEB_LINK}</p>'),
(17,'en_US','{WEB_TITLE} - Validate your listing','<p>Hi {USER_NAME},</p><p>You\'re receiving this e-mail because you’ve published a listing at {WEB_LINK}. Please validate this listing by clicking on the following link: {VALIDATION_LINK}. If you didn\'t publish this listing, please ignore this e-mail.</p><p>Listing details:</p><p>Contact name: {USER_NAME}<br />Contact e-mail: {USER_EMAIL}</p><p>{ITEM_DESCRIPTION}</p><p>Url: {ITEM_URL}</p><p>Even if you\'re not registered at {WEB_LINK}, you can still edit or delete your listing:</p><p>You can edit your listing by following this link: {EDIT_LINK}</p><p>You can delete your listing by following this link: {DELETE_LINK}</p><p>Regards,</p><p>{WEB_LINK}</p>'),
(17,'ja_JA','広告を認証してください','<p>Hi {USER_NAME},</p><p>You\'re receiving this e-mail because you’ve published a listing at {WEB_LINK}. Please validate this listing by clicking on the following link: {VALIDATION_LINK}. If you didn\'t publish this listing, please ignore this e-mail.</p><p>Listing details:</p><p>Contact name: {USER_NAME}<br />Contact e-mail: {USER_EMAIL}</p><p>{ITEM_DESCRIPTION}</p><p>Url: {ITEM_URL}</p><p>Even if you\'re not registered at {WEB_LINK}, you can still edit or delete your listing:</p><p>You can edit your listing by following this link: {EDIT_LINK}</p><p>You can delete your listing by following this link: {DELETE_LINK}</p><p>Regards,</p><p>{WEB_LINK}</p>'),
(18,'en_US','{WEB_TITLE} - A new user has registered','<p>Dear {WEB_TITLE} admin,</p><p>You\'re receiving this email because a new user has been created at {WEB_LINK}.</p><p>User details:</p><p>Name: {USER_NAME}<br />E-mail: {USER_EMAIL}</p><p>Regards,</p><p>{WEB_LINK}</p>'),
(18,'ja_JA','{WEB_TITLE} - 新しいユーザーの登録がありました','<p>Dear {WEB_TITLE} admin,</p><p>You\'re receiving this email because a new user has been created at {WEB_LINK}.</p><p>User details:</p><p>Name: {USER_NAME}<br />E-mail: {USER_EMAIL}</p><p>Regards,</p><p>{WEB_LINK}</p>'),
(19,'en_US','{WEB_TITLE} - Someone has a question for you','<p>Hi {CONTACT_NAME}!</p><p>{USER_NAME} ({USER_EMAIL}, {USER_PHONE}) left you a message:</p><p>{COMMENT}</p><p>Regards,</p><p>{WEB_LINK}</p>'),
(19,'ja_JA','{WEB_TITLE} - 質問が寄せられています','<p>こんにちわ、 {CONTACT_NAME}さん!</p><p>{USER_NAME} ({USER_EMAIL}, {USER_PHONE}) からのメッセージがあります。:</p><p>{COMMENT}</p><p>よろしくお願いします。</p><p>{WEB_LINK}</p>'),
(20,'en_US','{WEB_TITLE} - Someone has commented on your listing','<p>There\'s a new comment on the listing: <a href=\"{ITEM_URL}\">{ITEM_TITLE}</a>.</p><p>Author: {COMMENT_AUTHOR}<br />Author\'s email: {COMMENT_EMAIL}<br />Title: {COMMENT_TITLE}<br />Comment: {COMMENT_TEXT}</p><p>{WEB_LINK}</p>'),
(20,'ja_JA','{WEB_TITLE} - あなたの広告に関してコメントがつけられました','<p>There\'s a new comment on the listing: <a href=\"{ITEM_URL}\">{ITEM_TITLE}</a>.</p><p>Author: {COMMENT_AUTHOR}<br />Author\'s email: {COMMENT_EMAIL}<br />Title: {COMMENT_TITLE}<br />Comment: {COMMENT_TEXT}</p><p>{WEB_LINK}</p>'),
(21,'en_US','{WEB_TITLE} - Success creating admin account!','<p>Hi {ADMIN_NAME},</p><p>The admin of {WEB_LINK} has created an account for you,</p><ul><li>Username: {USERNAME}</li><li>Password: {PASSWORD}</li></ul><p>You can access the admin panel here {WEB_ADMIN_LINK}.</p><p>Thank you!</p><p>Regards,</p>'),
(21,'ja_JA','{WEB_TITLE} - 管理者アカウントを作成しました！','<p>こんにちわ、{ADMIN_NAME}、</p><p>{WEB_LINK}の管理者があなた用のアカウントを作成しました。</p><ul><li>ユーザー名: {USERNAME}</li><li>パスワード: {PASSWORD}</li></ul><p>管理パネルへのアクセスはこちらから。{WEB_ADMIN_LINK}.</p><p>ありがとうございました!</p><p>よろしくお願いします。</p>'),
(22,'en_US','{WEB_TITLE} - Your ad is about to expire','<p>Hi {USER_NAME},</p><p>Your listing <a href=\"{ITEM_URL}\">{ITEM_TITLE}</a> is about to expire at {WEB_LINK}.'),
(22,'ja_JA','{WEB_TITLE} - 広告はまもなく期限が切れます','<p>こんにちわ、 {USER_NAME}さん。</p><p>あなたの広告 <a href=\"{ITEM_URL}\">{ITEM_TITLE}</a> はまもなく掲載期限を向かえます。こちらから確認してください。 {WEB_LINK}.'),
(23,'en_US','Example page title','This is an example page description. This is a good place to put your Terms of Service or any other help information.');

/* Table structure for table `oc_t_plugin_category` */
CREATE TABLE IF NOT EXISTS `oc_t_plugin_category` (
  `s_plugin_name` varchar(40) NOT NULL,
  `fk_i_category_id` int(10) unsigned NOT NULL,
  KEY `fk_i_category_id` (`fk_i_category_id`),
  CONSTRAINT `oc_t_plugin_category_ibfk_1` FOREIGN KEY (`fk_i_category_id`) REFERENCES `oc_t_category` (`pk_i_id`)
) ENGINE=InnoDB DEFAULT CHARSET=utf8;


/* Table structure for table `oc_t_cron` */
CREATE TABLE IF NOT EXISTS `oc_t_cron` (
  `e_type` enum('INSTANT','HOURLY','DAILY','WEEKLY','CUSTOM') NOT NULL,
  `d_last_exec` datetime NOT NULL,
  `d_next_exec` datetime NOT NULL
) ENGINE=InnoDB DEFAULT CHARSET=utf8;

/* dumping data for table `oc_t_cron` */
insert into `oc_t_cron` values
('HOURLY','2020-05-11 00:13:52','2020-05-11 01:13:00'),
('DAILY','2020-05-11 00:13:52','2020-05-12 00:13:00'),
('WEEKLY','2020-05-11 00:13:52','2020-05-18 00:13:00');

/* Table structure for table `oc_t_alerts` */
CREATE TABLE IF NOT EXISTS `oc_t_alerts` (
  `pk_i_id` int(10) unsigned NOT NULL AUTO_INCREMENT,
  `s_email` varchar(100) DEFAULT NULL,
  `fk_i_user_id` int(10) unsigned DEFAULT NULL,
  `s_search` longtext,
  `s_secret` varchar(40) DEFAULT NULL,
  `b_active` tinyint(1) NOT NULL DEFAULT '0',
  `e_type` enum('INSTANT','HOURLY','DAILY','WEEKLY','CUSTOM') NOT NULL,
  `dt_date` datetime DEFAULT NULL,
  `dt_unsub_date` datetime DEFAULT NULL,
  PRIMARY KEY (`pk_i_id`)
) ENGINE=InnoDB DEFAULT CHARSET=utf8;


/* Table structure for table `oc_t_keywords` */
CREATE TABLE IF NOT EXISTS `oc_t_keywords` (
  `s_md5` varchar(32) NOT NULL,
  `fk_c_locale_code` char(5) NOT NULL,
  `s_original_text` varchar(255) NOT NULL,
  `s_anchor_text` varchar(255) NOT NULL,
  `s_normalized_text` varchar(255) NOT NULL,
  `fk_i_category_id` int(10) unsigned DEFAULT NULL,
  `fk_i_city_id` int(10) unsigned DEFAULT NULL,
  PRIMARY KEY (`s_md5`,`fk_c_locale_code`),
  KEY `fk_i_category_id` (`fk_i_category_id`),
  KEY `fk_i_city_id` (`fk_i_city_id`),
  KEY `fk_c_locale_code` (`fk_c_locale_code`),
  CONSTRAINT `oc_t_keywords_ibfk_1` FOREIGN KEY (`fk_i_category_id`) REFERENCES `oc_t_category` (`pk_i_id`),
  CONSTRAINT `oc_t_keywords_ibfk_2` FOREIGN KEY (`fk_i_city_id`) REFERENCES `oc_t_city` (`pk_i_id`),
  CONSTRAINT `oc_t_keywords_ibfk_3` FOREIGN KEY (`fk_c_locale_code`) REFERENCES `oc_t_locale` (`pk_c_code`)
) ENGINE=InnoDB DEFAULT CHARSET=utf8;


/* Table structure for table `oc_t_meta_fields` */
CREATE TABLE IF NOT EXISTS `oc_t_meta_fields` (
  `pk_i_id` int(10) unsigned NOT NULL AUTO_INCREMENT,
  `s_name` varchar(255) NOT NULL,
  `s_slug` varchar(255) NOT NULL,
  `e_type` enum('TEXT','TEXTAREA','DROPDOWN','RADIO','CHECKBOX','URL','DATE','DATEINTERVAL') NOT NULL DEFAULT 'TEXT',
  `s_options` varchar(2048) DEFAULT NULL,
  `b_required` tinyint(1) NOT NULL DEFAULT '0',
  `b_searchable` tinyint(1) NOT NULL DEFAULT '0',
  PRIMARY KEY (`pk_i_id`)
) ENGINE=InnoDB DEFAULT CHARSET=utf8;


/* Table structure for table `oc_t_meta_categories` */
CREATE TABLE IF NOT EXISTS `oc_t_meta_categories` (
  `fk_i_category_id` int(10) unsigned NOT NULL,
  `fk_i_field_id` int(10) unsigned NOT NULL,
  PRIMARY KEY (`fk_i_category_id`,`fk_i_field_id`),
  KEY `fk_i_field_id` (`fk_i_field_id`),
  CONSTRAINT `oc_t_meta_categories_ibfk_1` FOREIGN KEY (`fk_i_category_id`) REFERENCES `oc_t_category` (`pk_i_id`),
  CONSTRAINT `oc_t_meta_categories_ibfk_2` FOREIGN KEY (`fk_i_field_id`) REFERENCES `oc_t_meta_fields` (`pk_i_id`)
) ENGINE=InnoDB DEFAULT CHARSET=utf8;


/* Table structure for table `oc_t_item_meta` */
CREATE TABLE IF NOT EXISTS `oc_t_item_meta` (
  `fk_i_item_id` int(10) unsigned NOT NULL,
  `fk_i_field_id` int(10) unsigned NOT NULL,
  `s_value` text,
  `s_multi` varchar(20) NOT NULL DEFAULT '',
  PRIMARY KEY (`fk_i_item_id`,`fk_i_field_id`,`s_multi`),
  KEY `s_value` (`s_value`(255)),
  KEY `fk_i_field_id` (`fk_i_field_id`),
  CONSTRAINT `oc_t_item_meta_ibfk_1` FOREIGN KEY (`fk_i_item_id`) REFERENCES `oc_t_item` (`pk_i_id`),
  CONSTRAINT `oc_t_item_meta_ibfk_2` FOREIGN KEY (`fk_i_field_id`) REFERENCES `oc_t_meta_fields` (`pk_i_id`)
) ENGINE=InnoDB DEFAULT CHARSET=utf8;


/* Table structure for table `oc_t_alerts_sent` */
CREATE TABLE IF NOT EXISTS `oc_t_alerts_sent` (
  `d_date` date NOT NULL,
  `i_num_alerts_sent` int(10) unsigned NOT NULL DEFAULT '0',
  PRIMARY KEY (`d_date`)
) ENGINE=InnoDB DEFAULT CHARSET=utf8;


/* Table structure for table `oc_t_ban_rule` */
CREATE TABLE IF NOT EXISTS `oc_t_ban_rule` (
  `pk_i_id` int(10) unsigned NOT NULL AUTO_INCREMENT,
  `s_name` varchar(250) NOT NULL DEFAULT '',
  `s_ip` varchar(50) NOT NULL DEFAULT '',
  `s_email` varchar(250) NOT NULL DEFAULT '',
  PRIMARY KEY (`pk_i_id`)
) ENGINE=InnoDB DEFAULT CHARSET=utf8;


/* Table structure for table `oc_t_city_stats` */
CREATE TABLE IF NOT EXISTS `oc_t_city_stats` (
  `fk_i_city_id` int(10) unsigned NOT NULL,
  `i_num_items` int(10) unsigned NOT NULL DEFAULT '0',
  PRIMARY KEY (`fk_i_city_id`),
  KEY `idx_num_items` (`i_num_items`),
  CONSTRAINT `oc_t_city_stats_ibfk_1` FOREIGN KEY (`fk_i_city_id`) REFERENCES `oc_t_city` (`pk_i_id`)
) ENGINE=InnoDB DEFAULT CHARSET=utf8;

/* dumping data for table `oc_t_city_stats` */
insert into `oc_t_city_stats` values
(512363,0),
(512364,0),
(512365,0),
(512366,0),
(512367,0),
(512368,0),
(512369,0),
(512370,0),
(512371,0),
(512372,0),
(512373,0),
(512374,0),
(512375,0),
(512376,0),
(512377,0),
(512378,0),
(512379,0),
(512380,0),
(512381,0),
(512382,0),
(512383,0),
(512384,0),
(512385,0),
(512386,0),
(512387,0),
(512388,0),
(512389,0),
(512390,0),
(512391,0),
(512392,0),
(512393,0),
(512394,0),
(512395,0),
(512396,0),
(512397,0),
(512398,0),
(512399,0),
(512400,0),
(512401,0),
(512402,0),
(512403,0),
(512404,0),
(512405,0),
(512406,0),
(512407,0),
(512408,0),
(512409,0),
(512410,0),
(512411,0),
(512412,0),
(512413,0),
(512414,0),
(512415,0),
(512416,0),
(512417,0),
(512418,0),
(512419,0),
(512420,0),
(512421,0),
(512422,0),
(512423,0),
(512424,0),
(512425,0),
(512426,0),
(512427,0),
(512428,0),
(512429,0),
(512430,0),
(512431,0),
(512432,0),
(512433,0),
(512434,0),
(512435,0),
(512436,0),
(512437,0),
(512438,0),
(512439,0),
(512440,0),
(512441,0),
(512442,0),
(512443,0),
(512444,0),
(512445,0),
(512446,0),
(512447,0),
(512448,0),
(512449,0),
(512450,0),
(512451,0),
(512452,0),
(512453,0),
(512454,0),
(512455,0),
(512456,0),
(512457,0),
(512458,0),
(512459,0),
(512460,0),
(512461,0),
(512462,0),
(512463,0),
(512464,0),
(512465,0),
(512466,0),
(512467,0),
(512468,0),
(512469,0),
(512470,0),
(512471,0),
(512472,0),
(512473,0),
(512474,0),
(512475,0),
(512476,0),
(512477,0),
(512478,0),
(512479,0),
(512480,0),
(512481,0),
(512482,0),
(512483,0),
(512484,0),
(512485,0),
(512486,0),
(512487,0),
(512488,0),
(512489,0),
(512490,0),
(512491,0),
(512492,0),
(512493,0),
(512494,0),
(512495,0),
(512496,0),
(512497,0),
(512498,0),
(512499,0),
(512500,0),
(512501,0),
(512502,0),
(512503,0),
(512504,0),
(512505,0),
(512506,0),
(512507,0),
(512508,0),
(512509,0),
(512510,0),
(512511,0),
(512512,0),
(512513,0),
(512514,0),
(512515,0),
(512516,0),
(512517,0),
(512518,0),
(512519,0),
(512520,0),
(512521,0),
(512522,0),
(512523,0),
(512524,0),
(512525,0),
(512526,0),
(512527,0),
(512528,0),
(512529,0),
(512530,0),
(512531,0),
(512532,0),
(512533,0),
(512534,0),
(512535,0),
(512536,0),
(512537,0),
(512538,0),
(512539,0),
(512540,0),
(512541,0),
(512542,0),
(512543,0),
(512544,0),
(512545,0),
(512546,0),
(512547,0),
(512548,0),
(512549,0),
(512550,0),
(512551,0),
(512552,0),
(512553,0),
(512554,0),
(512555,0),
(512556,0),
(512557,0),
(512558,0),
(512559,0),
(512560,0),
(512561,0),
(512562,0),
(512563,0),
(512564,0),
(512565,0),
(512566,0),
(512567,0),
(512568,0),
(512569,0),
(512570,0),
(512571,0),
(512572,0),
(512573,0),
(512574,0),
(512575,0),
(512576,0),
(512577,0),
(512578,0),
(512579,0),
(512580,0),
(512581,0),
(512582,0),
(512583,0),
(512584,0),
(512585,0),
(512586,0),
(512587,0),
(512588,0),
(512589,0),
(512590,0),
(512591,0),
(512592,0),
(512593,0),
(512594,0),
(512595,0),
(512596,0),
(512597,0),
(512598,0),
(512599,0),
(512600,0),
(512601,0),
(512602,0),
(512603,0),
(512604,0),
(512605,0),
(512606,0),
(512607,0),
(512608,0),
(512609,0),
(512610,0),
(512611,0),
(512612,0),
(512613,0),
(512614,0),
(512615,0),
(512616,0),
(512617,0),
(512618,0),
(512619,0),
(512620,0),
(512621,0),
(512622,0),
(512623,0),
(512624,0),
(512625,0),
(512626,0),
(512627,0),
(512628,0),
(512629,0),
(512630,0),
(512631,0),
(512632,0),
(512633,0),
(512634,0),
(512635,0),
(512636,0),
(512637,0),
(512638,0),
(512639,0),
(512640,0),
(512641,0),
(512642,0),
(512643,0),
(512644,0),
(512645,0),
(512646,0),
(512647,0),
(512648,0),
(512649,0),
(512650,0),
(512651,0),
(512652,0),
(512653,0),
(512654,0),
(512655,0),
(512656,0),
(512657,0),
(512658,0),
(512659,0),
(512660,0),
(512661,0),
(512662,0),
(512663,0),
(512664,0),
(512665,0),
(512666,0),
(512667,0),
(512668,0),
(512669,0),
(512670,0),
(512671,0),
(512672,0),
(512673,0),
(512674,0),
(512675,0),
(512676,0),
(512677,0),
(512678,0),
(512679,0),
(512680,0),
(512681,0),
(512682,0),
(512683,0),
(512684,0),
(512685,0),
(512686,0),
(512687,0),
(512688,0),
(512689,0),
(512690,0),
(512691,0),
(512692,0),
(512693,0),
(512694,0),
(512695,0),
(512696,0),
(512697,0),
(512698,0),
(512699,0),
(512700,0),
(512701,0),
(512702,0),
(512703,0),
(512704,0),
(512705,0),
(512706,0),
(512707,0),
(512708,0),
(512709,0),
(512710,0),
(512711,0),
(512712,0),
(512713,0),
(512714,0),
(512715,0),
(512716,0),
(512717,0),
(512718,0),
(512719,0),
(512720,0),
(512721,0),
(512722,0),
(512723,0),
(512724,0),
(512725,0),
(512726,0),
(512727,0),
(512728,0),
(512729,0),
(512730,0),
(512731,0),
(512732,0),
(512733,0),
(512734,0),
(512735,0),
(512736,0),
(512737,0),
(512738,0),
(512739,0),
(512740,0),
(512741,0),
(512742,0),
(512743,0),
(512744,0),
(512745,0),
(512746,0),
(512747,0),
(512748,0),
(512749,0),
(512750,0),
(512751,0),
(512752,0),
(512753,0),
(512754,0),
(512755,0),
(512756,0),
(512757,0),
(512758,0),
(512759,0),
(512760,0),
(512761,0),
(512762,0),
(512763,0),
(512764,0),
(512765,0),
(512766,0),
(512767,0),
(512768,0),
(512769,0),
(512770,0),
(512771,0),
(512772,0),
(512773,0),
(512774,0),
(512775,0),
(512776,0),
(512777,0),
(512778,0),
(512779,0),
(512780,0),
(512781,0),
(512782,0),
(512783,0),
(512784,0),
(512785,0),
(512786,0),
(512787,0),
(512788,0),
(512789,0),
(512790,0),
(512791,0),
(512792,0),
(512793,0),
(512794,0),
(512795,0),
(512796,0),
(512797,0),
(512798,0),
(512799,0),
(512800,0),
(512801,0),
(512802,0),
(512803,0),
(512804,0),
(512805,0),
(512806,0),
(512807,0),
(512808,0),
(512809,0),
(512810,0),
(512811,0),
(512812,0),
(512813,0),
(512814,0),
(512815,0),
(512816,0),
(512817,0),
(512818,0),
(512819,0),
(512820,0),
(512821,0),
(512822,0),
(512823,0),
(512824,0),
(512825,0),
(512826,0),
(512827,0),
(512828,0),
(512829,0),
(512830,0),
(512831,0),
(512832,0),
(512833,0),
(512834,0),
(512835,0),
(512836,0),
(512837,0),
(512838,0),
(512839,0),
(512840,0),
(512841,0),
(512842,0),
(512843,0),
(512844,0),
(512845,0),
(512846,0),
(512847,0),
(512848,0),
(512849,0),
(512850,0),
(512851,0),
(512852,0),
(512853,0),
(512854,0),
(512855,0),
(512856,0),
(512857,0),
(512858,0),
(512859,0),
(512860,0),
(512861,0),
(512862,0),
(512863,0),
(512864,0),
(512865,0),
(512866,0),
(512867,0),
(512868,0),
(512869,0),
(512870,0),
(512871,0),
(512872,0),
(512873,0),
(512874,0),
(512875,0),
(512876,0),
(512877,0),
(512878,0),
(512879,0),
(512880,0),
(512881,0),
(512882,0),
(512883,0),
(512884,0),
(512885,0),
(512886,0),
(512887,0),
(512888,0),
(512889,0),
(512890,0),
(512891,0),
(512892,0),
(512893,0),
(512894,0),
(512895,0),
(512896,0),
(512897,0),
(512898,0),
(512899,0),
(512900,0),
(512901,0),
(512902,0),
(512903,0),
(512904,0),
(512905,0),
(512906,0),
(512907,0),
(512908,0),
(512909,0),
(512910,0),
(512911,0),
(512912,0),
(512913,0),
(512914,0),
(512915,0),
(512916,0),
(512917,0),
(512918,0),
(512919,0),
(512920,0),
(512921,0),
(512922,0),
(512923,0),
(512924,0),
(512925,0),
(512926,0),
(512927,0),
(512928,0),
(512929,0),
(512930,0),
(512931,0),
(512932,0),
(512933,0),
(512934,0),
(512935,0),
(512936,0),
(512937,0),
(512938,0),
(512939,0),
(512940,0),
(512941,0),
(512942,0),
(512943,0),
(512944,0),
(512945,0),
(512946,0),
(512947,0),
(512948,0),
(512949,0),
(512950,0),
(512951,0),
(512952,0),
(512953,0),
(512954,0),
(512955,0),
(512956,0),
(512957,0),
(512958,0),
(512959,0),
(512960,0),
(512961,0),
(512962,0),
(512963,0),
(512964,0),
(512965,0),
(512966,0),
(512967,0),
(512968,0),
(512969,0),
(512970,0),
(512971,0),
(512972,0),
(512973,0),
(512974,0),
(512975,0),
(512976,0),
(512977,0),
(512978,0),
(512979,0),
(512980,0),
(512981,0),
(512982,0),
(512983,0),
(512984,0),
(512985,0),
(512986,0),
(512987,0),
(512988,0),
(512989,0),
(512990,0),
(512991,0),
(512992,0),
(512993,0),
(512994,0),
(512995,0),
(512996,0),
(512997,0),
(512998,0),
(512999,0),
(513000,0),
(513001,0),
(513002,0),
(513003,0),
(513004,0),
(513005,0),
(513006,0),
(513007,0),
(513008,0),
(513009,0),
(513010,0),
(513011,0),
(513012,0),
(513013,0),
(513014,0),
(513015,0),
(513016,0),
(513017,0),
(513018,0),
(513019,0),
(513020,0),
(513021,0),
(513022,0),
(513023,0),
(513024,0),
(513025,0),
(513026,0),
(513027,0),
(513028,0),
(513029,0),
(513030,0),
(513031,0),
(513032,0),
(513033,0),
(513034,0),
(513035,0),
(513036,0),
(513037,0),
(513038,0),
(513039,0),
(513040,0),
(513041,0),
(513042,0),
(513043,0),
(513044,0),
(513045,0),
(513046,0),
(513047,0),
(513048,0),
(513049,0),
(513050,0),
(513051,0),
(513052,0),
(513053,0),
(513054,0),
(513055,0),
(513056,0),
(513057,0),
(513058,0),
(513059,0),
(513060,0),
(513061,0),
(513062,0),
(513063,0),
(513064,0),
(513065,0),
(513066,0),
(513067,0),
(513068,0),
(513069,0),
(513070,0),
(513071,0),
(513072,0),
(513073,0),
(513074,0),
(513075,0),
(513076,0),
(513077,0),
(513078,0),
(513079,0),
(513080,0),
(513081,0),
(513082,0),
(513083,0),
(513084,0),
(513085,0),
(513086,0),
(513087,0),
(513088,0),
(513089,0),
(513090,0),
(513091,0),
(513092,0),
(513093,0),
(513094,0),
(513095,0),
(513096,0),
(513097,0),
(513098,0),
(513099,0),
(513100,0),
(513101,0),
(513102,0),
(513103,0),
(513104,0),
(513105,0),
(513106,0),
(513107,0),
(513108,0),
(513109,0),
(513110,0),
(513111,0),
(513112,0),
(513113,0),
(513114,0),
(513115,0),
(513116,0),
(513117,0),
(513118,0),
(513119,0),
(513120,0),
(513121,0),
(513122,0),
(513123,0),
(513124,0),
(513125,0),
(513126,0),
(513127,0),
(513128,0),
(513129,0),
(513130,0),
(513131,0),
(513132,0),
(513133,0),
(513134,0),
(513135,0),
(513136,0),
(513137,0),
(513138,0),
(513139,0),
(513140,0),
(513141,0),
(513142,0),
(513143,0),
(513144,0),
(513145,0),
(513146,0),
(513147,0),
(513148,0),
(513149,0),
(513150,0),
(513151,0),
(513152,0),
(513153,0),
(513154,0),
(513155,0),
(513156,0),
(513157,0),
(513158,0),
(513159,0),
(513160,0),
(513161,0),
(513162,0),
(513163,0),
(513164,0),
(513165,0),
(513166,0),
(513167,0),
(513168,0),
(513169,0),
(513170,0),
(513171,0),
(513172,0),
(513173,0),
(513174,0),
(513175,0),
(513176,0),
(513177,0),
(513178,0),
(513179,0),
(513180,0),
(513181,0),
(513182,0),
(513183,0),
(513184,0),
(513185,0),
(513186,0),
(513187,0),
(513188,0),
(513189,0),
(513190,0),
(513191,0),
(513192,0),
(513193,0),
(513194,0),
(513195,0),
(513196,0),
(513197,0),
(513198,0),
(513199,0),
(513200,0),
(513201,0),
(513202,0),
(513203,0),
(513204,0),
(513205,0),
(513206,0),
(513207,0),
(513208,0),
(513209,0),
(513210,0),
(513211,0),
(513212,0),
(513213,0),
(513214,0),
(513215,0),
(513216,0),
(513217,0),
(513218,0),
(513219,0),
(513220,0),
(513221,0),
(513222,0),
(513223,0),
(513224,0),
(513225,0),
(513226,0),
(513227,0),
(513228,0),
(513229,0),
(513230,0),
(513231,0),
(513232,0),
(513233,0),
(513234,0),
(513235,0),
(513236,0),
(513237,0),
(513238,0),
(513239,0),
(513240,0),
(513241,0),
(513242,0),
(513243,0),
(513244,0),
(513245,0),
(513246,0),
(513247,0),
(513248,0),
(513249,0),
(513250,0),
(513251,0),
(513252,0),
(513253,0),
(513254,0),
(513255,0),
(513256,0),
(513257,0),
(513258,0),
(513259,0),
(513260,0),
(513261,0),
(513262,0),
(513263,0),
(513264,0),
(513265,0),
(513266,0),
(513267,0),
(513268,0),
(513269,0),
(513270,0),
(513271,0),
(513272,0),
(513273,0),
(513274,0),
(513275,0),
(513276,0),
(513277,0),
(513278,0),
(513279,0),
(513280,0),
(513281,0),
(513282,0),
(513283,0),
(513284,0),
(513285,0),
(513286,0),
(513287,0),
(513288,0),
(513289,0),
(513290,0),
(513291,0),
(513292,0),
(513293,0),
(513294,0),
(513295,0),
(513296,0),
(513297,0),
(513298,0),
(513299,0),
(513300,0),
(513301,0),
(513302,0),
(513303,0),
(513304,0),
(513305,0),
(513306,0),
(513307,0),
(513308,0),
(513309,0),
(513310,0),
(513311,0),
(513312,0),
(513313,0),
(513314,0),
(513315,0),
(513316,0),
(513317,0),
(513318,0),
(513319,0),
(513320,0),
(513321,0),
(513322,0),
(513323,0),
(513324,0),
(513325,0),
(513326,0),
(513327,0),
(513328,0),
(513329,0),
(513330,0),
(513331,0),
(513332,0),
(513333,0),
(513334,0),
(513335,0),
(513336,0),
(513337,0),
(513338,0),
(513339,0),
(513340,0),
(513341,0),
(513342,0),
(513343,0),
(513344,0),
(513345,0),
(513346,0),
(513347,0),
(513348,0),
(513349,0),
(513350,0),
(513351,0),
(513352,0),
(513353,0),
(513354,0),
(513355,0),
(513356,0),
(513357,0),
(513358,0),
(513359,0),
(513360,0),
(513361,0),
(513362,0),
(513363,0),
(513364,0),
(513365,0),
(513366,0),
(513367,0),
(513368,0),
(513369,0),
(513370,0),
(513371,0),
(513372,0),
(513373,0),
(513374,0),
(513375,0),
(513376,0),
(513377,0),
(513378,0),
(513379,0),
(513380,0),
(513381,0),
(513382,0),
(513383,0),
(513384,0),
(513385,0),
(513386,0),
(513387,0),
(513388,0),
(513389,0),
(513390,0),
(513391,0),
(513392,0),
(513393,0),
(513394,0),
(513395,0),
(513396,0),
(513397,0),
(513398,0),
(513399,0),
(513400,0),
(513401,0),
(513402,0),
(513403,0),
(513404,0),
(513405,0),
(513406,0),
(513407,0),
(513408,0),
(513409,0),
(513410,0),
(513411,0),
(513412,0),
(513413,0),
(513414,0),
(513415,0),
(513416,0),
(513417,0),
(513418,0),
(513419,0),
(513420,0),
(513421,0),
(513422,0),
(513423,0),
(513424,0),
(513425,0),
(513426,0),
(513427,0),
(513428,0),
(513429,0),
(513430,0),
(513431,0),
(513432,0),
(513433,0),
(513434,0),
(513435,0),
(513436,0),
(513437,0),
(513438,0),
(513439,0),
(513440,0),
(513441,0),
(513442,0),
(513443,0),
(513444,0),
(513445,0),
(513446,0),
(513447,0),
(513448,0),
(513449,0),
(513450,0),
(513451,0),
(513452,0),
(513453,0),
(513454,0),
(513455,0),
(513456,0),
(513457,0),
(513458,0),
(513459,0),
(513460,0),
(513461,0),
(513462,0),
(513463,0),
(513464,0),
(513465,0),
(513466,0),
(513467,0),
(513468,0),
(513469,0),
(513470,0),
(513471,0),
(513472,0),
(513473,0),
(513474,0),
(513475,0),
(513476,0),
(513477,0),
(513478,0),
(513479,0),
(513480,0),
(513481,0),
(513482,0),
(513483,0),
(513484,0),
(513485,0),
(513486,0),
(513487,0),
(513488,0),
(513489,0),
(513490,0),
(513491,0),
(513492,0),
(513493,0),
(513494,0),
(513495,0),
(513496,0),
(513497,0),
(513498,0),
(513499,0),
(513500,0),
(513501,0),
(513502,0),
(513503,0),
(513504,0),
(513505,0),
(513506,0),
(513507,0),
(513508,0),
(513509,0),
(513510,0),
(513511,0),
(513512,0),
(513513,0),
(513514,0),
(513515,0),
(513516,0),
(513517,0),
(513518,0),
(513519,0),
(513520,0),
(513521,0),
(513522,0),
(513523,0),
(513524,0),
(513525,0),
(513526,0),
(513527,0),
(513528,0),
(513529,0),
(513530,0),
(513531,0),
(513532,0),
(513533,0),
(513534,0),
(513535,0),
(513536,0),
(513537,0),
(513538,0),
(513539,0),
(513540,0),
(513541,0),
(513542,0),
(513543,0),
(513544,0),
(513545,0),
(513546,0),
(513547,0),
(513548,0),
(513549,0),
(513550,0),
(513551,0),
(513552,0),
(513553,0),
(513554,0),
(513555,0),
(513556,0),
(513557,0),
(513558,0),
(513559,0),
(513560,0),
(513561,0),
(513562,0),
(513563,0),
(513564,0),
(513565,0),
(513566,0),
(513567,0),
(513568,0),
(513569,0),
(513570,0),
(513571,0),
(513572,0),
(513573,0),
(513574,0),
(513575,0),
(513576,0),
(513577,0),
(513578,0),
(513579,0),
(513580,0),
(513581,0),
(513582,0),
(513583,0),
(513584,0),
(513585,0),
(513586,0),
(513587,0),
(513588,0),
(513589,0),
(513590,0),
(513591,0),
(513592,0),
(513593,0),
(513594,0),
(513595,0),
(513596,0),
(513597,0),
(513598,0),
(513599,0),
(513600,0),
(513601,0),
(513602,0),
(513603,0),
(513604,0),
(513605,0),
(513606,0),
(513607,0),
(513608,0),
(513609,0),
(513610,0),
(513611,0),
(513612,0),
(513613,0),
(513614,0),
(513615,0),
(513616,0),
(513617,0),
(513618,0),
(513619,0),
(513620,0),
(513621,0),
(513622,0),
(513623,0),
(513624,0),
(513625,0),
(513626,0),
(513627,0),
(513628,0),
(513629,0),
(513630,0),
(513631,0),
(513632,0),
(513633,0),
(513634,0),
(513635,0),
(513636,0),
(513637,0),
(513638,0),
(513639,0),
(513640,0),
(513641,0),
(513642,0),
(513643,0),
(513644,0),
(513645,0),
(513646,0),
(513647,0),
(513648,0),
(513649,0),
(513650,0),
(513651,0),
(513652,0),
(513653,0),
(513654,0),
(513655,0),
(513656,0),
(513657,0),
(513658,0),
(513659,0),
(513660,0),
(513661,0),
(513662,0),
(513663,0),
(513664,0),
(513665,0),
(513666,0),
(513667,0),
(513668,0),
(513669,0),
(513670,0),
(513671,0),
(513672,0),
(513673,0),
(513674,0),
(513675,0),
(513676,0),
(513677,0),
(513678,0),
(513679,0),
(513680,0),
(513681,0),
(513682,0),
(513683,0),
(513684,0),
(513685,0),
(513686,0),
(513687,0),
(513688,0),
(513689,0),
(513690,0),
(513691,0),
(513692,0),
(513693,0),
(513694,0),
(513695,0),
(513696,0),
(513697,0),
(513698,0),
(513699,0),
(513700,0),
(513701,0),
(513702,0),
(513703,0),
(513704,0),
(513705,0),
(513706,0),
(513707,0),
(513708,0),
(513709,0),
(513710,0),
(513711,0),
(513712,0),
(513713,0),
(513714,0),
(513715,0),
(513716,0),
(513717,0),
(513718,0),
(513719,0),
(513720,0),
(513721,0),
(513722,0),
(513723,0),
(513724,0),
(513725,0),
(513726,0),
(513727,0),
(513728,0),
(513729,0),
(513730,0),
(513731,0),
(513732,0),
(513733,0),
(513734,0),
(513735,0),
(513736,0),
(513737,0),
(513738,0),
(513739,0),
(513740,0),
(513741,0),
(513742,0),
(513743,0),
(513744,0),
(513745,0),
(513746,0),
(513747,0),
(513748,0),
(513749,0),
(513750,0),
(513751,0),
(513752,0),
(513753,0),
(513754,0),
(513755,0),
(513756,0),
(513757,0),
(513758,0),
(513759,0),
(513760,0),
(513761,0),
(513762,0),
(513763,0),
(513764,0),
(513765,0),
(513766,0),
(513767,0),
(513768,0),
(513769,0),
(513770,0),
(513771,0),
(513772,0),
(513773,0),
(513774,0),
(513775,0),
(513776,0),
(513777,0),
(513778,0),
(513779,0),
(513780,0),
(513781,0),
(513782,0),
(513783,0),
(513784,0),
(513785,0),
(513786,0),
(513787,0),
(513788,0),
(513789,0),
(513790,0),
(513791,0),
(513792,0),
(513793,0),
(513794,0),
(513795,0),
(513796,0),
(513797,0),
(513798,0),
(513799,0),
(513800,0),
(513801,0),
(513802,0),
(513803,0),
(513804,0),
(513805,0),
(513806,0),
(513807,0),
(513808,0),
(513809,0),
(513810,0),
(513811,0),
(513812,0),
(513813,0),
(513814,0),
(513815,0),
(513816,0),
(513817,0),
(513818,0),
(513819,0),
(513820,0),
(513821,0),
(513822,0),
(513823,0),
(513824,0),
(513825,0),
(513826,0),
(513827,0),
(513828,0),
(513829,0),
(513830,0),
(513831,0),
(513832,0),
(513833,0),
(513834,0),
(513835,0),
(513836,0),
(513837,0),
(513838,0),
(513839,0),
(513840,0),
(513841,0),
(513842,0),
(513843,0),
(513844,0),
(513845,0),
(513846,0),
(513847,0),
(513848,0),
(513849,0),
(513850,0),
(513851,0),
(513852,0),
(513853,0),
(513854,0),
(513855,0),
(513856,0),
(513857,0),
(513858,0),
(513859,0),
(513860,0),
(513861,0),
(513862,0),
(513863,0),
(513864,0),
(513865,0),
(513866,0),
(513867,0),
(513868,0),
(513869,0),
(513870,0),
(513871,0),
(513872,0),
(513873,0),
(513874,0),
(513875,0),
(513876,0),
(513877,0),
(513878,0),
(513879,0),
(513880,0),
(513881,0),
(513882,0),
(513883,0),
(513884,0),
(513885,0),
(513886,0),
(513887,0),
(513888,0),
(513889,0),
(513890,0),
(513891,0),
(513892,0),
(513893,0),
(513894,0),
(513895,0),
(513896,0),
(513897,0),
(513898,0),
(513899,0),
(513900,0),
(513901,0),
(513902,0),
(513903,0),
(513904,0),
(513905,0),
(513906,0),
(513907,0),
(513908,0),
(513909,0),
(513910,0),
(513911,0),
(513912,0),
(513913,0),
(513914,0),
(513915,0),
(513916,0),
(513917,0),
(513918,0),
(513919,0),
(513920,0),
(513921,0),
(513922,0),
(513923,0),
(513924,0),
(513925,0),
(513926,0),
(513927,0),
(513928,0),
(513929,0),
(513930,0),
(513931,0),
(513932,0),
(513933,0),
(513934,0),
(513935,0),
(513936,0),
(513937,0),
(513938,0),
(513939,0),
(513940,0),
(513941,0),
(513942,0),
(513943,0),
(513944,0),
(513945,0),
(513946,0),
(513947,0),
(513948,0),
(513949,0),
(513950,0),
(513951,0),
(513952,0),
(513953,0),
(513954,0),
(513955,0),
(513956,0),
(513957,0),
(513958,0),
(513959,0),
(513960,0),
(513961,0),
(513962,0),
(513963,0),
(513964,0),
(513965,0),
(513966,0),
(513967,0),
(513968,0),
(513969,0),
(513970,0),
(513971,0),
(513972,0),
(513973,0),
(513974,0),
(513975,0),
(513976,0),
(513977,0),
(513978,0),
(513979,0),
(513980,0),
(513981,0),
(513982,0),
(513983,0),
(513984,0),
(513985,0),
(513986,0),
(513987,0),
(513988,0),
(513989,0),
(513990,0),
(513991,0),
(513992,0),
(513993,0),
(513994,0),
(513995,0),
(513996,0),
(513997,0),
(513998,0),
(513999,0),
(514000,0),
(514001,0),
(514002,0),
(514003,0),
(514004,0),
(514005,0),
(514006,0),
(514007,0),
(514008,0),
(514009,0),
(514010,0),
(514011,0),
(514012,0),
(514013,0),
(514014,0),
(514015,0),
(514016,0),
(514017,0),
(514018,0),
(514019,0),
(514020,0),
(514021,0),
(514022,0),
(514023,0),
(514024,0),
(514025,0),
(514026,0),
(514027,0),
(514028,0),
(514029,0),
(514030,0),
(514031,0),
(514032,0),
(514033,0),
(514034,0),
(514035,0),
(514036,0),
(514037,0),
(514038,0),
(514039,0),
(514040,0),
(514041,0),
(514042,0),
(514043,0),
(514044,0),
(514045,0),
(514046,0),
(514047,0),
(514048,0),
(514049,0),
(514050,0),
(514051,0),
(514052,0),
(514053,0),
(514054,0),
(514055,0),
(514056,0),
(514057,0),
(514058,0),
(514059,0),
(514060,0),
(514061,0),
(514062,0),
(514063,0),
(514064,0),
(514065,0),
(514066,0),
(514067,0),
(514068,0),
(514069,0),
(514070,0),
(514071,0),
(514072,0),
(514073,0),
(514074,0),
(514075,0),
(514076,0),
(514077,0),
(514078,0),
(514079,0),
(514080,0),
(514081,0),
(514082,0),
(514083,0),
(514084,0),
(514085,0),
(514086,0),
(514087,0),
(514088,0),
(514089,0),
(514090,0),
(514091,0),
(514092,0),
(514093,0),
(514094,0),
(514095,0),
(514096,0),
(514097,0),
(514098,0),
(514099,0),
(514100,0),
(514101,0),
(514102,0),
(514103,0),
(514104,0),
(514105,0),
(514106,0),
(514107,0),
(514108,0),
(514109,0),
(514110,0),
(514111,0),
(514112,0),
(514113,0),
(514114,0),
(514115,0),
(514116,0),
(514117,0),
(514118,0),
(514119,0),
(514120,0),
(514121,0),
(514122,0),
(514123,0),
(514124,0),
(514125,0),
(514126,0),
(514127,0),
(514128,0),
(514129,0),
(514130,0),
(514131,0),
(514132,0),
(514133,0),
(514134,0),
(514135,0),
(514136,0),
(514137,0),
(514138,0),
(514139,0),
(514140,0),
(514141,0),
(514142,0),
(514143,0),
(514144,0),
(514145,0),
(514146,0),
(514147,0),
(514148,0),
(514149,0),
(514150,0),
(514151,0),
(514152,0),
(514153,0),
(514154,0),
(514155,0),
(514156,0),
(514157,0),
(514158,0),
(514159,0),
(514160,0),
(514161,0),
(514162,0),
(514163,0),
(514164,0),
(514165,0),
(514166,0),
(514167,0),
(514168,0),
(514169,0),
(514170,0),
(514171,0),
(514172,0),
(514173,0),
(514174,0),
(514175,0),
(514176,0),
(514177,0),
(514178,0),
(514179,0),
(514180,0),
(514181,0),
(514182,0),
(514183,0),
(514184,0),
(514185,0),
(514186,0),
(514187,0),
(514188,0),
(514189,0),
(514190,0),
(514191,0),
(514192,0),
(514193,0),
(514194,0),
(514195,0),
(514196,0),
(514197,0),
(514198,0),
(514199,0),
(514200,0),
(514201,0),
(514202,0),
(514203,0),
(514204,0),
(514205,0),
(514206,0),
(514207,0),
(514208,0),
(514209,0),
(514210,0),
(514211,0),
(514212,0),
(514213,0),
(514214,0),
(514215,0),
(514216,0),
(514217,0),
(514218,0),
(514219,0),
(514220,0),
(514221,0),
(514222,0),
(514223,0),
(514224,0),
(514225,0),
(514226,0),
(514227,0),
(514228,0),
(514229,0),
(514230,0),
(514231,0),
(514232,0),
(514233,0),
(514234,0),
(514235,0),
(514236,0),
(514237,0),
(514238,0),
(514239,0),
(514240,0),
(514241,0),
(514242,0),
(514243,0),
(514244,0),
(514245,0),
(514246,0),
(514247,0),
(514248,0),
(514249,0),
(514250,0),
(514251,0),
(514252,0),
(514253,0),
(514254,0),
(514255,0),
(514256,0),
(514257,0),
(514258,0),
(514259,0),
(514260,0),
(514261,0),
(514262,0),
(514263,0),
(514264,0),
(514265,0),
(514266,0),
(514267,0),
(514268,0);

/* Table structure for table `oc_t_country_stats` */
CREATE TABLE IF NOT EXISTS `oc_t_country_stats` (
  `fk_c_country_code` char(2) NOT NULL,
  `i_num_items` int(10) unsigned NOT NULL DEFAULT '0',
  PRIMARY KEY (`fk_c_country_code`),
  KEY `idx_num_items` (`i_num_items`),
  CONSTRAINT `oc_t_country_stats_ibfk_1` FOREIGN KEY (`fk_c_country_code`) REFERENCES `oc_t_country` (`pk_c_code`)
) ENGINE=InnoDB DEFAULT CHARSET=utf8;

/* dumping data for table `oc_t_country_stats` */
insert into `oc_t_country_stats` values
('JP',0);

/* Table structure for table `oc_t_latest_searches` */
CREATE TABLE IF NOT EXISTS `oc_t_latest_searches` (
  `d_date` datetime NOT NULL,
  `s_search` varchar(255) NOT NULL
) ENGINE=InnoDB DEFAULT CHARSET=utf8;


/* Table structure for table `oc_t_locations_tmp` */
CREATE TABLE IF NOT EXISTS `oc_t_locations_tmp` (
  `id_location` varchar(10) NOT NULL,
  `e_type` enum('COUNTRY','REGION','CITY') NOT NULL,
  PRIMARY KEY (`id_location`,`e_type`)
) ENGINE=InnoDB DEFAULT CHARSET=utf8;


/* Table structure for table `oc_t_log` */
CREATE TABLE IF NOT EXISTS `oc_t_log` (
  `dt_date` datetime NOT NULL,
  `s_section` varchar(50) NOT NULL,
  `s_action` varchar(50) NOT NULL,
  `fk_i_id` int(10) unsigned NOT NULL,
  `s_data` varchar(250) NOT NULL,
  `s_ip` varchar(50) NOT NULL,
  `s_who` varchar(50) NOT NULL,
  `fk_i_who_id` int(10) unsigned NOT NULL
) ENGINE=InnoDB DEFAULT CHARSET=utf8;

/* dumping data for table `oc_t_log` */
insert into `oc_t_log` values
('2019-07-03 20:55:57','item','add',1,'Example Ad','126.26.238.104','admin',0);

/* Table structure for table `oc_t_region_stats` */
CREATE TABLE IF NOT EXISTS `oc_t_region_stats` (
  `fk_i_region_id` int(10) unsigned NOT NULL,
  `i_num_items` int(10) unsigned NOT NULL DEFAULT '0',
  PRIMARY KEY (`fk_i_region_id`),
  KEY `idx_num_items` (`i_num_items`),
  CONSTRAINT `oc_t_region_stats_ibfk_1` FOREIGN KEY (`fk_i_region_id`) REFERENCES `oc_t_region` (`pk_i_id`)
) ENGINE=InnoDB DEFAULT CHARSET=utf8;

/* dumping data for table `oc_t_region_stats` */
insert into `oc_t_region_stats` values
(782811,0),
(782812,0),
(782813,0),
(782814,0),
(782815,0),
(782816,0),
(782817,0),
(782818,0),
(782819,0),
(782820,0),
(782821,0),
(782822,0),
(782823,0),
(782824,0),
(782825,0),
(782826,0),
(782827,0),
(782828,0),
(782829,0),
(782830,0),
(782831,0),
(782832,0),
(782833,0),
(782834,0),
(782835,0),
(782836,0),
(782837,0),
(782838,0),
(782839,0),
(782840,0),
(782841,0),
(782842,0),
(782843,0),
(782844,0),
(782845,0),
(782846,0),
(782847,0),
(782848,0),
(782849,0),
(782850,0),
(782851,0),
(782852,0),
(782853,0),
(782854,0),
(782855,0),
(782856,0),
(782857,0);

/* Table structure for table `oc_t_user_email_tmp` */
CREATE TABLE IF NOT EXISTS `oc_t_user_email_tmp` (
  `fk_i_user_id` int(10) unsigned NOT NULL,
  `s_new_email` varchar(100) NOT NULL,
  `dt_date` datetime NOT NULL,
  PRIMARY KEY (`fk_i_user_id`),
  CONSTRAINT `oc_t_user_email_tmp_ibfk_1` FOREIGN KEY (`fk_i_user_id`) REFERENCES `oc_t_user` (`pk_i_id`)
) ENGINE=InnoDB DEFAULT CHARSET=utf8;


